rank,address,holdings_phl,percentage,label,entity,is_contract
1,0x633a94b6e161a43f3fd8fe8874eb2f1912f250df,1759763781,35.195276,Treasury,"Philanthropy Vesting",true
2,0x72349caff75f97e4189f00d2fdbe1e50efb18367,749801285,14.996026,Treasury,"Treasury Safe",true
3,0x775e184d9865148046c6a6a0ceaff847789da791,400000000,8,Treasury,"Strategic Vesting",true
4,0x0d7a457e15dc3c12005c414995155ce7ca2e87ab,400000000,8,Team,"Team Vesting",true
5,0x49eb2660c673f2f525a66a21f1e8190e1ed21523,307864574,6.157291,Treasury,"Treasury Vesting",true
6,0x3a33dca0692bf8b26005b060ceccfaa635a73b98,211889440,4.237789,Treasury,"CrossChain Vesting",true
7,0xf85ecebf8f13c46151bbcca30951980932e9cf0a,152142626,3.042853,Treasury,"Foundation Vesting",true
8,0x0a3ce65bf86de3e94b174676a5dd8122403a123a,150000000,3,Treasury,"Reserve",true
9,0x2992759e1f443aac6da7dfbcd4c1184c8bfc199d,94999943,1.899999,Treasury,"Operations",false
10,0x51e3d44172868acc60d68ca99591ce4230bc75e0,90523488,1.81047,Exchange,"MEXC",false
11,0x4af6c3afd5a8c9b1b03dceac46612417471b296a,75258113,1.505162,Unknown,,true
12,0xe9ee9f2857b559c67dd03576a1c74589a6af6197,72261644,1.445233,Exchange,"BitMart",false
13,0x4a40ee3974d6235b551e77f2f23159a066da8924,62500300,1.250006,Unknown,,true
14,0xaf0a0b7b731a7722b11d24f30c1c1d06dfe81817,57569398,1.151388,Unknown,,false
15,0xc9354fd5108be674aa2813e65f19d11d47be447f,30219842,0.604397,Unknown,,false
16,0x6e2df6e59d8b5c3585f3e27e049b025bf5872155,23010326,0.460207,Unknown,,false
17,0x7458b0d0fe820ff079a36b0fef75d6dc9a41c7de,21900010,0.438,Unknown,,false
18,0x9abc90c5dbad16303b82f16622915a7b1d15c487,21881628,0.437633,Unknown,,false
19,0x4233903f4df309a230865046a6f440d026ce33bb,20000106,0.400002,Unknown,,false
20,0x686e76d82ff32fc974664e1d41bf2ae71336ec25,18000000,0.36,Unknown,,false
21,0x0c28a26303c292fede3b22451f1a1b9c7a1b4209,17388957,0.347779,Treasury,"Gnosis Safe",true
22,0x32b904c7b0611ffd547a4b0822b2043d7d70b469,16623106,0.332462,Unknown,,false
23,0x1233026aeae1733ec0460e528f79c51dbd899bf4,13579005,0.27158,Unknown,,false
24,0x32b07536cd2705daf0601c9a26e47488a7fb6e99,11745773,0.234915,Unknown,,false
25,0xc528cd85835d7554fc2797cd02c989b743257f15,11194386,0.223888,Unknown,,false
26,0x01d43f5a2b458f4bab76173b3768d04c33ed550a,8723833,0.174477,Unknown,,false
27,0xf8c948732c245fe8af81024002404deefb684a7a,8077722,0.161554,Unknown,,false
28,0xdedff32b8be61b1df8462732b83451c622fcddf8,7810764,0.156215,Unknown,,false
29,0xb4bd363d9ba6cf4060d11bcec1931614829ce570,7000101,0.140002,Unknown,,false
30,0x61ae7f60abe70cee4dd5f0bfa2921e6246f37794,6437006,0.12874,Unknown,,false
31,0x0ab289da7a64d87ab38c61a36e1d9b61435e7a13,6140811,0.122816,Unknown,,false
32,0xf869955c8aa81dfc4289b52bd9726c0e95f6c906,5926275,0.118526,Unknown,,false
33,0x5a204b98a4812c6e229ee757d3e9707dea39dce2,5000969,0.100019,Unknown,,false
34,0x8d396e0a0acb8b217c09e5179950e17b75ae4de8,4300000,0.086,Unknown,,false
35,0x0cc4e6ea2a43f4cb975038a3ac3df7a86837ef97,3319932,0.066399,Unknown,,false
36,0xc1080900699321bf4d3257aef3b48612ec500d1d,3216782,0.064336,Unknown,,false
37,0x931b172cb60cc34dc02f3eb329d041f7ccc5d42b,3153962,0.063079,Unknown,,false
38,0x0e0a7234eaa20437325291e13463a5bd5ec17475,3041667,0.060833,Unknown,,false
39,0xd7f21f214df98254e79e445ca57a61c8cb52da0a,3003766,0.060075,Unknown,,false
40,0x783ebde0290716bf0a5def726d1ca0ee818270b9,2875559,0.057511,Unknown,,false
41,0x725ff9ef612f0bbe4e033d3db477c0fb000800b2,2604943,0.052099,Unknown,,false
42,0xf0276919c10d3f3985475dd05c1cae4781b97cb2,2500005,0.05,Unknown,,false
43,0xd221cf01d0e4ce084f337d2ff0f24ae3bef434d3,2481996,0.04964,Unknown,,false
44,0x9d1621f27ad89de0faf833525abf4988402811d4,2393084,0.047862,Unknown,,false
45,0xaddef627d392c7534fc8796ce4f2d4a382f7a233,2275110,0.045502,Unknown,,false
46,0xc2f860766a46ebc58229facc111e5a31a4ea4df8,2250105,0.045002,Unknown,,false
47,0x17d01860373f918b3e8ca37618c05d60aa7e85f2,2206501,0.04413,Unknown,,false
48,0x059abd55b1c8fe50039333cd6151ce683e1f6e27,2030355,0.040607,Unknown,,false
49,0xd4c9980371c9105a5951a17853131fc9187050fe,2000100,0.040002,Unknown,,false
50,0x206e8d7e2e91106eba23357d300c5e2b0afa92b7,2000009,0.04,Unknown,,false
51,0xe7ec0405e46788420fcfdcf840789a4b349ef039,2000008,0.04,Unknown,,false
52,0xbb0a9e1faac639c6adbd84d72ce4e084fddd0a71,2000008,0.04,Unknown,,false
53,0x6c2c309961e3c1957332a2e83d07b066c66d3dfb,2000008,0.04,Unknown,,false
54,0x33489d76ceddfc825b7e4ed2517684bbec99766a,2000008,0.04,Unknown,,false
55,0x1447c4848d393d03ebd26afdab7f145f88647a35,2000008,0.04,Unknown,,false
56,0x8d7925a1438d6759cc9f47805171d115a224da49,2000000,0.04,Unknown,,false
57,0x1d0eae05734d6f96cc77cb5ad56543ebd400ae6c,2000000,0.04,Unknown,,false
58,0x7b39c6087dd2b191e711f202c430e9ba2c2b7f71,1973318,0.039466,Unknown,,false
59,0x9e3cd408326a4fff0b640e33f55465a700d01213,1917202,0.038344,Unknown,,false
60,0x684761c59cfda38bb9668c5a6283065470f58ea7,1799273,0.035985,Unknown,,false
61,0x65da4a9589fb0e7aeb1a8241e32afb1cc026961a,1793492,0.03587,Unknown,,false
62,0x2c0bb97cf2a33b7f15594fd8a4c44e99b8669782,1781690,0.035634,Unknown,,false
63,0x6ca12054ea8c8ec033bc0de04b39a59dcd03ca8d,1727517,0.03455,Unknown,,false
64,0x1526e3dc18a6537642b83bdeb113443bfc13b036,1550000,0.031,Unknown,,false
65,0x5ff1a82a29fecd7e2e1fa5588f1f839239d793b0,1540084,0.030802,Unknown,,false
66,0x3d404985f3fd03b36299dbf6af3e1d332db43027,1501105,0.030022,Unknown,,false
67,0xaa797fc8df9d625c0425ca7d74783f00630377ec,1500155,0.030003,Unknown,,false
68,0x4e8c33e9a8679e06085b3aff4994df7f777b0a49,1500000,0.03,Unknown,,false
69,0xfbb7c56caf3f8368a5e42f7a24964aff7a2d0ae4,1493711,0.029874,Unknown,,false
70,0x4d767a1fda9df481ad46287ee70c217d19524d4a,1450005,0.029,Unknown,,false
71,0xc9d5333ee25c7084e31d1e9ed8ba5e132d726f82,1250000,0.025,Unknown,,false
72,0x73f119e6a28bab1f6c2a7cddfe9fe8ba7b790678,1250000,0.025,Unknown,,false
73,0xb4ec0683b809e4ec2ce17ef8d0bb09984df8fbfe,1226095,0.024522,Unknown,,false
74,0xd521942b399803c58d514865181a3420a7353ba2,1200545,0.024011,Unknown,,false
75,0x80959faadd1c144407651d0ee453cd339ea65575,1094446,0.021889,Unknown,,false
76,0xc75fe63095bb5eef8d9e30f753b7309dbb6a4aaf,1071328,0.021427,Unknown,,false
77,0x9706f5678aeae50609c71e08fa45f470175378db,1050820,0.021016,Unknown,,false
78,0x3c21f7e852fa344532a35dcdf37d24960685b5e3,1015231,0.020305,Unknown,,false
79,0xf876c2db10d085e7ad0cf91e85e54d2d337d303a,1003000,0.02006,Unknown,,false
80,0x263f650f5f129012a6cbefc0d7e6a8e8c38dbc49,1001000,0.02002,Unknown,,false
81,0x2c5fe6497af2704b6135b5890c42589f9c4dfcca,1000003,0.02,Unknown,,false
82,0x2fa76566c3a587c5fb23c110d6185eda14bad3f6,1000000,0.02,Unknown,,false
83,0xc9c99b759875d1329d1f0b317ee7cb96e45a34ec,1000000,0.02,Unknown,,false
84,0x9aea593ce5afe9307c64373762e3f8f534982e06,1000000,0.02,Unknown,,false
85,0x70e7765dfb3e7e30845bea6738705be8ed05ffa1,1000000,0.02,Unknown,,false
86,0xa31e47fa7fd20e4e9f9fb93619949bd70dbee2be,999905,0.019998,Unknown,,false
87,0x54437f68591a679b59f52acbd700f851aeab7862,968061,0.019361,Unknown,,false
88,0x06856835cde1e9ba96ace40268abaa8342e88ccf,875000,0.0175,Unknown,,false
89,0x804ca6373b4baa675aa46818fe20d578e66ad348,866000,0.01732,Unknown,,false
90,0x060292ca81c0a378f12459c090ef4bf88e202764,835015,0.0167,Unknown,,false
91,0xd33d51fe92b682a0ea9486fb34873feb3455ba39,801472,0.016029,Unknown,,false
92,0x00860c9fa0a766595b5f9efe24a04c3c3c0eeeb3,775000,0.0155,Unknown,,false
93,0x17fde759f60bb0f67e69d2ec4632d39ea59ae0d3,760000,0.0152,Unknown,,false
94,0xe45cce90e0f35d0ea8487a979ab123b61b9d8715,751535,0.015031,Unknown,,false
95,0x53618803c7afaa0601b09335eea4fc03d07e5033,700255,0.014005,Unknown,,false
96,0x6def86f3d105e6ece5dfd5129c9c8c94f98594b5,695804,0.013916,Unknown,,false
97,0x4f1db120008cda63ad2d38b1a72ce94127fddc3c,660962,0.013219,Unknown,,false
98,0x7bcf6300e10ec2a514f508287086e8864f9ce62e,639709,0.012794,Unknown,,false
99,0xde6a61d6aacdbb682088c01bc7e06551e53329be,627842,0.012557,Unknown,,false
100,0x649fb67466e1307dadbb83619f2059059695f5e2,626845,0.012537,Unknown,,false
101,0x2af323bc4ec7f63ac032a6a1971809b1d3d3f068,625000,0.0125,Unknown,,false
102,0x4a3bc82291b092cd50935f0be5543d60c0efcf4e,623644,0.012473,Unknown,,false
103,0x65142646eeb17669585771835141a6a07e195d00,600000,0.012,Unknown,,false
104,0xf97da2b831d98723d1ff8ea9c69cb5df42c35a35,592010,0.01184,Unknown,,false
105,0x759c0032ce9c778926e0ffb63c5969585341b8d2,577611,0.011552,Unknown,,false
106,0xf13f67039362c0d40b2bf4f92340cebab01a736e,555560,0.011111,Unknown,,false
107,0x9327edae99a54b0ed75badae3fbe9355f9989231,550417,0.011008,Unknown,,false
108,0x8b5c57e6565c990d662b6d460c6e81a20d4d62a8,540187,0.010804,Unknown,,false
109,0x986fe594958ebc635762d36eed236528f4af0bd5,530379,0.010608,Unknown,,false
110,0x436b641b401da4f0502683b4b85b77230c542afb,500958,0.010019,Unknown,,false
111,0xe8179059ef4fe276172a557c52012266be50481e,500180,0.010004,Unknown,,false
112,0xe6e1bd8d080f60252b9b2096e2db9b80a71cd210,500032,0.010001,Unknown,,false
113,0xfb0f85d0d05ab3d7529a5a23afecdd0f276a2060,500000,0.01,Unknown,,false
114,0x514b2851fbb0ecca70c9eccb00db2fea16c7aa7c,500000,0.01,Unknown,,false
115,0x3b6292ff94aab8746e0af4dd25dd8c57863a5a7c,467622,0.009352,Unknown,,true
116,0x21393f054f00dce0a71e08eb741bded3f26452b1,442043,0.008841,Unknown,,false
117,0x84cee1c1eadf1a9b1451a937b8a1f46123693682,433005,0.00866,Unknown,,false
118,0xca70fdfd8a0d3e6f8cb732128f2790abca316061,421997,0.00844,Unknown,,false
119,0xa00156e1dd8425d3f7a9711cddf05004dc7356d3,421790,0.008436,Unknown,,false
120,0x7a58dcb4e7b3d0950bd1d0f678d8d8da915d21a7,421054,0.008421,Unknown,,false
121,0xe75959c7a4be727886d65a7ec3de198057fec4fc,418560,0.008371,Unknown,,false
122,0x9ecfd72f956889b4579fa4bcaebf4605412dcbb9,416666,0.008333,Unknown,,false
123,0xea5838b57ded6fcda656d5aa0f88c31b7b477840,409789,0.008196,Unknown,,true
124,0xd627787170aaccad498626f0f192278a07c6e7f9,396726,0.007935,Unknown,,false
125,0xf29e788c9220d775676a406dd28d69005c9c8df8,389186,0.007784,Unknown,,false
126,0xa33e35f52af60050f7fa956c6d3333720d48efef,383112,0.007662,Unknown,,false
127,0x740c4fda9e4a98d5959c52ecbed12ddc44140697,370375,0.007408,Unknown,,false
128,0xdb3ded7731c781224ec292e2163d9554c094fd7c,364949,0.007299,Exchange,"XT.com: Hot Wallet",false
129,0x5d1641885369d46e64a0ad1abe527505489a7670,362826,0.007257,Unknown,,false
130,0x649fb374b57f10d2f9ea86e5bfe3b8f2e990f248,361213,0.007224,Unknown,,false
131,0x85a0b2b5020c5601746c8f7089bf1c8fced87243,357131,0.007143,Unknown,,false
132,0xb18ba25665abfccb18d5f89d63f2cf2a4481e5b5,353069,0.007061,Unknown,,false
133,0x82aee56984a0fdc14e492914fc5556c4b2f1a16c,351100,0.007022,Unknown,,false
134,0x04a5a456facd20f3750af005e3f924dcb2fe92c6,349987,0.007,Unknown,,false
135,0xe4a4534e6427bd744c6749f484977ec6b7b40ffd,344915,0.006898,Unknown,,false
136,0x8e327a2a1039677d7556831e614f73f7a9476905,337353,0.006747,Unknown,,false
137,0xb7d97bc0ba4f9774f97976741b6f3b9d39749c8d,335766,0.006715,Unknown,,false
138,0x619f10f5f91969fde4ad71c115b6a25e73e93872,333333,0.006667,Unknown,,false
139,0x9e8701f95bf53d28d86748835393bd4de089acbd,333333,0.006667,Unknown,,false
140,0x71ef27ed4cd7358413acec4b9f8da044171c2e0d,333333,0.006667,Unknown,,false
141,0x08bfd36755ee5a5fd3630310062ac27f0108dd63,321667,0.006433,Unknown,,false
142,0xe62c12930e460901ad48dfc6adefc5509bfa4427,320000,0.0064,Unknown,,false
143,0x7dd0e713500d88dd4b456155df19c5a90f82f3a4,319800,0.006396,Unknown,,false
144,0xa8968c784065290ca8302b47713b9f1513c5db46,312500,0.00625,Unknown,,false
145,0x888dcac756d9827d2dd5f43db9b46523e24f95a9,312500,0.00625,Unknown,,false
146,0x26ab631141ac7361f33a57b91cab4ef77d050375,312500,0.00625,Unknown,,false
147,0xca03153a2a79f0d2c0e8f28814cf92847c364b04,309957,0.006199,Unknown,,false
148,0xf977f7b60fdcef8aee596d3bf0f235ebb9081cfd,300632,0.006013,Unknown,,false
149,0xf7ab26426ab28258c9606dd62a485322f9dc502e,300101,0.006002,Unknown,,false
150,0x86fb0eee89848ec2415f8ac0284e18c9d90104f5,300000,0.006,Unknown,,false
151,0x2868f7cf0851177d0507ec82fba21dbb3f467fa5,290475,0.005809,Unknown,,false
152,0x73e320cf6507959615cefd32f5ac40a5d093eebb,287500,0.00575,Unknown,,false
153,0xf56c613d78390eff35741e61266defd2b0fbf646,278780,0.005576,Unknown,,false
154,0x53a33d1cd4a8c45917011fd8168fa1da65123708,273126,0.005463,Unknown,,false
155,0x0c758ea59cca3e4d57164b5dc075fe1280c708b7,270250,0.005405,Unknown,,false
156,0x31dfc8cf61381b841c4940bb4ef7f3711aa442aa,265572,0.005311,Unknown,,false
157,0x61d288c3f6def6a1b0eaa58704725974ac6f0bae,264475,0.005289,Unknown,,false
158,0x76d9ceb0a9962ea88b97ffcbdb395966a588c572,262911,0.005258,Unknown,,false
159,0x9a51905246f15518ff1674203efec8e1fae8b7d3,258625,0.005173,Unknown,,false
160,0x023e92f43a8f76a11f1c77f07fb9ccfdc15282e3,253831,0.005077,Unknown,,false
161,0xfb9165811d090fd3fb565c6213e2f1cc58f90801,251005,0.00502,Unknown,,false
162,0xf3a70d3a9029b02c28d7950e90a8d92c23abadbb,250303,0.005006,Unknown,,false
163,0xd45702c55e2fe32c29010440b6ba60a5540c1873,250000,0.005,Unknown,,false
164,0x7b3e300d2ce638932ac5f3827d63f24e41c3f928,250000,0.005,Unknown,,false
165,0x6129bfeed491cc78f50e2858f5853a9337527916,250000,0.005,Unknown,,false
166,0x5cdb16c1d55e1f4657ea69a22287f8ae290066cb,250000,0.005,Unknown,,false
167,0xeb6c30dff774359d9dc3437c334441c1278b194e,247518,0.00495,Unknown,,false
168,0xe0d31e340421897c452ad422450bf2d4c191c502,240377,0.004808,Unknown,,false
169,0x5d2e2ea798f3f6cd378d8a30713c3fd50ba41096,225584,0.004512,Unknown,,false
170,0x6d33248d69772acbd4001093b32f8f0132f49ec8,225000,0.0045,Unknown,,false
171,0xde538ee14c227ff1a60cb0ff4984816f83634107,221565,0.004431,Unknown,,false
172,0xc6162829c03e66d0849a9c03c610b10d6ecaf826,220833,0.004417,Unknown,,false
173,0xcd1f5e64ad1161aa005d709404af9b8531f9053d,219603,0.004392,Unknown,,false
174,0xabcbad6dc78af99bc2b4aac6158794e7bf60a21b,219000,0.00438,Unknown,,false
175,0xdbf70b40b66596cfaba53fe1cc425696bf08f1b9,215000,0.0043,Unknown,,false
176,0x85cf82287cf60f916fd87aee356a5836408fd991,212825,0.004257,Unknown,,false
177,0xd3ef45a7f74ffb45d9296507733e07902073541f,210536,0.004211,Unknown,,false
178,0xb504691fc5332883d8c0902b648b09826e2e1b84,205303,0.004106,Unknown,,false
179,0xe9269d504a79d9fbd5c4670aee9877754a378dd4,200334,0.004007,Unknown,,false
180,0x92b1e6764898a94214c64f7f25e47653e6f26f54,200130,0.004003,Unknown,,false
181,0xfad529765f641a127795ecfef4e5199641bfeddd,200000,0.004,Unknown,,false
182,0x63d4cc06fdf672dfb2f40fbebc80cff74a9ebdbe,200000,0.004,Unknown,,false
183,0x0c9f03e3374d50f033fe25dc48a9456cb3831663,198817,0.003976,Unknown,,false
184,0x0e0be3a48ac456c737c36beac0056adf7fa988db,187505,0.00375,Unknown,,false
185,0xc7735e1689e77d53d403f8b81b0a2fa3c6525630,181842,0.003637,Unknown,,false
186,0xefaa984f6460e7d36470b77a1f2f0dda48cad665,176383,0.003528,Unknown,,false
187,0xb0c68cdeb84a7c3b26d86dcab05e8946a92d5bc8,171295,0.003426,Unknown,,false
188,0x9c38046cdf710419e132e9271fb966c93bb58c47,166667,0.003333,Unknown,,false
189,0x4a0555dd80a31d6faf86251941bef16d6cfe7885,166667,0.003333,Unknown,,false
190,0x3616de366149d6888699f00bcf1405c710a65aa4,166667,0.003333,Unknown,,false
191,0xbefd89bbd0cadac4df32f33d2cf92ce584323e99,160000,0.0032,Unknown,,false
192,0x68cf6e3acf8aca29994f645c2b9e8e7e2593f4b2,158382,0.003168,Unknown,,false
193,0x30b9e9505537c4110ef87d029be6420059c28bb6,154421,0.003088,Unknown,,false
194,0x5e417b620607d27b50bbec43492e62c264a93d59,152294,0.003046,Unknown,,false
195,0x5397ca58b523722d641509063386bec22e2ee732,151412,0.003028,Unknown,,false
196,0x91b7a66100c32416211c11ec195a74eae5190259,150404,0.003008,Unknown,,false
197,0x529143513d5e6d410d161754f1b3d9d4e843a29a,150000,0.003,Unknown,,false
198,0xa1581f2bbe48561e22d8225b3f859c974a76fea0,149393,0.002988,Unknown,,false
199,0xa428fca37a2693c398f202af6202e4bae2343c39,149251,0.002985,Unknown,,false
200,0x042f731b72eeef281e48c055eb4be8481ea9d9a6,149001,0.00298,Unknown,,false
201,0x7d03c45a58302da8d59357d133309c120c0330b1,147158,0.002943,Unknown,,false
202,0xd92f30b9b01256d2bd30d7ca44425d9a20d602e0,145835,0.002917,Unknown,,false
203,0x587b48d3cdc7f16e071982604d04175368e499ed,144405,0.002888,Unknown,,false
204,0x2f6fe4941a10ec1938a40453f1b25faed4d7bf1c,144000,0.00288,Unknown,,false
205,0xa87eae2f59ae8bbb7bc037e04c01e0230c26df4c,143000,0.00286,Unknown,,false
206,0x37af1eb0a88b36f36b2d1aef8e490b5bcadf246e,140000,0.0028,Unknown,,false
207,0x34cdb330c26b0f2d792c260f38c10816fcfef03e,140000,0.0028,Unknown,,false
208,0xc421ebdfd49a4ee1dce1c28bf67df11aa1458ca6,139929,0.002799,Unknown,,false
209,0x4abdd4a57f74a6a7ad42f71c4ed3a196f3b160ac,137500,0.00275,Unknown,,false
210,0x5e4d29778e873de11a1946bf5c0552c6a77e1d89,137118,0.002742,Unknown,,false
211,0xb844e74800c14bec4adfee9724fe56f5e556a817,134482,0.00269,Unknown,,false
212,0xef230b54e12ed2f322ece515c35afc6cdd4b8c25,133824,0.002676,Unknown,,false
213,0x5d74a3330be1466f15837a9a240d1888290f27b9,133245,0.002665,Unknown,,false
214,0x57f089bb9336607f8d283f02155dc3727b2dfcb2,131080,0.002622,Unknown,,false
215,0xf721df01f56eb2a101e73c7ffc75af3b80aef74f,130086,0.002602,Unknown,,false
216,0x219e7697f25945a909bcd61e17a7818c47d54134,128568,0.002571,Unknown,,false
217,0x6d3543a67ea804f749a7cf9d25000d99f091a3b6,125074,0.002501,Unknown,,false
218,0xdbf2c4543afa7d38c1dacd51962caa628f13182f,125000,0.0025,Unknown,,false
219,0xb3a1277abdd48edc9f4e14d30df36cb9848f17df,125000,0.0025,Unknown,,false
220,0x4de38daf63dffeaa038e73cca3be6c2f4f395ca3,125000,0.0025,Unknown,,false
221,0xf2b8f70004f09e06e7404dc56c32e92b49d94b4f,120000,0.0024,Unknown,,false
222,0xd9f6a4dc3364226f1a5beb3d0587fc754ed1e5d2,117371,0.002347,Unknown,,false
223,0x84326fef8f0a419bf51976a64dde2f95799c2878,116301,0.002326,Unknown,,false
224,0x9fbaf8b8b42dc07e749f59c77d6367d296a5b808,115713,0.002314,Unknown,,false
225,0xe3a5e3ea23bbf5b287fdb463b45e582f1eab8767,115706,0.002314,Unknown,,false
226,0x5a1ec5bc9abf1bc1464c089c7ba2efe9ea491f41,115000,0.0023,Unknown,,false
227,0x76aeb989149f8a4772af1dcdd7a0118e055785f4,112300,0.002246,Unknown,,false
228,0xf02f26cc78f2610db9a1b0cd92654b91bb6d3be7,110000,0.0022,Unknown,,false
229,0xd68e79f2b56280efd1f24c5716173fa2d4eed034,108735,0.002175,Unknown,,false
230,0x2b43489eb94659ca5afea22925582cf86ba176ec,103492,0.00207,Unknown,,true
231,0x3416ad8013ed781b5c81b4b5adbb0e86fc7b30f7,103445,0.002069,Unknown,,false
232,0x598bbc657fb49cea6d589bada567f92c9aec211b,103392,0.002068,Unknown,,false
233,0x90094b5b5c0318442b46181530167c88380d4f68,101819,0.002036,Unknown,,false
234,0x52293b7213f5d2305dbef7042e598a79e30a1b94,101086,0.002022,Unknown,,false
235,0x4dce17cbc95abdd0f57b8e6f796e6fdd7ad30aee,100756,0.002015,Unknown,,false
236,0xeffc7557510789a7043eb74524eedd43754b871e,100500,0.00201,Unknown,,false
237,0xa2ccfa6285b39b77db94e7b0e8311e2030f95e9b,100017,0.002,Unknown,,false
238,0x6dfb0eea84132a939c7364bddbf9d58e09859b59,100005,0.002,Unknown,,false
239,0x02c21a8b3ccd8b7a1abb0465c2f5faa1f6fee434,100005,0.002,Unknown,,false
240,0xf80632db77241aa56bd0639826c01b2d7115587e,100000,0.002,Unknown,,false
241,0xcf65cde94cb85897eaf2dbda5c216cd8f1f35598,100000,0.002,Unknown,,false
242,0xc6cb2ff7c54d4956eeb66cba8b23ce058f8454e5,100000,0.002,Unknown,,false
243,0xb2cc3a8dac909bef91f8f738df1a496e0af40b60,100000,0.002,Unknown,,false
244,0xaa1ff03f8cfeccf2b636286849f51e69fed88b66,100000,0.002,Unknown,,false
245,0x9dd92b6daf4d6749fcc7dc6763eb0ef7eab27f3f,100000,0.002,Unknown,,false
246,0x64d701dfdcdccd75b17ea30f958af4580289abb5,100000,0.002,Unknown,,false
247,0x3ae6730176f8e81e908f530e0ef3f8682545b9c3,100000,0.002,Unknown,,false
248,0x32e51f8f27695e7ed44877aa6ef06294b15445a0,100000,0.002,Unknown,,false
249,0x2a4c9e3cdd85cb1b3e21059d8cee7dd773dc9faa,100000,0.002,Unknown,,false
250,0x26f81c4024a391cfcc2e61ed20f8a51b8019b12c,100000,0.002,Unknown,,false
251,0x1f6f4e5cd6e806808a3cc9a981e0b3e79af37dcb,100000,0.002,Unknown,,false
252,0x156ed5c2084033ce28728fad615b8d058d957164,100000,0.002,Unknown,,false
253,0x0da2e09f1cb5f7c3ee3ddad9a7bb7fb174eb054f,100000,0.002,Unknown,,false
254,0x03f756d39353fab8a31e67fec374628d0efa32c5,100000,0.002,Unknown,,false
255,0x373892fe609e0851df7c966f353a08bd2c62eec4,99469,0.001989,Unknown,,false
256,0x3a4c5f777e8fb023541c05c0e1db18e1039de0c6,95000,0.0019,Unknown,,false
257,0x2d74165f0b37c90318d80c8bb2b7d27e92ee3d96,94673,0.001893,Unknown,,false
258,0x0bf8ce162b6b9d5f796473c8d61e9f578479bff1,88419,0.001768,Unknown,,false
259,0x10d354535d3c834d74c6b3ff27dd7f785feba8cf,88419,0.001768,Unknown,,false
260,0xb6dfd30b939cc112cc9367e5a98b83366961c083,85936,0.001719,Unknown,,false
261,0x5959ba3628230bc6e54040ce0963dbd0770b4c27,81807,0.001636,Unknown,,false
262,0xf70177558ab01e3ce65fc619e96b3310030ba8c0,80000,0.0016,Unknown,,false
263,0x1efe3e182b4289facc1d258f6d60c72a6de15cde,78384,0.001568,Unknown,,false
264,0xf0a87838b619915487386e816edbddf682d53f17,78247,0.001565,Unknown,,false
265,0x6811e0e99c0f3e8a154295a2f4efd128d889ef98,78247,0.001565,Unknown,,false
266,0x8c0d74c3334b94b44c5f410681a520c5ec2cce07,75000,0.0015,Unknown,,false
267,0x60de19ad11add848fb4dbe5308854da20f63d91f,75000,0.0015,Unknown,,false
268,0x20d18651133b07e439b43f5b1ca32a2fde635d1b,75000,0.0015,Unknown,,false
269,0x7192f26cda58a0388422988c782fd8f4ee96ca50,73333,0.001467,Unknown,,false
270,0x4ff7fc168197f8df7f2b741a7f0920a3112738f9,73067,0.001461,Unknown,,false
271,0x754f138a0fc03ac422db2f02f2435d7bc8bb7797,71759,0.001435,Unknown,,false
272,0xb906d053b6ba542aa1b235dfcd47ee5091d1fba4,71450,0.001429,Unknown,,false
273,0x06013e5aa57d736635e78bddd1a8803c0be25fba,71430,0.001429,Unknown,,false
274,0x7294a70591b741e05d64a774c17b2ed5b7723e61,71429,0.001429,Unknown,,false
275,0x36dbe9638df5b657a8febca5b04444d6111a26e3,68574,0.001371,Unknown,,false
276,0xd64462b6a700d276247b47d874fd3006b66926b8,68127,0.001363,Unknown,,false
277,0xd5746c827872f111d8bd8189ff0d22544d939cd6,67005,0.00134,Unknown,,false
278,0xcba0a7c08683843ebb7675299a48d9bd1266a005,66667,0.001333,Unknown,,false
279,0xb36c3de2cf312e1dbfdda3b94816b1add798bbd9,66667,0.001333,Unknown,,false
280,0xb1322b8b98a56c014dc91178b7bc3e34b893ad0d,66667,0.001333,Unknown,,false
281,0x49bcd271daa9bbdd4190d9624ee82dc39ea8fb6c,66667,0.001333,Unknown,,false
282,0xf7a11b09853b9f2db33f9f2d55d9daa51196a4c6,65322,0.001306,Unknown,,false
283,0xd5c489685d3685004658a5ab300ad5a8b09b0d09,65000,0.0013,Unknown,,false
284,0x088cf25d746c8ff4b5f5c192f623409670b2a0d5,64500,0.00129,Unknown,,false
285,0x3ec5345118113716ea0da24bf8675cfb9429e4ce,63800,0.001276,Unknown,,false
286,0xdd5fd37d3e645e7c57f320d72af6cf5625679911,63791,0.001276,Unknown,,false
287,0xbd260cc46cdf2069dbc609f796a4c2ec0f5ca805,63000,0.00126,Unknown,,false
288,0x3fb4f5541e15aa6d5d0153d93fce315220f0c0e5,61823,0.001236,Unknown,,false
289,0xd01219de1aea81334cbecd4bf27ad3709e49f1d7,61401,0.001228,Unknown,,false
290,0x507606a3bf9d4e93bf9db63067c63c8ffeda5fe4,61305,0.001226,Unknown,,false
291,0xb0730ad31e30d583399ac8003f89a6ff010eaca2,60785,0.001216,Unknown,,false
292,0x62d6a427023413c441ea44fcdf1634e9d9d1fc22,60725,0.001214,Unknown,,false
293,0xc761b28c09e28377783b5e56f900fd533f84a520,60188,0.001204,Unknown,,false
294,0x829ea565bc855bd81daddb7b4b2ae654139c252e,58237,0.001165,Unknown,,false
295,0x5a5c6d2702bea6317d00da74eb9e291a517f0bb4,57637,0.001153,Unknown,,false
296,0xb11d88b39019b06a72e558b5b53a80a125536d5b,56005,0.00112,Unknown,,false
297,0x5771ec62bec46a3ee8dfd19eba81f0b4a8f59816,55556,0.001111,Unknown,,false
298,0x442337cbabca828ac7e97c1dee214127ea58532b,55555,0.001111,Unknown,,false
299,0x50999903725135773a506106fb10184c003f7d44,53966,0.001079,Unknown,,false
300,0xd3429e1ea3541dbb63a56e058e6b59771bef21b8,51000,0.00102,Unknown,,false
301,0x0f586666c1fc5ff64ad7fdddc71300a4db8a1e0d,51000,0.00102,Unknown,,false
302,0x1ac76f0307fdb68d18f2494085e87cdb402a7f20,50983,0.00102,Unknown,,false
303,0x194783b88c202b41fdf5f1c6b8e5b89e5e2c7480,50150,0.001003,Unknown,,false
304,0x841a9d23273fbd02a7d6a69b3dd6a8432fe5c3f3,50100,0.001002,Unknown,,false
305,0xc054b185729f81d4e7c730ef26173717b5f140d1,50099,0.001002,Unknown,,false
306,0xb996fc3eab1506a969bed647b404a8821dd305b5,50054,0.001001,Unknown,,false
307,0xc5e5a3751fee00320e1f84135c915c053e8113f9,50005,0.001,Unknown,,false
308,0xed0cb0440035c3859e27d8b42f61703f94ea2b1c,50000,0.001,Unknown,,false
309,0xe95516aab152cfbc1c4027b5fbcbda5d72f57616,50000,0.001,Unknown,,false
310,0xe41b0b22dea4dad098defe814bfeac0dc036e8a3,50000,0.001,Unknown,,false
311,0xd396632da4b5b9bebf701ed97a90e5956fe9620d,50000,0.001,Unknown,,false
312,0xb5a73ccd16ed59945ae05935ae9d41059f64549a,50000,0.001,Unknown,,false
313,0xad3b464211a6521d6ed9c1f20199620bd9a854ef,50000,0.001,Unknown,,false
314,0xa5fa90d6fa836d1c15488e705c5c6f00c8f7ff1e,50000,0.001,Unknown,,false
315,0x84686b2b12e12362134df233943ecc40cc015f03,50000,0.001,Unknown,,false
316,0x6f8e91447313ff225c71af9a38d73528fe88de32,50000,0.001,Unknown,,false
317,0x5a7f5bef7c2fdd9968a5070741845247cd80fe4f,50000,0.001,Unknown,,false
318,0x47f0d1310b6a011a4235805af9f12802ba2008a2,50000,0.001,Unknown,,false
319,0x3c1598f5d22e53519b8bfd49884a7f95ed733461,50000,0.001,Unknown,,false
320,0x1813cb5c293a08779a3313edaed56c5a50c59c55,50000,0.001,Unknown,,false
321,0xeff7c5126602a9a0d037728d766685b962351a04,49595,0.000992,Unknown,,false
322,0x05f695b9d845096ca16869ddf0608c76e9ff19b5,49483,0.00099,Unknown,,false
323,0x4617fcc8d4c9afc31a467b6fab2f983d84d9c137,48479,0.00097,Unknown,,false
324,0xb154be7ee0fffb24ef4afbb4043663326d68212e,48000,0.00096,Unknown,,false
325,0x2f6e4ae0f050f3de74191f0c31133cf6808d5d35,47500,0.00095,Unknown,,false
326,0x4ab8aeb6c070e3c76f0895943c04ba7edad2e528,47496,0.00095,Unknown,,false
327,0x0fbe5b48bafe65ecf11c10836bd1a6ac38efee32,45747,0.000915,Unknown,,false
328,0x19e659e047d4bd585b504c7a398ac65964daa704,45455,0.000909,Unknown,,false
329,0x3c239d155e1c4f8b7db1d00d6f703f3f8ec00efa,41646,0.000833,Unknown,,false
330,0x808b6d5d8a7dc2c335cbe85679f73f1474d77206,41249,0.000825,Unknown,,false
331,0xb268b1bbebd3bad4e8a950d297aa52ca029b078f,40300,0.000806,Unknown,,false
332,0xa572e0c69e6e270d069acb4194e18c90ef62439b,40000,0.0008,Unknown,,false
333,0x22615eef9836b483d692549a622fad64136d672a,40000,0.0008,Unknown,,false
334,0xaa08bf804e3575d001b2bfbdfd9dd7775d387357,39872,0.000797,Unknown,,false
335,0x570465e731e069df9256fb4a5659326b0afdd85a,38253,0.000765,Unknown,,false
336,0x3f29ccc5946f533daa3de1664421a9cd9587625a,37668,0.000753,Unknown,,false
337,0xf383e9608aa5e98d535c20cefd8956253ae77ca9,37500,0.00075,Unknown,,false
338,0x1f83578704e5eef688f0fa0432b195eb6cfffd14,35015,0.0007,Unknown,,false
339,0x52649963224fcede2ecca900c716b5252e8c3f0e,32837,0.000657,Unknown,,false
340,0x0b2e129d6d929b3fed5ab169e7bb04ebf9087d0e,31250,0.000625,Unknown,,false
341,0xece75661c1298415beab29e90c8bc638d945036d,30727,0.000615,Unknown,,false
342,0xca5e00478cc415456c37d5dafbe4041e86e3d0e7,30287,0.000606,Unknown,,false
343,0x86a36144c2fcac1dacb5c115277852abe0535b3f,30266,0.000605,Unknown,,false
344,0xe3192aa2a4638909cd24214bf7840288064a7e51,30075,0.000602,Unknown,,false
345,0x239d39216e2da1e03a37763f06740396c31ecb24,30054,0.000601,Unknown,,false
346,0xc3bae2b080dc9ce0cdcc8cf45f237e6946470251,30000,0.0006,Unknown,,false
347,0x4fc09b69094a578939e5f1ebe05f11c4df0caa29,29321,0.000586,Unknown,,false
348,0xfe8cc0238a147cf4b4aeeb42b3471e3021882767,28571,0.000571,Unknown,,false
349,0x2e2c2cb9a32943099d7926d616706c83abe24aff,28571,0.000571,Unknown,,false
350,0x16e8ecd7fe1b09bc6ed6d053923626282e50e74b,28571,0.000571,Unknown,,false
351,0xc92340d664c026dcab70cd8705b391428c401543,28483,0.00057,Unknown,,false
352,0x644a4ff10caf7424d2c1b81001cbe6785687d7b2,27984,0.00056,Unknown,,false
353,0x78bb7c96841ed742dba42ffff2bc472ffeaff872,27886,0.000558,Unknown,,false
354,0xd8d533d2019b6ecd776c28c829ecadc2ecab5a61,27000,0.00054,Unknown,,false
355,0xaea1dda1ec4a8d6a8a66b6150edba5b1805580af,26219,0.000524,Unknown,,false
356,0xe33138faa3a6e09ba20eaef1e5db4695ed8daf11,25005,0.0005,Unknown,,false
357,0xc3efb3b879810aa43c13effb5fb25da451584a4f,25005,0.0005,Unknown,,false
358,0x59483d1505c581c940e91a058a1ad6d5442fa70b,25001,0.0005,Unknown,,false
359,0xf922d277dceded1508a4083978ab06f7def77f0d,25000,0.0005,Unknown,,false
360,0xef99f15ac30d83e93d2657c544f5dbd6e7b02a42,25000,0.0005,Unknown,,false
361,0xe48baff2e37e0465f3866e0f68678e2421c0c3c6,25000,0.0005,Unknown,,false
362,0xda6fbbcab1e745d4377035690c55703e3350e7a2,25000,0.0005,Unknown,,false
363,0xd0161124234391f8bb9fd657fb2003e36580109f,25000,0.0005,Unknown,,false
364,0x09e780de45d53a92efbf4709d550ed92fd2bf6aa,25000,0.0005,Unknown,,false
365,0x8524187cbae9c38d0bbdcbe1c030270cb4ec0dec,24899,0.000498,Unknown,,false
366,0x2713bd48622e33e2f73a8eb10bbad14a75e64896,24732,0.000495,Unknown,,false
367,0x821b015f26f454d24a11e16f14358186aaa3671a,24373,0.000487,Unknown,,false
368,0x4acb6c4321253548a7d4bb9c84032cc4ee04bfd7,22920,0.000458,Unknown,,false
369,0x86e0fd0dc1cd2a85e20ff6f6a782adb9a5c144cc,22032,0.000441,Unknown,,false
370,0xcc8f45b121ec227c7653aa9032228594e36064d7,21862,0.000437,Unknown,,false
371,0x04c7faa86046d777c94209f1105413357589aaae,21000,0.00042,Unknown,,false
372,0x56bd58dd3a5a9828e6ebab59f84771d03ba19ad2,20840,0.000417,Unknown,,false
373,0x1c0b7d9e2295bedda705e339fc00fd7a3004e332,20818,0.000416,Unknown,,false
374,0x79c66c9e1a60b556ad5dbb544c2803e1df3e1076,20005,0.0004,Unknown,,false
375,0x41aef63d458d8d4e46ab1c9a67b507fa4184b0c1,20000,0.0004,Unknown,,false
376,0xda6a8026ad1eea0599671e9a260df447d48451e3,19700,0.000394,Unknown,,false
377,0x54f8caaf645af85f7ad40472637199f97f851409,18774,0.000375,Unknown,,false
378,0x8be976d625e78076f3188f53f6f0c9d36cca2fef,18768,0.000375,Unknown,,false
379,0x22027acc5fef20bb0d05f44de0bba89c2dd7f153,18163,0.000363,Unknown,,false
380,0x23a02a1253f4a198c1307879a2757c9b2b23b32c,18006,0.00036,Unknown,,false
381,0x2866e1caf3e86a7c34035510efc385bdd3d38d41,17861,0.000357,Unknown,,false
382,0xfe333e1ac779e2b603358af8e08aca9c0bc02229,16320,0.000326,Unknown,,false
383,0x52b7444946a78b560c0e625b05202ae694bba479,16133,0.000323,Unknown,,false
384,0x311646e14fe0ce4e6b3c61480717c84ab4769cae,15445,0.000309,Unknown,,false
385,0x8e4ac9fa47a948a4afdde5bf892b5faa354746f7,15005,0.0003,Unknown,,false
386,0xb801d740a35d00e97ea1542b353e2be0a1820b3e,15000,0.0003,Unknown,,false
387,0x2e881f810db054cadf0428c0f62833ce9a0f3a47,14953,0.000299,Unknown,,false
388,0x282a4637fe1f4e4e76b26fb05b528b0ce6e7951c,14206,0.000284,Unknown,,false
389,0x2b7b5ac14976566a05dca73ab20fcea75c97506c,14000,0.00028,Unknown,,false
390,0xeb71785b3f06e8ab0d12c08363539dbf0a6b3753,13900,0.000278,Unknown,,false
391,0x0482f4661ae30f76cfd6db896432d5b73af97ced,13650,0.000273,Unknown,,false
392,0x64d271fc12948f2f50567f8ef24df4e63e33866c,13470,0.000269,Unknown,,false
393,0xdbafbeb1e66a19738b7e4135091c5bd66cfbdcf8,13362,0.000267,Unknown,,false
394,0xe6893803cea17b5e2f5788305c273edeff936917,13242,0.000265,Unknown,,false
395,0x1ac08d1ead01cc9cf0680b7ec4d73431ea818578,12517,0.00025,Unknown,,false
396,0x9574f4fe8679305169cee45b30dc9ed1f2496a31,12463,0.000249,Unknown,,false
397,0xd696661ec9b81b2aa7d40953dc9ce2e55485435a,12301,0.000246,Unknown,,false
398,0xfc664c6dc6d04232b74f8491e4925817a2c1de60,12052,0.000241,Unknown,,false
399,0x7e1bf9e280aba72d0ea24e451c75d0985957a39c,12001,0.00024,Unknown,,false
400,0x6abf106f78b1e976faef5719d5aa06252dbf48ff,11967,0.000239,Unknown,,false
401,0x98856a6a212227a43f1500cc5d7b0571e7ccd35f,11837,0.000237,Unknown,,false
402,0x4e18fab6e5dc9ff58793b50e9564d90cd5cc1ffb,11187,0.000224,Unknown,,false
403,0xa86f9e180387cab61629d73981532347a0dfc26b,11100,0.000222,Unknown,,false
404,0x652400d424d3d56cefc4ea9ee35c621ff7cdc843,11028,0.000221,Unknown,,false
405,0x2098009b7df512dd2b5b5f0401237c661c723569,11010,0.00022,Unknown,,false
406,0xaf2eaa13c33d4412a8496bca8d0f35f98b1d154d,10867,0.000217,Unknown,,false
407,0x51f4ce4fbed36e7f06c46944505ce07ac18c6b49,10700,0.000214,Unknown,,false
408,0x0a9867c0f46f4db86b55d01846a64fbf4e413c15,10074,0.000201,Unknown,,false
409,0xb9ca43438b3112d86288b792238f51c114d92c05,10044,0.000201,Unknown,,false
410,0xbfad9eacc036b6e3466c7694fdc3a64c349a1cdf,10014,0.0002,Unknown,,false
411,0x80d77fc29813db17f9442a01bb00eb011e3c2a49,10005,0.0002,Unknown,,false
412,0xc18597bf533c0532d2ebe0ff85f9f116a2b9956f,10000,0.0002,Unknown,,false
413,0xadc95b5a74ad1055abf23fd552450a463ab4d0d5,10000,0.0002,Unknown,,false
414,0x94a547fbd37476c7718fb4121875cc55beff1ac6,10000,0.0002,Unknown,,false
415,0x85d5673ce63cce8bf0efa45043973c95bb5aa190,10000,0.0002,Unknown,,false
416,0x80c882ed4fb1806cc99468a7f61c500d6d9f29ea,10000,0.0002,Unknown,,false
417,0x7d256957b1583bd524ebdba6905be4e86ba090a1,10000,0.0002,Unknown,,false
418,0x253449e2a59c23d9cac7234f64f1860e2eda155c,10000,0.0002,Unknown,,false
419,0x243316d40693e35a5e498affb7898b70fd786a44,10000,0.0002,Unknown,,false
420,0x7e9b913fff7634797aad4123bd88d8ffa7ea5720,9748,0.000195,Unknown,,false
421,0x3bd1e6a313c22db1c436e19715ef874daa74682f,9500,0.00019,Unknown,,false
422,0xcc85960a8546f61e1a8e1f9026733e86ef76d4a6,8839,0.000177,Unknown,,false
423,0x245b4b680b15c3ba0a21d4146c3e5be9354c8ba8,8685,0.000174,Unknown,,false
424,0xacad56d8d27f66a1f34c28aaf28df7ccea552419,8583,0.000172,Unknown,,false
425,0x9f3c28ec0e264478ee45a1f286c80331773f19f8,8320,0.000166,Unknown,,false
426,0x80827f9f68f15c8628efcb6a3a9cc1c1aa101c61,8296,0.000166,Unknown,,false
427,0xd09662c31aeba043454ff284b11908ffbdbc5140,8264,0.000165,Unknown,,false
428,0x2bd87964b4a00b5ef35f34f46f285e7199c6525c,7622,0.000152,Unknown,,false
429,0x3a2c0973c4308eccc898cee535f875493b74df28,7483,0.00015,Unknown,,false
430,0x8588e7d8a3a13d96eec365a708bff4673b11b52b,7200,0.000144,Unknown,,false
431,0x903cf528c0c54ecb99991a69e0e095589917a0ce,7068,0.000141,Unknown,,false
432,0x68a8806f43c84c742158bbf3be263b3fde6b691b,6926,0.000139,Unknown,,false
433,0xa0760b048df2fe9eb6915ccba9f8a266781e5ac1,6638,0.000133,Unknown,,false
434,0x62b2b0d4a4680c39c48c0f77d47d1d8da43b2dd0,6624,0.000132,Unknown,,false
435,0x7838851b1c57031278d2f4e9960be61353018783,6354,0.000127,Unknown,,false
436,0x606a988e11170c44a7aeaa29be1bb6e5d46b2195,6329,0.000127,Unknown,,false
437,0x3ed2b46b0cc3593603fcbc53d652bcec5fcf0416,6329,0.000127,Unknown,,false
438,0x1f9d58b67f1b5d040787da71c9f99ccea6345de4,6250,0.000125,Unknown,,false
439,0xa3ffacb835e7bbc3e4d52c2560e3e7a5c3ae678d,6240,0.000125,Unknown,,false
440,0x5763e8d74fafb9c85aa4e906f658a0ce622491a0,6232,0.000125,Unknown,,false
441,0x69933e71ee78b244b5df3d3241f635d5c0fb59db,6194,0.000124,Unknown,,false
442,0x24c80d7f032bc8d308f10d59e20d5a65b90b7334,6105,0.000122,Unknown,,true
443,0x49f8b8b0df23d0429c09eb506d9f25c1a74ec5d9,6045,0.000121,Unknown,,false
444,0x39b76c01307ae313090cb22703ccf3e98bc17148,5956,0.000119,Unknown,,false
445,0x0761a2c2efbf7767c4568560b56778691eb81215,5852,0.000117,Unknown,,false
446,0xbe69de445f35c8655f3b3c12684c19c6b3852952,5786,0.000116,Unknown,,false
447,0xd35dac4603900e15ca73d2ca63df4859761b76d3,5621,0.000112,Unknown,,false
448,0xb5f96ee16145a672b41299342f2466138472e9e7,5400,0.000108,Unknown,,false
449,0x0d5eec8345064be09144d9407078b98974ccaf64,5370,0.000107,Unknown,,false
450,0xefdc87d112383bae78ad932ef433ee14ad7a2a7d,5351,0.000107,Unknown,,false
451,0xbe326cad94f26c76d23e5044178b5101aed76d12,5152,0.000103,Unknown,,false
452,0x496b47535623e3aa2dc522ea25a60ad3f53613c1,5104,0.000102,Unknown,,false
453,0xc8a0691f405bb0ccba9a222c9391b5799165dd71,5005,0.0001,Unknown,,false
454,0xa5e9b4cfd9e15f2d2d278425aecae376eb6242e2,5000,0.0001,Unknown,,false
455,0x8e72f0b135b1edbb3af38c3fe86d5c5155c8f320,5000,0.0001,Unknown,,false
456,0x8650078b4932e04707ae9d0014ca36c8c4e03a4c,5000,0.0001,Unknown,,false
457,0x2de4d4de4abc1be6b3ce63aa91f1557a54ab6689,5000,0.0001,Unknown,,false
458,0x21cbdaa88fb0b8cf1ebcc8574528c45b94d88cfd,5000,0.0001,Unknown,,false
459,0x7dcce65ce45fa0beee591a881f46808687574bec,4676,0.000094,Unknown,,false
460,0xe75920fbe7fd4af87de3988a2d09c143e9038e05,4527,0.000091,Unknown,,false
461,0x009bae7ffd9a827c3b8286c113fa6f21a81b8d54,4501,0.00009,Unknown,,false
462,0xbf9ee6d4fb1765ade989b6502ac178c5e71408a3,4155,0.000083,Unknown,,false
463,0x77da1c3e0fc818b35bd646523f340b7d16494207,4000,0.00008,Unknown,,false
464,0x1734fab9c85eda40faa4a3b9c11bbf6cfe530591,3904,0.000078,Unknown,,false
465,0x293cd586bdde29355fddb47b5ce448112a43fa1b,3901,0.000078,Unknown,,false
466,0x5ff960b7e6d6a7c7cb9e47a455f01aface69bf45,3855,0.000077,Unknown,,true
467,0x122a59ca7f88fdd68b20f6b7abec5d3816fa26b8,3752,0.000075,Unknown,,false
468,0xd662ae8066d522e4219e32fe840e5d6b4086ead3,3448,0.000069,Unknown,,false
469,0xcc1eb6e9340e5c0f84daee1a3983f66a8eae8f36,3335,0.000067,Unknown,,false
470,0x0fc7bc64c8a2990177038fbb45597d66cc9d2719,3310,0.000066,Unknown,,false
471,0x89984f4baedad85419d2187a7b79a6cfd0752c64,3300,0.000066,Unknown,,false
472,0x1479ebcffcaa0eeedd66eda010e4ebac744ebca3,3277,0.000066,Unknown,,false
473,0x4583e41fe1fb51b65ba94d18a0cbf0552831f82b,3232,0.000065,Unknown,,false
474,0xe73119639e7d72b3e8a3ed2cd26ace641bb0711f,3229,0.000065,Unknown,,false
475,0xa0006e2f7973678e60a2e445ab8353abad6854d5,3173,0.000063,Unknown,,false
476,0x9cf49b6f47d510dfcdebce9dacba800c8c16d6dd,2987,0.00006,Unknown,,true
477,0xd11475fcc6eeca2c8c13688583e11bfbcf8c1e4e,2913,0.000058,Unknown,,false
478,0xfa86f534d429521f13c32809d64f92a37a4281c3,2733,0.000055,Unknown,,false
479,0x6941fa71782fef4549a162e3abd44e0eeb4df76d,2625,0.000052,Unknown,,false
480,0x65d0bd72156b06f15f1784024567dd4891dabca7,2600,0.000052,Unknown,,false
481,0x95d2445646658b84bd705eb865ffb83d34615dfd,2567,0.000051,Unknown,,false
482,0xeb3b1ae6d83dc9a4442d9357989d6f20f20279d0,2553,0.000051,Unknown,,false
483,0x88f0b6122c36e6b9c527724dba38fe8645819a61,2500,0.00005,Unknown,,false
484,0xdf8a08d60eeb8f5e52c7c7b76bb37c7442656fde,2488,0.00005,Unknown,,false
485,0x3ab09bed1cccad56c2656aca77b2c3e190562e53,2483,0.00005,Unknown,,false
486,0xd33656d91ab7973fe6b8a28fad673031604941ff,2472,0.000049,Unknown,,false
487,0xb1ae746ef9d4856328cf347a6f5608470aba2c24,2361,0.000047,Unknown,,false
488,0x66b06a93d41ae4ffdd0ee28503b158947a974e7a,2215,0.000044,Unknown,,false
489,0xaca3c2e68e9b32f1eae0ec44f0d67a7c485ac18e,2211,0.000044,Unknown,,false
490,0x76c35b1f0acf116ed0f259cba70783f14a7d8139,2205,0.000044,Unknown,,false
491,0xeb0160132a1e5002dc7f18c865555a73fe50ddb3,2100,0.000042,Unknown,,false
492,0x768e7abea3fbd0c1b4f94e047174295c326033b9,2085,0.000042,Unknown,,false
493,0x4913fbaab80aeb78006966afdc1df2dacf39abe8,2073,0.000041,Unknown,,false
494,0x1f9707671186369b620f3b5e3dc0888e18e26650,2069,0.000041,Unknown,,false
495,0xbd79f9cb087f1a416437409d24ce7ead79fc6514,2055,0.000041,Unknown,,false
496,0x7db3928c35445834dd89e015360f5d9ff58dcdf6,2043,0.000041,Unknown,,false
497,0xba40207a64e4aa87adba95901db59f67a36c5cd7,2011,0.00004,Unknown,,false
498,0x93080ccc0975b1c878beb58031f6eb1574493452,2009,0.00004,Unknown,,false
499,0xd785dde5edfa3b9828cabb05fa1055b9e1b55d64,2005,0.00004,Unknown,,false
500,0xb15115109ab4cefbaa041743332ed88e0d949568,2000,0.00004,Unknown,,false
501,0x3e977b05108dc7d73af3371e41ceb3bd5b189628,2000,0.00004,Unknown,,false
502,0x3c90e65c1116f0d8313e97e896938a0aa39badb1,2000,0.00004,Unknown,,false
503,0x30c7f63a0a78a9872df2d15000f7665519aa3132,1995,0.00004,Unknown,,false
504,0xcc9169136f09e2ed4c89ee8df3beb0547a7c0762,1993,0.00004,Unknown,,false
505,0xa359c5df7519ebb61c8c3330550fdeb140fabf13,1982,0.00004,Unknown,,false
506,0xc2d4bd43e5c94118f45e123078046230ad903d67,1962,0.000039,Unknown,,false
507,0x070ddf9d668c31585fda583727073d48e511663c,1952,0.000039,Unknown,,false
508,0x130ef9b956f1ddb1f212e8e6997cf38eccd4eb5a,1900,0.000038,Unknown,,false
509,0xce36279a0ccbb14910306140e92cafcee247d325,1899,0.000038,Unknown,,false
510,0xbf82c7e225c63fea9b39db24eecef5be7d840899,1897,0.000038,Unknown,,false
511,0x97e21e998c6507427572a5cea57f77263c9c47d0,1891,0.000038,Unknown,,false
512,0x095ce78164d0d60cb4e7da843eba3c48c89d6e7b,1876,0.000038,Unknown,,false
513,0x227cf936784bbb2752c77aa2d38769a62e5085df,1856,0.000037,Unknown,,false
514,0xe00e38bd6a53865882c03a67c98f040314af9f74,1850,0.000037,Unknown,,false
515,0x636a945e6b01edf1dfc316bd5e34d1ec409d3e97,1825,0.000036,Unknown,,false
516,0xb8a837216b05b8c2c7cbf602c48942c532e7c413,1813,0.000036,Unknown,,false
517,0xd400a8571470656f09a1d50b730614df7d87ced8,1680,0.000034,Unknown,,false
518,0xf0a0e3f1601fa735736a9989b2e632108bf1c1ae,1641,0.000033,Unknown,,false
519,0x8fc1e83b84d77962a5114bf3d7e79759e0298d5f,1600,0.000032,Unknown,,false
520,0xa6ce0868d195d69af47e6514ae3eda30cb414a0e,1545,0.000031,Unknown,,false
521,0x369a1389e870331d87be877ce4af1652fd0dfc5e,1523,0.00003,Unknown,,false
522,0xa561b6cb4fac7cf2341dbd3674ce7ce1f0442246,1500,0.00003,Unknown,,false
523,0x4b2c6d42f98c649ad6aa473fb068214ef52c6551,1500,0.00003,Unknown,,false
524,0x8a16d2cfe28d1f0a9a7fba7a685c606886cc3b50,1485,0.00003,Unknown,,false
525,0x156dda6501b0737f6b8d1732f75a387d9069111e,1454,0.000029,Unknown,,false
526,0xc0cd67c8104bde77f394af253c80597b0dc85d32,1279,0.000026,Unknown,,false
527,0xf4dcaed6091b330f5518290f6d6f594c18bf6061,1205,0.000024,Unknown,,false
528,0x1271caba4bf23f8fb31f97448605d65ee302ca51,1199,0.000024,Unknown,,false
529,0x5d7a17795604435ebffb9e74f98daf1ed7a79f98,1153,0.000023,Unknown,,false
530,0x2daf7215fad1cf91302edad5f2eb930963c3239d,1152,0.000023,Unknown,,false
531,0xd45766ad7e376c8724c19afa808a0ea6a57a7770,1107,0.000022,Unknown,,false
532,0x29789768dff0a5e52227218f17327f63083c9b50,1105,0.000022,Unknown,,false
533,0x6321525d4108515d9b2e3825602944ec0c35b6c6,1100,0.000022,Unknown,,false
534,0x881ce46220b667b715399e26e857cf616b0958cc,1095,0.000022,Unknown,,false
535,0x6613cd13889d1d80a29a79762353b9df08c9f006,1040,0.000021,Unknown,,false
536,0xd30c0cc34df0d6a6f414ab24a5e2a1e2689549a3,1025,0.000021,Unknown,,false
537,0xf4f114ce48ac8b6a421a64540801072504fcb041,1005,0.00002,Unknown,,false
538,0xd475337a48b6b5a6d636b9f5011f7616d5b6f1b3,1005,0.00002,Unknown,,false
539,0xb6cc2a6f7cfebe34c9a36c43c148ea91172dcc53,1005,0.00002,Unknown,,false
540,0xa74c15730e13cc33b2ec1efadd8942b9facd35ca,1005,0.00002,Unknown,,false
541,0x743e60a01e9fa6b9e7f303b55e4237172cc38241,1005,0.00002,Unknown,,false
542,0x5a6cea6124b29a08afa6e358e7f7db199799f667,1005,0.00002,Unknown,,false
543,0x4400929dc96fae4993914fdc972669de51b5f8b1,1005,0.00002,Unknown,,false
544,0x09e5821695f1307f1087b78b9f022252cf1b2d67,1005,0.00002,Unknown,,false
545,0x6d13e908c9801d1a675ac7fc0a3f9111c4c07f98,1003,0.00002,Unknown,,false
546,0xfb294306709118d4a12b224bc0dfa6d81f727ddc,1003,0.00002,Unknown,,false
547,0xa23b8abdc4aae08eac69a6b82339d4ad12015eba,1003,0.00002,Unknown,,false
548,0xfd3b626f50336edbf29d7f9e7e32aca78e70f2e9,1000,0.00002,Unknown,,false
549,0xf41b76611ff021ae966650f511e6d0d3fed18586,1000,0.00002,Unknown,,false
550,0xbdcc14e2efdbcb38e45570324aa02b98a466735e,1000,0.00002,Unknown,,false
551,0xb6a5f470db93f4ab68a164b9c5adde7742360fb5,1000,0.00002,Unknown,,false
552,0x9eb033bc32a19509e7be9eceea004614e9879f9a,1000,0.00002,Unknown,,false
553,0x9b59d8febace53ccdb0aa5add0663291237c1786,1000,0.00002,Unknown,,false
554,0x981dd21928db5238a3f384cc955bff1d2806ba7a,1000,0.00002,Unknown,,false
555,0x93a512ca1f0a6c1d97baa3f48c2fcbd8e0ceba34,1000,0.00002,Unknown,,false
556,0x73d70bf73d8a559cefca53ebdad6484cda26c2dc,1000,0.00002,Unknown,,false
557,0x7020b9b22538066dad04a7c781c562cfe0476891,1000,0.00002,Unknown,,false
558,0x6330dc9e880927ca5f6cf976d4469eb25b6781eb,1000,0.00002,Unknown,,false
559,0x52b74411a09501cd0bf29182e9085c447731824b,1000,0.00002,Unknown,,false
560,0x4cec4efc222f82a16d029a2504b2ee9cfe1688f0,1000,0.00002,Unknown,,false
561,0x3cbad8c705d85d512427fe7888cac3a79968d6e1,1000,0.00002,Unknown,,false
562,0x0b03089d89702d810608cfe17b7bea965348248c,1000,0.00002,Unknown,,false
563,0x05c6a6d1f381af3d39eaee57e73844a33cdc6ae2,1000,0.00002,Unknown,,false
564,0x05162b61066f765823271e0bf355b77f5f0a5c51,1000,0.00002,Unknown,,false
565,0x00a0bf8db3ddceba3336251a2134706fc76b0900,1000,0.00002,Unknown,,false
566,0x63ac7e76299f78a5c6c43429821969b3c3393abb,999,0.00002,Unknown,,false
567,0x8d1263c2b00151ee4ed34c39c85b1b0821c6f0d6,976,0.00002,Unknown,,false
568,0xea3d0b1f1c7b78fab1f1e82ff4e3b5210b17dfb3,950,0.000019,Unknown,,false
569,0x3974f8e5487ac8846ce50d0f6b13bab407faa126,950,0.000019,Unknown,,false
570,0x6549fb32efc50f39f4022b56374fd820bc277f6c,913,0.000018,Unknown,,false
571,0xdd5e67a55c29cf3034519b546c0cd9341c9f8564,910,0.000018,Unknown,,false
572,0x3471c2ca7ebb843c60bf15523afb5d7254cee42a,910,0.000018,Unknown,,false
573,0x3efac1a6e572ddaa163a96863a0a6006bc92f484,909,0.000018,Unknown,,false
574,0x4bae89eedb218c5c7d88ea49250ca18ad069d630,908,0.000018,Unknown,,false
575,0x77faec1f0d0fa0b3a53907a93afffec0775bfeb4,908,0.000018,Unknown,,false
576,0xf4afb32e61ca6334a36d164ccc0a8766b7a7cf5a,905,0.000018,Unknown,,false
577,0xd8ce8a2c7257499ecb36d288658cebe300661f70,905,0.000018,Unknown,,false
578,0x089366db4ef2f11ea346785c9a6966079397094f,905,0.000018,Unknown,,false
579,0x16f53dd79c4037830205cc918897a604dcbbd505,903,0.000018,Unknown,,false
580,0xb5a127f2a43580d087e2ca1b4bceee2ee99470ed,900,0.000018,Unknown,,false
581,0x38b1f0e9385e09db9a27e5446c52203ddb73ab02,855,0.000017,Unknown,,false
582,0xdf796107887bb35f3d31f1ce81d9992fb48cd5b4,851,0.000017,Unknown,,false
583,0x99c37a5139b2f7c59c8a565c4eafc0881794c822,800,0.000016,Unknown,,false
584,0x1fba7ebce74a305fe4b30b22573ff02287d78b69,800,0.000016,Unknown,,false
585,0x0ca88531c498b1833f6e28106381edd097b7afef,800,0.000016,Unknown,,false
586,0x4838c96d69a7d67ff1fe10f632dca8f0db7b487e,798,0.000016,Unknown,,false
587,0xe0f518417b1d80cfc2314fc1a32a841910ef6cbd,772,0.000015,Unknown,,false
588,0x43166e15863df47f5957a038d92c7a1906a97389,720,0.000014,Unknown,,false
589,0x211af3fd38b6fd586f7dca96c2626e6d41786095,719,0.000014,Unknown,,false
590,0x52dd4b87423b0a2e409f89a1571103475344f34b,707,0.000014,Unknown,,false
591,0x3c1268cd3a5a8594b6bed6260d031a712c81279b,702,0.000014,Unknown,,false
592,0x3778da0c84436788c45299c6d828e2f20cfaaff0,700,0.000014,Unknown,,false
593,0x6bd2678cf13d3760fc32991cce7ff3045d90d3b8,682,0.000014,Unknown,,false
594,0x77f77308b2649e10d38b2a5fe2819412b0da65a9,660,0.000013,Unknown,,false
595,0xfd66ba5ec88ff74a2e2956a1bc5f4b8971700134,619,0.000012,Unknown,,false
596,0x61e9cc717b0ab4c8cc50092352e15d9b699e3c0b,602,0.000012,Unknown,,false
597,0xb79a1f3f503cc937f1c17104b614c3e31c33ce7d,600,0.000012,Unknown,,false
598,0x905420363551013c351dd234146cc1d349138c2e,600,0.000012,Unknown,,false
599,0x4befea69785785c3da00c4c3f739dba573668917,600,0.000012,Unknown,,false
600,0x9f40668328bf26e869bf536426a06b1281cfa3cf,598,0.000012,Unknown,,false
601,0xf5c4f3dc02c3fb9279495a8fef7b0741da956157,588,0.000012,Unknown,,false
602,0x8b9fba0c3a748a755bd6ee27d83ddfeb3568312d,567,0.000011,Unknown,,false
603,0x6b7a196977df1a7a075057d347bb418c51effc19,560,0.000011,Unknown,,false
604,0xcd9c299d7c3d004afcc11c1fbe0f6b016597d48e,555,0.000011,Unknown,,false
605,0x9bcf2694e6dadc67d53983ab0423fa111e4bdf56,537,0.000011,Unknown,,false
606,0x959dfdbf5119877b32b2294156875f18b5bb28c5,536,0.000011,Unknown,,false
607,0xed7b359b42ba554ee6e9ccc07998afb2172b687c,510,0.00001,Unknown,,false
608,0xf4136d5470a9bf00580df9c6f69ac72589687114,505,0.00001,Unknown,,false
609,0x8e2178f2236de97a372f08a8ff6c621d908b85a2,505,0.00001,Unknown,,false
610,0xddb7cc0351022d555b071281e0bbc6ee43b11739,500,0.00001,Unknown,,false
611,0x7a48b2d457003684829dca4e04ba33274ee11e97,500,0.00001,Unknown,,false
612,0x584f1607b2b5dd06ce5d2b0aca2bc12911e77053,500,0.00001,Unknown,,false
613,0x254f324d003ba1f89fc6f619e108439d9a12a220,500,0.00001,Unknown,,false
614,0x20fdc8cc51c551aa50f34f19183fe71f9c107413,500,0.00001,Unknown,,false
615,0x11e61c2c5d059f60caade9db1f35be9378da2145,500,0.00001,Unknown,,false
616,0xeb923ac6804c072cb83e3b86db4a35df68fa76ad,496,0.00001,Unknown,,false
617,0xe0229a158eca023e9362b700978e772a7b311f35,492,0.00001,Unknown,,false
618,0x7c54062e83c94475685c34cd31207c2420acc4c8,492,0.00001,Unknown,,false
619,0x71ba274ae25a893ef62a21f88dcb5d109db83265,491,0.00001,Unknown,,false
620,0x50211e1747cd62a198cf88a9dde5c6e65ea198bf,488,0.00001,Unknown,,false
621,0x682db1d8efe4ed0ba58899e95855484001875db9,478,0.00001,Unknown,,false
622,0x0c97776cb65bb4e1c4e52e037c9ca70377a8daab,477,0.00001,Unknown,,false
623,0x5d0ed2d2a9f3bcc642f5484b05bdfa42f3f01d47,476,0.00001,Unknown,,false
624,0x187f1f8923b710f88732b60e0ac82565c4318bba,468,0.000009,Unknown,,false
625,0x5aafc1f252d544f744d17a4e734afd6efc47ede4,468,0.000009,Unknown,,false
626,0xfe6f5d815756d15b33c1e8b046da0c5676c58c3e,456,0.000009,Unknown,,false
627,0xf2f4f38b0483d92630a73bc02096231a821cfbaf,451,0.000009,Unknown,,false
628,0x380aecbeb05a7f520d4d119d8e178d39d2f9cff6,450,0.000009,Unknown,,false
629,0x91ba071c929e7a6ff2c64149dc49da10ea67c448,450,0.000009,Unknown,,false
630,0x896d1854fec3c15bd369ecbce8247e433ebdff43,443,0.000009,Unknown,,false
631,0x9854ec75a44b42b4097107b8469595afa564a006,441,0.000009,Unknown,,false
632,0xf9c0bb90f0a7885c8dd5c4a50535082c780dea6b,435,0.000009,Unknown,,false
633,0xcec2d55deacdf5a85cdd64edff16b134aa8cb1d7,414,0.000008,Unknown,,false
634,0x5cf0b3ce96c0d18f782ed3ec458e0ca3e54c5583,411,0.000008,Unknown,,false
635,0xda7fdbe6b7c24982242f7239b9f28fea3eff75e9,408,0.000008,Unknown,,false
636,0xb3e5e913415e2da56ba6c70495d6cf30f1b28d76,406,0.000008,Unknown,,false
637,0x12a82b7a28457304cc9507c80ad72d9631de8de0,403,0.000008,Unknown,,false
638,0xde112255c26539e3392ab7ff9fdde11d92648076,403,0.000008,Unknown,,false
639,0x1a2cef74764e6cf1a1ecae2252f3eb91c329fc45,402,0.000008,Unknown,,false
640,0xefad64794645133dad4654066dfe494be358715d,400,0.000008,Unknown,,false
641,0x49f102ebdcd3e89c88db53a02338c5cce866c257,400,0.000008,Unknown,,false
642,0x34d4904498d72562c2d198a84c2622551e77b468,400,0.000008,Unknown,,false
643,0xb374b03a1e46d8e2e67e59e6cfd51eb0a43a7e2e,386,0.000008,Unknown,,false
644,0xc4e6a0bfdfb75562edea025c8eda8eb7a10f9cbe,383,0.000008,Unknown,,false
645,0x9cb3c5be7729c14d22baba074ac7b51125e18e33,375,0.000007,Unknown,,false
646,0x018eced72f822a2c23164b16f5cb325d6a2bc545,372,0.000007,Unknown,,false
647,0x5ac298d885291a39d9a29b33081d7cfa76e1e89e,363,0.000007,Unknown,,false
648,0x965113f2122442f519336957606ba595ba6dd8fc,344,0.000007,Unknown,,false
649,0x986887cf9100ac92895467fe37dfa529a5b34010,343,0.000007,Unknown,,false
650,0x291ffbe8f4ad4040188199eb1e39888528359158,343,0.000007,Unknown,,false
651,0xf64a384cdfdf97e58b5e05c670099df16353a9ae,342,0.000007,Unknown,,false
652,0x4f82e73edb06d29ff62c91ec8f5ff06571bdeb29,337,0.000007,Unknown,,false
653,0x8799abcceb39fca77bd8571fdd2f5b60b26b85e0,335,0.000007,Unknown,,false
654,0xd282432eb86dfab75a614787c061c10e08c69f74,330,0.000007,Unknown,,false
655,0x6cf3c7d51378fccbfc7462149894543b9f5b55b8,330,0.000007,Unknown,,false
656,0x392dbf513e717133e5a9f4be72a6779c021439e9,311,0.000006,Unknown,,false
657,0x0d0707963952f2fba59dd06f2b425ace40b492fe,303,0.000006,Exchange,"Gate.io",false
658,0xb25b904df2d0fb4e6709623e519786d9db88f57d,300,0.000006,Unknown,,false
659,0xf8459059966ecabc8ecb377dc2649458ecf1cf8b,300,0.000006,Unknown,,false
660,0xf73a8c08068b393e0b22330d8e6a30542492b5f0,300,0.000006,Unknown,,false
661,0xf4b8714ed6e43dc31af0924909216277ea4a1fea,300,0.000006,Unknown,,false
662,0xee5f81cbb5c6e9826b79cf2844f43f7cb3112251,300,0.000006,Unknown,,false
663,0xce6de544d3205548b922a4973f5d2340c7c3d431,300,0.000006,Unknown,,false
664,0xcad69b9e52e32c10ef3753d27d533daa6bb7fd04,300,0.000006,Unknown,,false
665,0xbddfd0cb3c829220756bc2acf682b11017286da3,300,0.000006,Unknown,,false
666,0xb79bbdd20734bd4d01882ef9226fd85761a3af13,300,0.000006,Unknown,,false
667,0xb445ee785cb08934cd1249e4d8dc09805f3c24c1,300,0.000006,Unknown,,false
668,0xb14e239f732b829c521284ce5a0c2f97b7fa6d01,300,0.000006,Unknown,,false
669,0x8a9414f29f9217bb8a763746099e5719719a21e2,300,0.000006,Unknown,,false
670,0x6bf0b2679a0b232043c6700462f3fa4047db3ab1,300,0.000006,Unknown,,false
671,0x69b7db1153282793b100898312e1a36f3fdefbf9,300,0.000006,Unknown,,false
672,0x61ed2eb942843eb2df7f631ef2e72e92142f271a,300,0.000006,Unknown,,false
673,0x5bd96882581dd75574b0d9a22d4ca12f4a46368b,300,0.000006,Unknown,,false
674,0x47683bf0cc2f2950b8e20819f615e77f1dab7052,300,0.000006,Unknown,,false
675,0x3eeed0675099d4653d1f54c8f78f31b63007c676,300,0.000006,Unknown,,false
676,0x339a3d6e081ff9c9ffec546cfa2e5c150f168f35,300,0.000006,Unknown,,false
677,0x2451834a996f341b41279a1017b4ef5a57626f3b,300,0.000006,Unknown,,false
678,0x1ae68e5f6fb1ba1b3020a0e350ebab9e3cf4a04f,300,0.000006,Unknown,,false
679,0x0d179bc4091164a4716f7a9f9d4df93a36462356,300,0.000006,Unknown,,false
680,0x0ac7dde6f9bd7179fd6dde3b02fc1837e7accf73,300,0.000006,Unknown,,false
681,0x0525b1d6f5dc0ad4da5faf1c815c78cf2f598b82,300,0.000006,Unknown,,false
682,0x0d24e8d17115bec8e7a4fae56cc282d18ad7780c,292,0.000006,Unknown,,false
683,0xe097bc1bed9d064d1c2810ae49ae26df2db6419d,284,0.000006,Unknown,,false
684,0x0f862e9319ebed7002763fc39280a7077543f502,284,0.000006,Unknown,,false
685,0x8bd7fc7ff26dff3a834505380e55f4d066303d07,283,0.000006,Unknown,,false
686,0x899c6dbd698f6e96de94bf45239ae96592ef3f81,280,0.000006,Unknown,,false
687,0x07964f135f276412b3182a3b2407b8dd45000000,277,0.000006,Unknown,,true
688,0x2be4061923a6ba4243504cb6cde5e7f1da90378f,277,0.000006,Unknown,,false
689,0xbce00c8c5883da015de05fe93387b1a55e00441c,265,0.000005,Unknown,,false
690,0xb0196c7bcad4721f8c128085bd1ebd301c2fa623,265,0.000005,Unknown,,false
691,0x0454069daaf8713b39d297e79546eff8723c2d6f,258,0.000005,Unknown,,false
692,0x21eb3ff8a436269d6c0291b8e58bf9f38b24be13,258,0.000005,Unknown,,false
693,0x58bdd3d5667628f3e1d7d93ce530bb16f9f06345,257,0.000005,Unknown,,false
694,0x2aab4bfd1d306cfd787c2aff43419f09afc6a025,255,0.000005,Unknown,,false
695,0x11a69a26212f0e34e5acac8a704d9c0601d527ae,253,0.000005,Unknown,,false
696,0xdf3ea901ca5be60e02fdea007525a656ab211bd2,252,0.000005,Unknown,,false
697,0xfc0c06c9f716c7207edee1484ce87177a598c492,250,0.000005,Unknown,,false
698,0xdf2c544346cc04033fc7bace2ae8ec59b7f84a82,250,0.000005,Unknown,,false
699,0x06a409daf2a5b30685fea5292c9d473de13a6518,250,0.000005,Unknown,,false
700,0x21fb1c6068dc6de9ebc37c879ed615197a703bfb,249,0.000005,Unknown,,false
701,0x4a2a824d8138390b3b0defd1548175888158b0cb,246,0.000005,Unknown,,false
702,0xd98c82a4ad395725e1b230c47a64355eb9bc079f,245,0.000005,Unknown,,false
703,0x53289ed1eb3ecf7b2eb0b66ed733b75017557b2d,235,0.000005,Unknown,,false
704,0xa2020d8483eec1e0a83dfce4693e25d101383abc,233,0.000005,Unknown,,false
705,0x8a705c831a06d5a523a854c6e221598ce8ea05c1,230,0.000005,Unknown,,false
706,0x409b6e684d760c61278a0b9ab4b8bdfe9f1857e9,227,0.000005,Unknown,,false
707,0x41132cbd88e1752e1e265428790dfe7e7b0c2cd2,221,0.000004,Unknown,,false
708,0xd1fb645f89110a4d76705de435d5c2d810ecbedf,221,0.000004,Unknown,,false
709,0x225467cfa872d44d45f4caa51c4c76abdb62f731,214,0.000004,Unknown,,false
710,0xf9f828b0f2750b345ee85d306bb919ba0795ec18,210,0.000004,Unknown,,false
711,0xac25530cedcf5fd812806fb6a724b64daf62084a,209,0.000004,Unknown,,false
712,0x2afc4fead5f454531ed4baa608b4112199d49d8a,209,0.000004,Unknown,,false
713,0xa876d3b63aff048c10728fe6ba26835fefb1f71c,207,0.000004,Unknown,,false
714,0xfee02006b7f684b5234bbd6837c628a03a753c0e,202,0.000004,Unknown,,true
715,0xbc21b301561fd42a8839106ed75e70493386032e,200,0.000004,Unknown,,false
716,0xba13b0a148795f94a8dc59713281f96387d99f2e,200,0.000004,Unknown,,false
717,0xa4ae648e6702feaf677067d4a01677df1a7085d6,200,0.000004,Unknown,,false
718,0x87ec3a1b6cd7cc3407fef76fdbd4b4298a62d904,200,0.000004,Unknown,,false
719,0x85bb705cec856da8659c22e6b3d0218ee98358e1,200,0.000004,Unknown,,false
720,0x722472971007cd21c80f261dc4e5ca0d8f32ae6d,200,0.000004,Unknown,,false
721,0x6578a87e36e3d1d69ca15c374432533cc0e14ec0,200,0.000004,Unknown,,false
722,0x598d09c3ba1e655286a2af31bfb5911590bc075d,200,0.000004,Unknown,,false
723,0x3ab906db8fe27b8e1d83cd6be102941117b2b8b3,200,0.000004,Unknown,,false
724,0x3156b3967ccad747dee208ea8b7a7f69f236112c,200,0.000004,Unknown,,false
725,0x1790fdf059894104da6eb0eb91fcc93c3f725190,200,0.000004,Unknown,,false
726,0x1041d60ee0a35a6f1a437d1078e89408266e919b,200,0.000004,Unknown,,false
727,0x058593598c2c3ddcc33f886f2ffa209bf906ef40,200,0.000004,Unknown,,false
728,0xdc572bedcb645d5301e356bc996503a662effa07,199,0.000004,Unknown,,false
729,0x4fc7578b7bf9e860f65343db1def199c07505e9b,195,0.000004,Unknown,,false
730,0x3a17bcaba23589351c90e5fc8ab2fec41da808f7,195,0.000004,Unknown,,false
731,0x1a17c8dbe366a332d47f776c806adcebca4f36e9,193,0.000004,Unknown,,false
732,0x9432581b586f5ab39e706bb76de898f2c638840c,193,0.000004,Unknown,,false
733,0x87332713a3f22e3d71e30ba786f4c1bce03af543,185,0.000004,Unknown,,false
734,0x8b5cf413214ca9348f047d1af402db1b4e96c060,182,0.000004,Unknown,,true
735,0x86496ffc230c72612648503cc7b229d4ebf91aca,181,0.000004,Unknown,,false
736,0x93133cc0e7e988898aefa78c2672a4d86f07d27e,180,0.000004,Unknown,,false
737,0xd60ef6e78efc9790a79c7ac68b10f5aa03e9c06c,166,0.000003,Unknown,,false
738,0x6bbef19fcc175ad941438c9cd96c18284b6900bc,165,0.000003,Unknown,,false
739,0x1c52473b79e13ed1e33a1f4c952ed1ebf18927ff,165,0.000003,Unknown,,false
740,0x94448cdccd877ee18593bdfd151cf83b946b511c,161,0.000003,Unknown,,false
741,0x281907f983922354d1ba77834a0c9b50505952ff,160,0.000003,Unknown,,false
742,0x4e3288c9ca110bcc82bf38f09a7b425c095d92bf,155,0.000003,Unknown,,true
743,0x7ffec245861ba2e94453758fb630f011f89027c3,155,0.000003,Unknown,,false
744,0xcd6b980029e6e6e0733ac8ec3e02be9410d09799,153,0.000003,Unknown,,false
745,0x5cf7459fa721ffd08d528d1f12fb98360f9a0108,152,0.000003,Unknown,,true
746,0xd3f6de33d828d1f6c140803f0c796b7a4f925c66,151,0.000003,Unknown,,false
747,0xa828091fd49875ace7aa7744124ec5055f9f762b,151,0.000003,Unknown,,false
748,0xa8a8e1f29c2ebc7cadb278d7c7d7433c455da3b6,150,0.000003,Unknown,,false
749,0xbeba4ce6dfc24820a994ece4e25f023976dcd979,150,0.000003,Unknown,,false
750,0xff4d279214700f1155140c07fd875906d0612d50,147,0.000003,Unknown,,false
751,0xb319bdea58e4ac8016bacacbeefc02666249f307,147,0.000003,Unknown,,false
752,0x35d11c68de5de9b4ee1dd0b1ec617c3c3064d97b,141,0.000003,Unknown,,false
753,0xfde73c70e220e86bd0e6510c0f907479c1a17ad8,138,0.000003,Unknown,,false
754,0xed964ca0153b2f3a3b975c478045d216ff89ac4c,136,0.000003,Unknown,,false
755,0x713159aa961fc03df15ad6ec2083a298e9c10900,132,0.000003,Unknown,,false
756,0x87560cd78ed8f421da55b58aa374e29b8256e532,130,0.000003,Unknown,,false
757,0x7474d7bd8a894e864a4f0fcc166fe42b4e00de12,129,0.000003,Unknown,,false
758,0x1ed224d23aeff469f6209878edcf8d4dc3b4e761,128,0.000003,Unknown,,false
759,0x89b97efe416466f19834ab61e0e046802bf9d410,127,0.000003,Unknown,,false
760,0x3b8891b1273369b7b00fc7ab962d3525ed60dabe,125,0.000002,Unknown,,false
761,0x8d85db8597853f8d60fa4a746aad2a0f0efc6b61,125,0.000002,Unknown,,false
762,0xaf784a05c763e3aec7ad1c8d09bec15b722d7d95,124,0.000002,Unknown,,false
763,0xe668268f178c875b71fa6fc0aeea1d3467230c97,122,0.000002,Unknown,,false
764,0x6595c53f0a7235116feced8b9844f8a91d75feec,120,0.000002,Unknown,,false
765,0x93b8b4e9537244fe2abfbabac6e7137d9bf561d9,120,0.000002,Unknown,,false
766,0xcb60b4aaf116f4e743f7d9e4bbb63c4f10be312a,117,0.000002,Unknown,,false
767,0x41d484dfb3fdfd5573028ba82866bd862beb152a,116,0.000002,Unknown,,false
768,0x67366782805870060151383f4bbff9dab53e5cd6,116,0.000002,Unknown,,true
769,0x4dc07044e390267e11b4c038eb3819fc95ff67ab,115,0.000002,Unknown,,false
770,0x1a61b9762e5cb36aa03cba1e94614cf2440f00bf,114,0.000002,Unknown,,false
771,0xffe8a60d23070911d909e1670dbb52c17951a0f7,114,0.000002,Unknown,,false
772,0xdf7a5ca59868e5c731aa923fc889dd9505963ec0,113,0.000002,Unknown,,false
773,0xed5f7996f0bfbd6fe68fde1c21c74c9a591a2877,111,0.000002,Unknown,,false
774,0xdf7a27f66cedcb02bec37f7efa5fdbce1f361423,110,0.000002,Unknown,,false
775,0xe669503e27ae902b8ddbc35d431279002e5aabd8,110,0.000002,Unknown,,false
776,0x2f0b4b3a6a598f14b01fdd36669112ed86b32ac6,110,0.000002,Unknown,,false
777,0x5880f0c46eee1f04d124eec319be9ad1182e8d47,110,0.000002,Unknown,,false
778,0x8dc3aea56e82d410ff660caab93954a292c8867a,110,0.000002,Unknown,,false
779,0xc0a1c8f5b65368390929596227a71fa208dbed65,109,0.000002,Unknown,,false
780,0xaf4483f797ee289c165e5678783f36b6f35c1145,108,0.000002,Unknown,,false
781,0x75e1bab7c01ebf53af8f26aaea94c007e892090a,108,0.000002,Unknown,,false
782,0x3f7da3ffb112515c401e6cc84761cfecd7fd9779,108,0.000002,Unknown,,false
783,0x2ebf39fa01c609e1be9184133d345e2d1bb8c64c,108,0.000002,Unknown,,false
784,0xfff37bf210054373600e4cd2b4f64180d567af35,105,0.000002,Unknown,,false
785,0xfff1ce3677932d16ee58c80a4bf2220e721611b8,105,0.000002,Unknown,,false
786,0xfc6e95dd9d9ee4c444d208c6459b6bc62a995215,105,0.000002,Unknown,,false
787,0xf54f90791aaf1e312f94aa5fef5e6ac20de4454f,105,0.000002,Unknown,,false
788,0xf3a6fc94fe1c00b2a5f7b0da53451effaec26dcb,105,0.000002,Unknown,,false
789,0xf2110b317838102ed498ad34416aed782bcfb878,105,0.000002,Unknown,,false
790,0xf1e0bec8ced294c38598e6583f5867c0dadf8d60,105,0.000002,Unknown,,false
791,0xe58b97cc047b43106b70d2a8167d855fb1c95c47,105,0.000002,Unknown,,false
792,0xe3b3dba742ef75d01b59cdf45e50e6de22e8882e,105,0.000002,Unknown,,false
793,0xe2426008656c1b1cc0ba91fd6416d027c72556e3,105,0.000002,Unknown,,false
794,0xe1e30e39d9eb7747d2f70b406bbc7b22035d96f0,105,0.000002,Unknown,,false
795,0xe174f1486baec51139133e5637acbaa14e6ef49a,105,0.000002,Unknown,,false
796,0xdfa1135c4c8c589bdae8a878d140875e10caa590,105,0.000002,Unknown,,false
797,0xdf98e75d8ccafff406b89dc6f690f30bcd71bcd5,105,0.000002,Unknown,,false
798,0xde03cd9d3eac8fc5bc61f028c0c9829183dff98b,105,0.000002,Unknown,,false
799,0xdd58e452a9f751716224c21ca926aaf71b921f25,105,0.000002,Unknown,,false
800,0xd9baf2ff42968141793902d200b8aa0dc1dc8ff1,105,0.000002,Unknown,,false
801,0xd74d68faa97da36d63028a431df873ebaa03f4ab,105,0.000002,Unknown,,false
802,0xd678afe12d79144a339780ffee94f350d8c29161,105,0.000002,Unknown,,false
803,0xd5a9628e1bab7fc1347d7f3e83a706f1caa7c931,105,0.000002,Unknown,,false
804,0xcac8f4817bfb09bce7789558d9ba55dc93f12088,105,0.000002,Unknown,,false
805,0xc891522971b2b69a643da8bfd3f6ed6a1e4e9c15,105,0.000002,Unknown,,false
806,0xc57c19b1db2d18c2bff5a408800ad687c03c441f,105,0.000002,Unknown,,false
807,0xc5563a92acfa0242c38cb434699f0ba16c21f599,105,0.000002,Unknown,,false
808,0xc246d8586a5c09ec53ffbb89597d0cfe97344f4e,105,0.000002,Unknown,,false
809,0xc1ed84f2593144e2bcbbba741340087d08a46562,105,0.000002,Unknown,,false
810,0xbbb0189a4d1e5b42eea08c22359c90af53f0e6c0,105,0.000002,Unknown,,false
811,0xb89e635ee3acaccf848742fc7149343b5dbab4b3,105,0.000002,Unknown,,false
812,0xaf10660603d92ac38c3088d067b8aa885a23c1e0,105,0.000002,Unknown,,false
813,0xaed69bcda5eb7f249eeeb05cb8d01d3732523450,105,0.000002,Unknown,,false
814,0xaa875957fdc40f6ae13c5817b53ccb0b7f1ebde2,105,0.000002,Unknown,,false
815,0xa9a41d53d7e6854478b07ee3df6200cf0b47221a,105,0.000002,Unknown,,false
816,0xa961e0cd7cfe00a799d8f35f2e01b2eeb2c10484,105,0.000002,Unknown,,false
817,0xa7bea7621fb2cea1be4051da36479174f924298a,105,0.000002,Unknown,,false
818,0xa75a57d4d8eead6d8927a721f35a0d8573203fcf,105,0.000002,Unknown,,false
819,0x9dcc07c5497396752ed84d4473a9fa27d6788213,105,0.000002,Unknown,,false
820,0x9c5908f7327a97ea1f408f523d48e6fe2721359f,105,0.000002,Unknown,,false
821,0x9aa3be80d3ab6582dc60ebb03403b70fad3c2d8e,105,0.000002,Unknown,,false
822,0x95a1d488f6dee5899d1d6a8b5efc9f8b42c09ffa,105,0.000002,Unknown,,false
823,0x9531c962cf10f39a3eded69bf7728283f9b9afb2,105,0.000002,Unknown,,false
824,0x885ecc199bc949afe4d9a80624f127d74ab1bf9d,105,0.000002,Unknown,,false
825,0x88015cbd5647a06bdd6b45fbf03b6bab8f6f3e3f,105,0.000002,Unknown,,false
826,0x83ec33bec40878fa52dcfc70ca008aeb2bdb2e4f,105,0.000002,Unknown,,false
827,0x7dae8ea6b14b8363e3cfe53fccecbc3285f24865,105,0.000002,Unknown,,false
828,0x7d4041cc85b9f00a12d60da088a6229cfd02d8a3,105,0.000002,Unknown,,false
829,0x7d18fe47eaee3933862ddf47a0f8ff126a139dfe,105,0.000002,Unknown,,false
830,0x7c443bec990413b58b32e5d59b33727c8fe689a2,105,0.000002,Unknown,,false
831,0x7c20303c077e70e4fd6bbfbed807f942598bd979,105,0.000002,Unknown,,false
832,0x77dc8a7aed238e111213dd6ec228e70e762c2422,105,0.000002,Unknown,,false
833,0x760a7116401fc40a5f8ece971ba093c5cdf75d8d,105,0.000002,Unknown,,false
834,0x71cb8878b50ecf0d40868a8d69e13b6110086f29,105,0.000002,Unknown,,false
835,0x71b40cb6d16d7276b70419907eefcd947b887e99,105,0.000002,Unknown,,false
836,0x6f73e129d1e0c963de9e3b4232614cc68431fc52,105,0.000002,Unknown,,false
837,0x6dde5af0e26ee0f8e998b0aa7c26abcfb370c1f7,105,0.000002,Unknown,,false
838,0x697339a3131ebcc87483a0f753679bbdb32f1c3e,105,0.000002,Unknown,,false
839,0x669546233050ef656629d21dc63400f930831db9,105,0.000002,Unknown,,false
840,0x5cbcdbc0c89f606d5b3543598b5957a874a8c6c3,105,0.000002,Unknown,,false
841,0x5c74df189ebf99995fd345fdf54cdc57a155d3e5,105,0.000002,Unknown,,false
842,0x5b2550e99882f24c60dd3f6846542d0456d641c2,105,0.000002,Unknown,,false
843,0x5aa5c9ad431812aae2597388ee491bcb0cf96bc2,105,0.000002,Unknown,,false
844,0x57838be89699340025381a09e6aacc4704859220,105,0.000002,Unknown,,false
845,0x5259f54ca791a1f06287439278b366c77a24c15e,105,0.000002,Unknown,,false
846,0x504eae5107bb5f561379094ded7785a9f224c4ef,105,0.000002,Unknown,,false
847,0x4f8da42f7095c7472c96f4a337f058e33ff4439a,105,0.000002,Unknown,,false
848,0x4db2418a15503a3d5aa6e5558e68cf33f44adefb,105,0.000002,Unknown,,false
849,0x4ab46408526f98d442ff27e563fbad7d7828d1d8,105,0.000002,Unknown,,false
850,0x484dd7c8df1f5ad5fc6d68050db01b14b65930e9,105,0.000002,Unknown,,false
851,0x40f7c6718c5d23023659bc99f13f0ffb1e8ae820,105,0.000002,Unknown,,false
852,0x401a7926b770707140d5ac1967fcf116f92a6db8,105,0.000002,Unknown,,false
853,0x3c7f98ea46dfd3d2f9924660ada3b786e42468eb,105,0.000002,Unknown,,false
854,0x38f9868c2e9dde8a2dd6fe87c63b1c472a7e9803,105,0.000002,Unknown,,false
855,0x3842807c84b18825176256be85c1d50b875f9994,105,0.000002,Unknown,,false
856,0x37663aec5f78adfcc31ca3d9936592e3d6cfd825,105,0.000002,Unknown,,false
857,0x3687b8c59574518fa9fe415ab76477f199aceefb,105,0.000002,Unknown,,false
858,0x355c1143f8e7571b709f79fd6c1675a51f85b97b,105,0.000002,Unknown,,false
859,0x353822205b3e67d9da5c55cdd3a0e986497e00d0,105,0.000002,Unknown,,false
860,0x340ab4948cf6608bed35adc101dd2d7cba24ed15,105,0.000002,Unknown,,false
861,0x31695ce1dbb15dd8123b405aae7df1ca3c5cd36b,105,0.000002,Unknown,,false
862,0x2f58a0a078f8e895f7482074d7e52e3e41c25f7f,105,0.000002,Unknown,,false
863,0x2b5200973bbac31bc51e3d886b435f884561e8b7,105,0.000002,Unknown,,false
864,0x263e127faf158b07c620c570c129d1501d3e48dc,105,0.000002,Unknown,,false
865,0x261db78b5c7c594fb9f8f15343bb277a224cd2e4,105,0.000002,Unknown,,false
866,0x23c352920803699b08cf55bccdb51a9bfe63097b,105,0.000002,Unknown,,false
867,0x216f716108a5489ae84f3f17cfb6d74fcfbd63c4,105,0.000002,Unknown,,false
868,0x1cefc9d823cafb1bdaafb7215f441e492434e1c5,105,0.000002,Unknown,,false
869,0x1ba3ef2193e2d14e12923ab3fdd3b6d36f24a0d9,105,0.000002,Unknown,,false
870,0x13f6877f4ace0e4aebc9f9e873375662249f9b8a,105,0.000002,Unknown,,false
871,0x12fc347d94e40b3ad68aabe6f5c58675369a176c,105,0.000002,Unknown,,false
872,0x0c145b07d28fa736676b147b8239553cd1dc5634,105,0.000002,Unknown,,false
873,0x08947074e325c782e379d3a534cca0862f17d2dc,105,0.000002,Unknown,,false
874,0x083d7c7d40db899b4435d9434c8d744af1f72cbd,105,0.000002,Unknown,,false
875,0x6c1c1b11421dac6b96ac242dbbdd4d62c7beae1d,102,0.000002,Unknown,,false
876,0x7d0beb26f58bdd68f35c5b4b94c3260a7a4d8833,101,0.000002,Unknown,,false
877,0x6b2bfcdf323f87a6a3005649e8380480d1bf7853,101,0.000002,Unknown,,false
878,0x7a1f82bdd01e87c200c57a9ae4db6a0dfc67f744,100,0.000002,Unknown,,false
879,0x8313f1c90f452cfa13b5f47313f5a9b08cbd5196,100,0.000002,Unknown,,false
880,0x83e447e2552aa47b828a0f8b757b66458fdd25a4,100,0.000002,Unknown,,false
881,0xfee23b52ed0f655987ebaca7bf1653f70a922dd9,100,0.000002,Unknown,,false
882,0xfd8429cb9861be4d94ac47c5ae5c3964868b3705,100,0.000002,Unknown,,false
883,0xfcef96afdf2205423884aee4a68e3d276a9b3e0e,100,0.000002,Unknown,,false
884,0xfc379ca3d15ff9211cb879ea3a05734df07ce6ba,100,0.000002,Unknown,,false
885,0xfbd8785dd39193a5467a8f5961d5f5b77e39f69a,100,0.000002,Unknown,,false
886,0xfb80a1717b7808101e3614456043f75563085489,100,0.000002,Unknown,,false
887,0xfb361355749d506b5575484bc97b14de32beee27,100,0.000002,Unknown,,false
888,0xfa1896685ac73c31d107910ce8507cafc0e3dd57,100,0.000002,Unknown,,false
889,0xf7a643f658599cfc00474f990e3dddadd9506d9a,100,0.000002,Unknown,,false
890,0xf793258a0700b315303a14af3d0f84e0b986930d,100,0.000002,Unknown,,false
891,0xf72f7acfe764ac2dbd5cadb124c3ce38072adb6b,100,0.000002,Unknown,,false
892,0xf70e7b4f53e4b1b122db34d2f9bd2305aac1ba64,100,0.000002,Unknown,,false
893,0xf6a7805217de84a6f8cbbd600d92456c02380942,100,0.000002,Unknown,,false
894,0xf59995d69146b45a4a44ac0924837133e8d43749,100,0.000002,Unknown,,false
895,0xf44535e47c457640e88a8efa8bf913c6401faf3a,100,0.000002,Unknown,,false
896,0xf3d750a13e2b73a6e898cec130bfaeb2989f1e8b,100,0.000002,Unknown,,false
897,0xf2487e55a50e6ff39ff85fd2dd15b61bceac7a50,100,0.000002,Unknown,,false
898,0xf1b0cfb36b307c3a752193cc09b8231ab83dfd19,100,0.000002,Unknown,,false
899,0xf16194a87af2707a97986d590c4010dacab816b3,100,0.000002,Unknown,,false
900,0xf156a4e0da456059fbdbd233c036123a5c32c833,100,0.000002,Unknown,,false
901,0xf10356b55f2e92f7ed040062a04d95de8c7f3447,100,0.000002,Unknown,,false
902,0xf0c536729d3688da08f5acf23e00801ca6049196,100,0.000002,Unknown,,false
903,0xef26a7c264e972537a8fada1f1f56982dbdc0ea8,100,0.000002,Unknown,,false
904,0xeed2093683610f59dae019e5872e6a7e7130d40e,100,0.000002,Unknown,,false
905,0xed8533e5c499966100c14d08901b67586c623dc2,100,0.000002,Unknown,,false
906,0xec8abce6c2ba011251071b3c83d3bfbbb7d7fe69,100,0.000002,Unknown,,false
907,0xeb847050c7952dacc9cca11d3507bed1c2e69d87,100,0.000002,Unknown,,false
908,0xeb7412e773ec5f6b28aa6ea16d3a45004d36d98c,100,0.000002,Unknown,,false
909,0xeb6b4b36f3b57a473233e636d44b72c54b5654e8,100,0.000002,Unknown,,false
910,0xeac27831c6518755ad21779737314b7cd3100304,100,0.000002,Unknown,,false
911,0xea76524fba568e2153e01ddc746646c4109ffc25,100,0.000002,Unknown,,false
912,0xe9e903867b9012839ac20a9ebf15d10ddf31190d,100,0.000002,Unknown,,false
913,0xe9a30999f457da98d14f57e4e1348a938eb98914,100,0.000002,Unknown,,false
914,0xe929e283f4d2b97d3fdf66ce6a0c53aadea5979f,100,0.000002,Unknown,,false
915,0xe80e418536d293d2c3174bc6635ba420603ae89f,100,0.000002,Unknown,,false
916,0xe7bc16c67f1ce167a41909f20152de97c981e89e,100,0.000002,Unknown,,false
917,0xe7988c7a2e58ea7121545ec8d0958ac3af6fe040,100,0.000002,Unknown,,false
918,0xe69de974dfbcc7942f70359fe8356d39aa7af34e,100,0.000002,Unknown,,false
919,0xe620984b2d966ae33d13afa6b77d81c67d29cc46,100,0.000002,Unknown,,false
920,0xe5bcc210825e0081556e32681ce304672345f20d,100,0.000002,Unknown,,false
921,0xe50fd807e17c88f7a8c2ba10d9fbeaf4b3adccec,100,0.000002,Unknown,,false
922,0xe4f8494bfa3e805834ae47ca6dcc379d7613ae92,100,0.000002,Unknown,,false
923,0xe4a0571bb9171a72810c3162faa5401c783d7546,100,0.000002,Unknown,,false
924,0xe428e8ceecac913a40bfc0184eef5674c993b885,100,0.000002,Unknown,,false
925,0xe3c51e519f2c50ec6d80017d7ae09978fa925091,100,0.000002,Unknown,,false
926,0xe3c23e452fbb1ec7cd4554892f494e2a0795a017,100,0.000002,Unknown,,false
927,0xe3bfae507f4ee8161d827acfe4ae812b449c7e1f,100,0.000002,Unknown,,false
928,0xe3147718e726ea2d08844f36b7ee3f3d81e6f975,100,0.000002,Unknown,,false
929,0xe20948e79ca8023ba1fbd2683bc2734ed2c7a511,100,0.000002,Unknown,,false
930,0xe1255641024b372420175cd13c8f82cd3107494c,100,0.000002,Unknown,,false
931,0xe063d4a67183747822e10905f0a366153a105a99,100,0.000002,Unknown,,false
932,0xdff22fcd5cd7379254ec59f6b708ef96371845f0,100,0.000002,Unknown,,false
933,0xdf32e2ad59e2e4b05dc3895bf6d40fcc61a0cd4b,100,0.000002,Unknown,,false
934,0xdee74604be4d2c579d359c4838d1aefdd6e8c438,100,0.000002,Unknown,,false
935,0xdeabd99de9d0205a221e128980c630bc199b55c4,100,0.000002,Unknown,,false
936,0xddddcbe7f172cd41e727f1ede4746f6fa85650e5,100,0.000002,Unknown,,false
937,0xdb624a9eadb59d10b88132446dd071e16d4c821f,100,0.000002,Unknown,,false
938,0xdb06cb8ed41ee93aaada82688fe28477640c3761,100,0.000002,Unknown,,false
939,0xdaf464fa24a678d12dd7a45b306433bf3b1a6a45,100,0.000002,Unknown,,false
940,0xda97788e94ced4ff47c49d8e4e992a4bffc00720,100,0.000002,Unknown,,false
941,0xda5b9b5b2276afef42b4c1dd51d80c0c11bd4a09,100,0.000002,Unknown,,false
942,0xda51a16609fc06f1b057fa6aac6cb90124f4b20c,100,0.000002,Unknown,,false
943,0xd905cfd49403e6dfab5422a5a060895cb3bb46f0,100,0.000002,Unknown,,false
944,0xd8f5d2672e638b1e3dabbcdcd2a1a8f9fb982985,100,0.000002,Unknown,,false
945,0xd8f3a60dc986ca03dd945b6be4db47cb1ecbd5eb,100,0.000002,Unknown,,false
946,0xd885e2c2e7da837ba3b2d9477d4e9464e87dbc7e,100,0.000002,Unknown,,false
947,0xd81cda2a1d7ff40e602ddf9e943fe17531224a77,100,0.000002,Unknown,,false
948,0xd762ff4fbccbc2f7614aeb21c1bbf4de8a4b34fc,100,0.000002,Unknown,,false
949,0xd717ab970fbc1297c3cb652917e8589103d72a37,100,0.000002,Unknown,,false
950,0xd6fa985e1248ce2bfcda2b638a2f2e66332895a5,100,0.000002,Unknown,,false
951,0xd6d06aeb587f67ce9fa893aed7b57e88f0bac35c,100,0.000002,Unknown,,false
952,0xd5d6d69074cb3096a67021b34b60919de885eff3,100,0.000002,Unknown,,false
953,0xd5c50b13761c23e8969cf125d4fcdf809a834e2d,100,0.000002,Unknown,,false
954,0xd5a7743d333284b1d357102f98c73b5eabedaf8b,100,0.000002,Unknown,,false
955,0xd5868554688e60acc7c24dd4975a164711cf3677,100,0.000002,Unknown,,false
956,0xd511a495ce92f314474c9f3044948fc1e970f7ad,100,0.000002,Unknown,,false
957,0xd40b8ec9c9f0e65c80d4c5cc678d50cab2f0dcd6,100,0.000002,Unknown,,false
958,0xd29e479fd92a6737e72f561dd7a4ed0a063315dc,100,0.000002,Unknown,,false
959,0xd256ead0ff580d1343982d705086ffe03a7d9192,100,0.000002,Unknown,,false
960,0xd24efbdce323f64a5326108fd92d71e52e6607b1,100,0.000002,Unknown,,false
961,0xd243a97e2f5470cbdbe62a3b7db00a55ef6d78ae,100,0.000002,Unknown,,false
962,0xd182942ccea7823cd9e3fb7d72bbf49091576b16,100,0.000002,Unknown,,false
963,0xd0aaa3301e190c08d761e19aa2b67fb15194f1f7,100,0.000002,Unknown,,false
964,0xcfef9a56a2df9ed266bf369281abb95d797d00cc,100,0.000002,Unknown,,false
965,0xcf832812ea3fb54254bcea9a2558f09ca94badf8,100,0.000002,Unknown,,false
966,0xce92a10891c842c111b1e2ac7323da7c3c2fb509,100,0.000002,Unknown,,false
967,0xce3641a4346fae0224398cbbbc68445205d75ea5,100,0.000002,Unknown,,false
968,0xcd8c2db9406b874e2269465e09fa58e33fc4de8d,100,0.000002,Unknown,,false
969,0xcd5bbcecc829a93a2ca5a06bbc998290258a246a,100,0.000002,Unknown,,false
970,0xcd3a3f1f9633eb609a4a105dc51f267ee6a428d6,100,0.000002,Unknown,,false
971,0xcbd8296282caa507d9f51fb382c4d145e75f50dd,100,0.000002,Unknown,,true
972,0xcb6242741e72ba7f09770a8237486bf00a0b8012,100,0.000002,Unknown,,false
973,0xcb4fde750b2b1153e641a52e89682e413dc73f3b,100,0.000002,Unknown,,false
974,0xcadc29a04f8c615abd882878b203f7d9e1d046ce,100,0.000002,Unknown,,false
975,0xca1fbfc5c08a9f6a0b14ca529e64bbd44eb19f63,100,0.000002,Unknown,,false
976,0xc8bfae03b2d851b93a245d20547f8186f0bbbc00,100,0.000002,Unknown,,false
977,0xc82e3f80a4e6e9d6ead6cca6ca4924de8f7f4e57,100,0.000002,Unknown,,false
978,0xc803e88f69adf28cab51fb5f38b80eb11ba03de9,100,0.000002,Unknown,,false
979,0xc723bfdf65efc9fcb7fdbeb943e14ee65857cbb6,100,0.000002,Unknown,,false
980,0xc6f3daea19ee3bbf02dbcac644a89ffd52fab461,100,0.000002,Unknown,,false
981,0xc644370d12760f44abcb4dab9ef38266bf909f89,100,0.000002,Unknown,,false
982,0xc64220a9cf8ee594462a6d1ce7ff0c4d0518bb1e,100,0.000002,Unknown,,false
983,0xc55cc869b5b053cff3f0d36f05f5f79472044878,100,0.000002,Unknown,,false
984,0xc549ec49af34b432d2fac072bd732bb9c546e3e5,100,0.000002,Unknown,,false
985,0xc4ef7ecb9985a7bb69e031417ec6446a34f7dc56,100,0.000002,Unknown,,false
986,0xc47f9fa3f73e024f05b1364c85526cace94e4bbc,100,0.000002,Unknown,,false
987,0xc44b3b00ccda39ba2694a1278c56d9138eeca0f0,100,0.000002,Unknown,,false
988,0xc4355935e79783636f9691a894f3134b751ac28d,100,0.000002,Unknown,,false
989,0xc3dea969699bf438266c0b478cc4a9a5c2def9fa,100,0.000002,Unknown,,false
990,0xc3986dd6e840253989c44a733cffdcb1ef8c0c06,100,0.000002,Unknown,,false
991,0xc38d56dd37d33b092d29e94a31b0fa5e2c06427f,100,0.000002,Unknown,,false
992,0xc2bb07a72bc4fb63f853680aca3668ea0e2e9911,100,0.000002,Unknown,,false
993,0xc17b447b53a120d15a417217906927331ff8edf9,100,0.000002,Unknown,,false
994,0xc177e6cf0900c4b35c23f1cfb6b47643d0c6525f,100,0.000002,Unknown,,false
995,0xc141b8acfd5c00b28f523e787748f487079a2f81,100,0.000002,Unknown,,false
996,0xc009ea5f6719d69d19692da925f32a99808f1737,100,0.000002,Unknown,,false
997,0xbff6e2391b83fb6c07cf39a8e00a2619da86392b,100,0.000002,Unknown,,false
998,0xbfc121d1403317c8166a145e2688bb08311345ef,100,0.000002,Unknown,,false
999,0xbeaa5218951bbcd30bb6dc2b67146ad3bf72002c,100,0.000002,Unknown,,false
1000,0xbe514de29c290b2fdcf0dac584e0c6deecb09d67,100,0.000002,Unknown,,false
1001,0xbe34d28809448f3d14a0f1b6f4b6e681d97ec4ab,100,0.000002,Unknown,,false
1002,0xbdb4abdaff61d4fd5a241e0d012a2dc1f958e0a4,100,0.000002,Unknown,,false
1003,0xbc9af71ac4329b97f031470a29e07ac208294828,100,0.000002,Unknown,,false
1004,0xbc921554c965d33d142e2a481574ee197b27090c,100,0.000002,Unknown,,false
1005,0xbc860d178d7e94cc31e83c09011bb2b0fca8a1e7,100,0.000002,Unknown,,false
1006,0xba3286e043d8e7402ec6bbc92b12f935d1871b01,100,0.000002,Unknown,,false
1007,0xba1639707f1201f25d95bf6febb4cc37364b8b95,100,0.000002,Unknown,,false
1008,0xb956bd09861d08c10937ed0b3dfbad2436fac9a2,100,0.000002,Unknown,,false
1009,0xb946b8127744a9028434e725144aec064b3c756c,100,0.000002,Unknown,,false
1010,0xb938c7b41bb202a3a2cebb43c65172e4f7b5e428,100,0.000002,Unknown,,false
1011,0xb8f2547242a07af21b50b1b8c034ec923f63ca28,100,0.000002,Unknown,,false
1012,0xb89a2a257f4c783aa72301b137e6a6fb9c98f71d,100,0.000002,Unknown,,false
1013,0xb874d9a61f717ef6e79d9f217b2910023b61920c,100,0.000002,Unknown,,false
1014,0xb8088bf4387ac4b1c032770860068fb74f5b409c,100,0.000002,Unknown,,false
1015,0xb77793bcfbd4f15a97742c5a7a9891bbec45a65d,100,0.000002,Unknown,,false
1016,0xb71d02873eee28bcd790c58ada1cb38850c858a8,100,0.000002,Unknown,,false
1017,0xb68a753cff6781c6e3c57bdc44b70f63ce620168,100,0.000002,Unknown,,false
1018,0xb63fc1e12c8d4adbb3678b2977091c039a5dc29d,100,0.000002,Unknown,,false
1019,0xb600a9adba805b4e1841bdca02195313035e4789,100,0.000002,Unknown,,false
1020,0xb5f06b156b9f0888d5b3824ad0942dcce281fa53,100,0.000002,Unknown,,false
1021,0xb5717a5ddd289ddebe485cb345292ab857c2521a,100,0.000002,Unknown,,false
1022,0xb51b61798676f51682ca9f2aaa7026e1e1d9718e,100,0.000002,Unknown,,false
1023,0xb3cca7b4a94b1238ffde8500dcb38d1b2d6e5fcf,100,0.000002,Unknown,,false
1024,0xb36404bb54361fa380a97ea2229ee66f2ab2c651,100,0.000002,Unknown,,false
1025,0xb3341557f0a6a742876ffb22dbe2684541e077ad,100,0.000002,Unknown,,false
1026,0xb221fce89b25c3bcb3888b2b970acd1a33c9c365,100,0.000002,Unknown,,false
1027,0xb14b4aef73efadcafae8fb4ad88bda96a36a0f3d,100,0.000002,Unknown,,false
1028,0xb1289d8103c3b14ac6ce64156b428da2ad59e02b,100,0.000002,Unknown,,false
1029,0xb05b5dbbc823ceec8b79d0d92f697f2d59f5942a,100,0.000002,Unknown,,false
1030,0xb02f5c8a5209c06cd93bc0d542473d571ebfae90,100,0.000002,Unknown,,false
1031,0xaf9f518f1a4e8cbbb80829589349b6fedfc8b17f,100,0.000002,Unknown,,false
1032,0xae44ec6cc2faec8f4129c5c4b3442026b1e29199,100,0.000002,Unknown,,false
1033,0xacdbde51d071de49d80fecab88132d0fb5ac9b4a,100,0.000002,Unknown,,false
1034,0xac62db3f27b2e463c45c30f57c5d91447b368e73,100,0.000002,Unknown,,false
1035,0xac0ac794674bce0d964cb1906610b67760c3165e,100,0.000002,Unknown,,false
1036,0xab1cc65319e2f72dfcb11eaed8dfe812c194ecdd,100,0.000002,Unknown,,false
1037,0xa9f5ed140d8135d0bd421c762b306e502b3b7c01,100,0.000002,Unknown,,false
1038,0xa9e50bc5b37882a74e22a4cb9f660ca317642301,100,0.000002,Unknown,,false
1039,0xa9265ddc97f62a034ac77b745f605366960b78a5,100,0.000002,Unknown,,false
1040,0xa8be4abd50b530855988ad09afcfed6af48a9b97,100,0.000002,Unknown,,false
1041,0xa86d1e3353b23d86cd3e066f24d498a24848c3e1,100,0.000002,Unknown,,false
1042,0xa821c3e0d4b00d78db5dd34ad33a96982e707d14,100,0.000002,Unknown,,false
1043,0xa6933b7152157689346f234a1217106c482d42f0,100,0.000002,Unknown,,false
1044,0xa683c059d678bd834cc0190740b6052ed1f43348,100,0.000002,Unknown,,false
1045,0xa64c71b40a32ada2f13b5cb63ec27e267d6fc504,100,0.000002,Unknown,,false
1046,0xa5d9762aa43daab4fce8ed1383a95a61a3c9bede,100,0.000002,Unknown,,false
1047,0xa5afc8f8774bc3dd60cbd4f80b1edf55801c2b52,100,0.000002,Unknown,,false
1048,0xa562c1e1b92462770aaa572ae87ea0940d49b1c3,100,0.000002,Unknown,,false
1049,0xa513a4c2139e21a89fc74ccf016e3e3c36cb863e,100,0.000002,Unknown,,false
1050,0xa4e300328218918d3796546ff873b0f1b71392b2,100,0.000002,Unknown,,false
1051,0xa4524619ec127af5a216f8b2627625848464edb4,100,0.000002,Unknown,,false
1052,0xa31b401133524807819244f05d0bd936212c4a15,100,0.000002,Unknown,,false
1053,0xa2720bef517f10ed0a203a813a45cefde8d7a49f,100,0.000002,Unknown,,false
1054,0xa223dba1cd35a3089421b4512bb4cbf7d4175d2a,100,0.000002,Unknown,,false
1055,0xa1c2cfc8cda760b976d7f36589c4e9c1c8c3beda,100,0.000002,Unknown,,false
1056,0xa0480f02b05d91fdfe3729fc968472550c591f0c,100,0.000002,Unknown,,false
1057,0xa03db5890ccfee53b167e44486513c1822c8f8e4,100,0.000002,Unknown,,false
1058,0xa02927df7e1ea0683e730810caec0a1e12a74235,100,0.000002,Unknown,,false
1059,0x9fea2dd7d24fa8bccea8079fa1b61b00183f1755,100,0.000002,Unknown,,false
1060,0x9f9de4de3f054a04e3beb07b8a584b30908b8b96,100,0.000002,Unknown,,false
1061,0x9f9b13396c3e74cd33f1eba9632fd68d7d20f228,100,0.000002,Unknown,,false
1062,0x9f75e2644713dbbcf58621f61ceb8b158abf1f04,100,0.000002,Unknown,,false
1063,0x9ebe329cbafcba82b2a65f68afae573bb626a49b,100,0.000002,Unknown,,false
1064,0x9e11605411d172a13143bd44973496b1f9e7f45b,100,0.000002,Unknown,,false
1065,0x9d82a35456942e7fe70f788c80f672950f14f2a6,100,0.000002,Unknown,,false
1066,0x9d038a183ff647f9dbe23d3f141c35908e9aeb46,100,0.000002,Unknown,,false
1067,0x9cd53546580c5119d9d52f7a5df9b89ad7d7deb8,100,0.000002,Unknown,,false
1068,0x9cb30e3be6221edac642922021dc8b61afa9db04,100,0.000002,Unknown,,false
1069,0x9c9c72bb2471b160ef12d8462c718a3940a96fe0,100,0.000002,Unknown,,false
1070,0x9c55220d1f729f37024d6d57bc093779125dbe5b,100,0.000002,Unknown,,false
1071,0x9be2dc1ce5baa135fe5a5259b5056471752cc89d,100,0.000002,Unknown,,true
1072,0x9bcd2bd6f4799f8d68a95751a6e79314cda60391,100,0.000002,Unknown,,false
1073,0x9b24623a64568f103e6557c3d02a599118452f4f,100,0.000002,Unknown,,false
1074,0x9b07c5dc5e1aa7471c9df0b125a908c3e6330a16,100,0.000002,Unknown,,false
1075,0x9adfbbe9333381ff665bea9d5756aa91427feaca,100,0.000002,Unknown,,false
1076,0x9aa54a502ac9ca9414c0c4803111c3273a2ec512,100,0.000002,Unknown,,false
1077,0x9a41bfb11aab395757c3361eb5cb25a7033c816f,100,0.000002,Unknown,,false
1078,0x9a0a217698510eb33962b3d433e600a217ed86d0,100,0.000002,Unknown,,false
1079,0x9a01d9c2abc53c0be32e8c071e4f8231a7430db8,100,0.000002,Unknown,,false
1080,0x99362580e314cfe981f4463504c3f744b38a7dcb,100,0.000002,Unknown,,false
1081,0x98c740c0e2976620e33fc56e3ee49ec46d829739,100,0.000002,Unknown,,false
1082,0x98bb662405896369118c1cce29e977a9fceb0359,100,0.000002,Unknown,,false
1083,0x9829ec450c7b8b7701b3b576fba024111220908e,100,0.000002,Unknown,,false
1084,0x9821fba57ad5f54aedbfe2c5242a5c22b49b679c,100,0.000002,Unknown,,false
1085,0x97abe6850de14fe6205995473f51d8b0e1604134,100,0.000002,Unknown,,false
1086,0x9798e31849dc34d4a3613469030239829be17dfd,100,0.000002,Unknown,,false
1087,0x97535d7efb075a69d67769f861b7453bf5f4f067,100,0.000002,Unknown,,false
1088,0x970b6129796a21a286c1af36c5bb45405cdd4708,100,0.000002,Unknown,,false
1089,0x96e0bc55c0e391f459b9485612e37e444ee79440,100,0.000002,Unknown,,false
1090,0x94fd603a4580366da1ec4440a15ea339b42c8f3a,100,0.000002,Unknown,,false
1091,0x946ca9d5581acb5353bddbe39444eb448f58fcf1,100,0.000002,Unknown,,false
1092,0x943e4a87277962f492f759c5124fa70fe085875a,100,0.000002,Unknown,,false
1093,0x941dde14d7d03b9935c8eabd5e9249a129bc1362,100,0.000002,Unknown,,false
1094,0x92ce15ec5ef0c12eca2049fc7a83716ccff4e16d,100,0.000002,Unknown,,false
1095,0x91fef4a409727d1773ae288043afdfadf3c34385,100,0.000002,Unknown,,false
1096,0x913e9494a05332fcb772ad8963fac63c13e81f76,100,0.000002,Unknown,,false
1097,0x91255bd9e6df08349d55ff0409b74fd2dae7629d,100,0.000002,Unknown,,false
1098,0x90ee7f8c83dedbc65d92bf7c871ea35fd1780af4,100,0.000002,Unknown,,false
1099,0x90c15209e55a12bf6b5c90f818152863ac87e742,100,0.000002,Unknown,,false
1100,0x9060f2510f347bd887966efcb8208be80ebe43a9,100,0.000002,Unknown,,false
1101,0x905b2fc435411aaf2fa31372fb4428d1438fa242,100,0.000002,Unknown,,false
1102,0x9035de1b33a8323ec5642b626cfc614725133780,100,0.000002,Unknown,,false
1103,0x902369dc32fcb368f4e07ffebfe08b8ba2041c4e,100,0.000002,Unknown,,false
1104,0x8fe0d863be9d3f1c06f85a87b87f42a30595b159,100,0.000002,Unknown,,false
1105,0x8fe02531f2dfcd7a81be3269ccce295b70c968a9,100,0.000002,Unknown,,false
1106,0x8fdc4e4123c4fca74cbc2c3ab45e5943e3c70697,100,0.000002,Unknown,,false
1107,0x8f46c406c1bda97835193e84e53f783dae383386,100,0.000002,Unknown,,false
1108,0x8f3feca659bb07e3f81f68a3a618be4d819badb0,100,0.000002,Unknown,,false
1109,0x8ec5d4c815a4008a5f36394b035f5d0221d298a2,100,0.000002,Unknown,,false
1110,0x8e5243e34044f6e03a0502aa281f4fc5fb18dece,100,0.000002,Unknown,,false
1111,0x8e2616f1ed8655752fb5fdafbbfbc52503b3b187,100,0.000002,Unknown,,false
1112,0x8de846c8384ff26d8f6652a4cd17361c6c07dcb3,100,0.000002,Unknown,,false
1113,0x8da21a447ddc49b3cc91eb65fa65fb839f6a59f5,100,0.000002,Unknown,,false
1114,0x8d7a4d1166cc206daf1edac48e52c97d90102e6b,100,0.000002,Unknown,,false
1115,0x8b8b463c9152a09bd0cd42327e301449231b1882,100,0.000002,Unknown,,false
1116,0x8b590636108abdb8cb34ddddf7a9703eacdfe55e,100,0.000002,Unknown,,false
1117,0x8abfd9903cd05fd3102433b61df5959c5d0eb840,100,0.000002,Unknown,,false
1118,0x8ab8f3d076fa207eca6d3d52a48855f0e88b3fa4,100,0.000002,Unknown,,false
1119,0x8a6e28344e63c30ec0fbcff654ecbafb432f3538,100,0.000002,Unknown,,false
1120,0x88754072a0b1149c125eef00c5dfd330da8ea1cc,100,0.000002,Unknown,,false
1121,0x8833c2f798078f8871da547865a7728737bf04a1,100,0.000002,Unknown,,false
1122,0x8787cf9e294cc6a5d8609fc67601a2e1b8c844d9,100,0.000002,Unknown,,false
1123,0x874af7204f8f6be0de4fb8f6b6a32d449bffd6a5,100,0.000002,Unknown,,false
1124,0x86e63c57c06d70bd3e88914a2cd9646c9e8446fd,100,0.000002,Unknown,,false
1125,0x8570d21b0773b5c4aeed59a1e3455abea9b33a65,100,0.000002,Unknown,,false
1126,0x8499af5e137dd2ccac4c56c2023686bbe6f2365a,100,0.000002,Unknown,,false
1127,0x84799b696de76f455b6230fa813331df19905ecc,100,0.000002,Unknown,,false
1128,0x83932cba6608ff542e0e7ac6dd9bc7572be1abe8,100,0.000002,Unknown,,false
1129,0x83463b94ce46f1747bb36546cf11277dfe8f79cc,100,0.000002,Unknown,,false
1130,0x81895edf000ca1285c7cad0927f0c9dc1efba6ab,100,0.000002,Unknown,,false
1131,0x815e332c26b16f586b29a4198dcba29f82546106,100,0.000002,Unknown,,false
1132,0x814fbb37a58b404fe1c2e36291825de05224ecc3,100,0.000002,Unknown,,false
1133,0x810555c58bb1c92221f7217ce60ca15722777cae,100,0.000002,Unknown,,false
1134,0x80eb8ff196134cd7e90d7ec454d72176bb57f58d,100,0.000002,Unknown,,false
1135,0x80aa342b0524c5c6a2a4ee27180e634f7ccc8994,100,0.000002,Unknown,,false
1136,0x80a3791e71cee1a52fd6803a095cae60ffff99fa,100,0.000002,Unknown,,false
1137,0x7fa585e7b9d6c48cf1ed2af0d401fd89880e6e0b,100,0.000002,Unknown,,false
1138,0x7dc3944a36294986a35cf9e32cef31165183ea9c,100,0.000002,Unknown,,true
1139,0x7da451a21783c46c7e03202e3b6b68814d307360,100,0.000002,Unknown,,false
1140,0x7da2542c9d2a546766117410fe86c59a8e014fa2,100,0.000002,Unknown,,false
1141,0x7d17712d25c5c3893ab12093b43545946249f00c,100,0.000002,Unknown,,false
1142,0x7cf407ea8c391abdb26b5d6d0aacd787f121d1d0,100,0.000002,Unknown,,false
1143,0x7cd4c703dc2f0b382d93d34cef71009a5f35aceb,100,0.000002,Unknown,,false
1144,0x7ae1b3e3ee667f560046d65c1481ff854d7d8083,100,0.000002,Unknown,,false
1145,0x7ad4070c4603d76baeae4b03902466a9155232d1,100,0.000002,Unknown,,false
1146,0x79fec65306e817f2f44f5e56fde13db4cc3ebd65,100,0.000002,Unknown,,false
1147,0x79daf9bda18d08783d659b97f757e9f362346b38,100,0.000002,Unknown,,false
1148,0x79ad15ca6974b96b93dde683f85b4a9e385395b5,100,0.000002,Unknown,,false
1149,0x79821e5aca0c3afa6ef2c0f7899c2006e6759732,100,0.000002,Unknown,,false
1150,0x796c19efa7987e84b660dacacbd211f3408f77d4,100,0.000002,Unknown,,false
1151,0x78444e7341dcf684d6484831ca73023ad856070d,100,0.000002,Unknown,,false
1152,0x77c3aa57f529b0ead63ad74a1fa60cd977985a2e,100,0.000002,Unknown,,false
1153,0x76d3206070d5cf17f419f3f09f837e7c2eddda79,100,0.000002,Unknown,,false
1154,0x75915276bea21014a3379c9475ff97eb99043a25,100,0.000002,Unknown,,false
1155,0x754b04dce4fe2a73e5822672f26273ce7512d8e4,100,0.000002,Unknown,,false
1156,0x74f2472593b3fbf250c076c213aa77dc14ec7da7,100,0.000002,Unknown,,false
1157,0x74db5a788a2e1cfd884a1c83f9fa67ddc573917e,100,0.000002,Unknown,,false
1158,0x744054fadec832ddf205a749b965bedaecac2c59,100,0.000002,Unknown,,false
1159,0x742474d64da1346c4ca43b2d5a7cfd52e5c45770,100,0.000002,Unknown,,false
1160,0x73fc0c2498f6de2e997528f94e3998503cb17828,100,0.000002,Unknown,,false
1161,0x73349cf5ddd209c5f5ef56c03eb24ba4091a3935,100,0.000002,Unknown,,false
1162,0x721a1b85753fad4dc932585609f3428f2dd1aee3,100,0.000002,Unknown,,false
1163,0x71d5af8430452c7351a7d14f2d95fdf84b70587b,100,0.000002,Unknown,,false
1164,0x717d74f6a437ae5b86fb0c6eec6d0d2c6454fb76,100,0.000002,Unknown,,false
1165,0x70f6f92e01e5b58f1eb9109f66a0d1cfcbacabd0,100,0.000002,Unknown,,false
1166,0x709086c1b1389b46cc745288c0d26cc0200b086e,100,0.000002,Unknown,,false
1167,0x6ff2a6da71bd10f0f40475442464dc55a1c6f8a7,100,0.000002,Unknown,,false
1168,0x6f2eeae70a7176acb39e08ad15a473df64d2514a,100,0.000002,Unknown,,false
1169,0x6f29f5cd855d75e219036ff0cc8464f4b774897c,100,0.000002,Unknown,,false
1170,0x6f242505a9c47921ad0dd97f227fe93b69cfbe08,100,0.000002,Unknown,,false
1171,0x6e7272c5aa66fb7d3f1c370e1b820d465d02d194,100,0.000002,Unknown,,false
1172,0x6dd70631958cc2d2dee6a10e127ac1a45dbcec00,100,0.000002,Unknown,,false
1173,0x6cbde7735c0b461b5dcfd1e8fc763a57a6f0488d,100,0.000002,Unknown,,false
1174,0x6caa0809c2839c85b8bba98a508efaa9e3c18e7a,100,0.000002,Unknown,,false
1175,0x6c4251cde2c4319f09e0039d8cbb8e6a34543ad4,100,0.000002,Unknown,,false
1176,0x6c07e62183787ee4635bfe77d5482aa92ab437eb,100,0.000002,Unknown,,false
1177,0x6b53fbb8e78568d3b35421539ca6120adef178eb,100,0.000002,Unknown,,false
1178,0x6ae8010360fd325233531c9fcf73d9b12299e204,100,0.000002,Unknown,,false
1179,0x6acf58edaceb711d8d77d824ac73e928da0c2959,100,0.000002,Unknown,,false
1180,0x6985d13cd1171c429c7681f24153d6b58664008d,100,0.000002,Unknown,,false
1181,0x698278482bd803589362cd675fb9c4e6bc78ccbf,100,0.000002,Unknown,,false
1182,0x69492590207c67d4d2418d2e23f901c2d6531f93,100,0.000002,Unknown,,false
1183,0x6928addeb6aa7b02143210abe8439be9b4df7ea9,100,0.000002,Unknown,,false
1184,0x69237def3236196bf244a5d0bb2056fd493f118f,100,0.000002,Unknown,,false
1185,0x6920ef1eb0dc640b99e819c911a1f482d9e6c406,100,0.000002,Unknown,,false
1186,0x68ca9523e6945f3ee0c201c65e44009232f6b860,100,0.000002,Unknown,,false
1187,0x66f4bfdde9bd804643d5dac54d273f3ea296cb16,100,0.000002,Unknown,,false
1188,0x66b610c3f8bc2f10a77102be50b8605df2716bb7,100,0.000002,Unknown,,false
1189,0x65df9e5d5b3d4f70d6225891911dde9afd8cb8a7,100,0.000002,Unknown,,false
1190,0x657d63d39121f1bf1f4e27abc2de9f10ddfda623,100,0.000002,Unknown,,false
1191,0x64ad2e76996a7c3a807e102cdd8ad83f70ae3720,100,0.000002,Unknown,,false
1192,0x63d37922efbe53f302ad8f206d5a9de30c346787,100,0.000002,Unknown,,false
1193,0x63ca46007649a911e3c6cfeb51dac41d1e17c8b4,100,0.000002,Unknown,,false
1194,0x632005c4b5c6aa4cfab756ce1627fc6f48804f66,100,0.000002,Unknown,,false
1195,0x62f5284328043dee286d4cc6f743a9ad8429787d,100,0.000002,Unknown,,false
1196,0x622f0881fab37444e1c20cf7460b1c68c2ba4962,100,0.000002,Unknown,,false
1197,0x61629acd4774404a0f1707e89ca0d471ccb19216,100,0.000002,Unknown,,false
1198,0x614c9b1d4c7b0cff4b7d390db4bc703efe5bb663,100,0.000002,Unknown,,false
1199,0x6136764b7b8275496817f0018b4b3c2f386704bc,100,0.000002,Unknown,,false
1200,0x60fbbd51b88073b9b980af2b67464600a5f4bb4a,100,0.000002,Unknown,,false
1201,0x60bc1af2bd4df03fefd069cd957e16289d0f7a3e,100,0.000002,Unknown,,false
1202,0x603951b48fb6e8c4930e407e4453636173aa9eae,100,0.000002,Unknown,,false
1203,0x5fe70419df2173ccfeaaad13a8dcc5e2ca3db9da,100,0.000002,Unknown,,false
1204,0x5fe08e1e6ddfdf5aec7de5d84116c1d1f5576d81,100,0.000002,Unknown,,false
1205,0x5fd87a439b3e6cd45d553df4c568bee076dfd8e2,100,0.000002,Unknown,,false
1206,0x5e7577f55a1b64e2b181831ff918bd98dc73154a,100,0.000002,Unknown,,false
1207,0x5e277cecd230c241ff24310445ae9eca60612782,100,0.000002,Unknown,,false
1208,0x5e12d9316cd25300fcc9365d744845ed211a8aca,100,0.000002,Unknown,,false
1209,0x5c9a76539ad4ac049a0b51c43eb0f5cde0700ecd,100,0.000002,Unknown,,false
1210,0x5be750fec80e5c0a5c7d108fd659a0daf53d660d,100,0.000002,Unknown,,false
1211,0x5aa388bc18f3f817353182f84154d0e76ea7e569,100,0.000002,Unknown,,false
1212,0x5a8d3b12147754061a2088e380cddf94cedfd6c7,100,0.000002,Unknown,,false
1213,0x59ee490cb228cd379ba79b4b56d9e88bbac5b267,100,0.000002,Unknown,,false
1214,0x58cccfcbbdc7272be7e3c2c26a88c412e9cf7039,100,0.000002,Unknown,,false
1215,0x57715ab48cf3ba352c834343247213ad3964d20f,100,0.000002,Unknown,,false
1216,0x563e3511d27e7e8ac7f88ffc66250ac61f6dd4a1,100,0.000002,Unknown,,false
1217,0x55f37fc37fdac61855fa09fea7a81952dc57bf1c,100,0.000002,Unknown,,false
1218,0x54bbe320c515401414592c4375a8011d39743a61,100,0.000002,Unknown,,false
1219,0x54a04dc89ae730abb2df555fbf59c22e84bcc31f,100,0.000002,Unknown,,false
1220,0x53cbb96e379b91f7781b601f47c2cc85ca946752,100,0.000002,Unknown,,false
1221,0x528f4cd61342d37ee3cfb333c71a036e7b6a6e03,100,0.000002,Unknown,,false
1222,0x527929bfe714708adb8fcaa7d7b28a947ef130a0,100,0.000002,Unknown,,false
1223,0x5151643126ed9ecbe0bcbb00b59daaa61e7fc170,100,0.000002,Unknown,,false
1224,0x4fdb63bc1cbc787538de026aee89bda1b29ef077,100,0.000002,Unknown,,false
1225,0x4fda2535e254c0b465cad61a39731560f66871cd,100,0.000002,Unknown,,false
1226,0x4ec661a45cc8e1a7359b12117782cd0b0d4579de,100,0.000002,Unknown,,false
1227,0x4e12f3c1a3ffa41ec3a52470c71134ec53b34abb,100,0.000002,Unknown,,false
1228,0x4d91ca17ee2fbd40b4d47fb22559ed0465a4f44c,100,0.000002,Unknown,,false
1229,0x4cefbdbaed3da1dd7bb5e72b4a8d8d12de714b20,100,0.000002,Unknown,,false
1230,0x4c2ae7ca52e35af509e94ac6aef5910958b76740,100,0.000002,Unknown,,false
1231,0x4c224b7056464c4ee5c036b4fe61c629a019e7a0,100,0.000002,Unknown,,false
1232,0x4b7f01773828365cd6801929829252e100a74cb0,100,0.000002,Unknown,,false
1233,0x4a4a237d6de2b844c4fb1502b5a530f0415b5779,100,0.000002,Unknown,,false
1234,0x49b0200be4ee21e5c7a26ee371b241b8ba4063fb,100,0.000002,Unknown,,false
1235,0x49242154d5cfdbc5f4cf92396b4aa8eea4e91379,100,0.000002,Unknown,,false
1236,0x48ae9aced6450e00017e469c3dfa7bf2c3cd81ae,100,0.000002,Unknown,,false
1237,0x48ae5d74e85958a1d409f29c71b0f06cade9996c,100,0.000002,Unknown,,false
1238,0x4885506f580057c33796b70b24b2fbb27e741a41,100,0.000002,Unknown,,false
1239,0x478c2ebfb054e46c6a3b89f2405ff5f4f3d37db2,100,0.000002,Unknown,,false
1240,0x474606e3e984b3824a741b2d5b6ee346504157bc,100,0.000002,Unknown,,false
1241,0x4717428a3b1c8b97d00814c4791afa03d173c554,100,0.000002,Unknown,,false
1242,0x46e185cf393ecedd13a6b5a21a65f912ff2ce380,100,0.000002,Unknown,,false
1243,0x4582ee2008ecede46e9adf297bc0a72571125c24,100,0.000002,Unknown,,false
1244,0x440197694df880440931419216846bfd03db37cb,100,0.000002,Unknown,,false
1245,0x43f68e4f4e043a93485944fa8cf9acc1b29dc158,100,0.000002,Unknown,,false
1246,0x4393363940bc791c89f53758cd96906ce5c310fe,100,0.000002,Unknown,,false
1247,0x417d948afd467eb3b30a8dca0ea621e6a138226c,100,0.000002,Unknown,,false
1248,0x3f06db38234fbf1bd0818aaebe541ead9163e480,100,0.000002,Unknown,,false
1249,0x3efa921cfdd53edaf74177e478ca90daffa4bfbe,100,0.000002,Unknown,,false
1250,0x3e7e529f02e8f89b8e0c4dc6abb6c2bb05e0f38d,100,0.000002,Unknown,,false
1251,0x3e00a6eb57f6a46d827b1a3ff355042253fa52e8,100,0.000002,Unknown,,false
1252,0x3d8b9262fadc9145948ed838a0c104ad2a572bd6,100,0.000002,Unknown,,false
1253,0x3d4360b38c2e914a988c492c7f19a90c2a906d42,100,0.000002,Unknown,,false
1254,0x3d1f103a030f21f413bacadd0759bfc529c81962,100,0.000002,Unknown,,false
1255,0x3c2fb7433253f3ed2814f9ff997ed0c204670aa2,100,0.000002,Unknown,,false
1256,0x3b603a339a295dc92a6d25deeb86e101c7cf115a,100,0.000002,Unknown,,false
1257,0x3b1df54fc7288ed59df190f4fc3c01096aa35e21,100,0.000002,Unknown,,false
1258,0x3a0309c0ce28f222dbaddc793fc1dcd4a9d3f15a,100,0.000002,Unknown,,false
1259,0x39f20ebadfaf8e617d9b6a5b24ea4e8f14eb2ad7,100,0.000002,Unknown,,false
1260,0x393e7a115bad47f5becd69079010ec9cc83ba1a0,100,0.000002,Unknown,,false
1261,0x38d480ede37bff8a78cd27d412e2d5deb7813c2e,100,0.000002,Unknown,,false
1262,0x3765e8f0e4a7e0ff3dcd3b2ba4676d5635f558cd,100,0.000002,Unknown,,false
1263,0x36d403301d519f323278380e8eddd5a9f496d44e,100,0.000002,Unknown,,false
1264,0x35dda03282784e594ae4ec1f4c1b85842e5ad548,100,0.000002,Unknown,,false
1265,0x35d670ae8d079428fb106ae27fc841d9671268df,100,0.000002,Unknown,,false
1266,0x35a96822bbea8bfb2c7c9426f381ff000785e2b4,100,0.000002,Unknown,,false
1267,0x35a06fe27bcb922db483e62f876b6ccf1c198ff3,100,0.000002,Unknown,,false
1268,0x3520cdf8318ecf25cedc48e2dddc84d043c31c21,100,0.000002,Unknown,,false
1269,0x3423b8cc0e55a21c6cfad22fcabfe8533764d931,100,0.000002,Unknown,,false
1270,0x33f229e53c85c6055f64ac894f670b94da709786,100,0.000002,Unknown,,false
1271,0x33dc0532f7e2e9a6cfbceeccfab12c8dd50dddeb,100,0.000002,Unknown,,false
1272,0x336cbd2357aaae77a8a41a2ac8165511af00c08b,100,0.000002,Unknown,,false
1273,0x334f699650b707edd90bed897fa0561743f1e7a7,100,0.000002,Unknown,,false
1274,0x33344f10871ba111ffa97afdd6088820da2eaf6b,100,0.000002,Unknown,,false
1275,0x3260382c8a849bfa16cb7494448176fb43da374c,100,0.000002,Unknown,,false
1276,0x323c97d4bc6736545e60cc8a24efa297a45b0992,100,0.000002,Unknown,,false
1277,0x31d5b6ebea871187c793cd8dd6c13a1b6f361ba4,100,0.000002,Unknown,,false
1278,0x3190540e01d0d3be41d060754463ce0492bbdf80,100,0.000002,Unknown,,false
1279,0x30d995f068a4eea76f5ba3b229b8f5953b6aec7b,100,0.000002,Unknown,,false
1280,0x30bca26ac81119c532f02f4aa5eff5b572d23704,100,0.000002,Unknown,,false
1281,0x309b98cd5b2ee7ba5c484364ecfe42b62cbcd9e4,100,0.000002,Unknown,,false
1282,0x304d5c959d7b2e6a753749c024824e6b17df03f5,100,0.000002,Unknown,,false
1283,0x2f874d4cbc7ed7d5ebaa3ab849671db4ec548ba0,100,0.000002,Unknown,,false
1284,0x2f4b62c8acb1eed21a3b658c74eeed859f1b96dc,100,0.000002,Unknown,,false
1285,0x2f0b82c1f8b1cc55be3452a1515eefa8b975bf2e,100,0.000002,Unknown,,false
1286,0x2e5b32a84a1810f99d95ed86ce222ece45345c8d,100,0.000002,Unknown,,false
1287,0x2d287967498d9ab1072d12574b340efae6d3a84c,100,0.000002,Unknown,,false
1288,0x2caefa3022cf423372ccb25c42475d7a09fe0362,100,0.000002,Unknown,,false
1289,0x2b0f9a2001176c279387ca2938cbb3ee0bcd3478,100,0.000002,Unknown,,false
1290,0x2a1a727b1fe5863ca048f64d38160577d378dd57,100,0.000002,Unknown,,false
1291,0x298dcbdcee094e27b35b2beb5eb5fbe50a73777a,100,0.000002,Unknown,,false
1292,0x27de3dc9867cbc795f4a5ad9fac60fb769c23ec8,100,0.000002,Unknown,,false
1293,0x27ac51307cf59ddf0c163803d7e2012b85bfed0d,100,0.000002,Unknown,,false
1294,0x27159e2687177dcdbbe64bdbc0bd1693b6b614b2,100,0.000002,Unknown,,false
1295,0x242c0cbe45a3a30057b56db6cc6fb83229d72941,100,0.000002,Unknown,,false
1296,0x242220303a60e2fd8f4c37aad5d9852fa8741faa,100,0.000002,Unknown,,false
1297,0x2388a45d6ef79e3fba4b03c63e02e93cea9768fd,100,0.000002,Unknown,,false
1298,0x23563d2683d1e3a0f2dca6ad851a92af03d1dfd3,100,0.000002,Unknown,,false
1299,0x22c0cd37bbab9bcba66baa50372c25da929a70ea,100,0.000002,Unknown,,false
1300,0x22b016e3551b3de4543544ea9f67e3a4e35e062c,100,0.000002,Unknown,,false
1301,0x21bf59cdd4eb8723e928b4d8dd95c9758e26d6e8,100,0.000002,Unknown,,false
1302,0x217d1b539611ced16ccb684de5fef33a02d7f136,100,0.000002,Unknown,,false
1303,0x20e62a1ef4147bc4035bd7e5eb8591e186bad6ea,100,0.000002,Unknown,,false
1304,0x20a13f74aca78cb418ae4494c6999ed644f7c538,100,0.000002,Unknown,,false
1305,0x204b08f0eb7c726941800a5e103ec0f5a318c94c,100,0.000002,Unknown,,false
1306,0x1fc6951ae981cf2015bd03651647eeefa46bf369,100,0.000002,Unknown,,false
1307,0x1faa881167583619186dba99a7a574890fba6033,100,0.000002,Unknown,,false
1308,0x1f0237f2db4453e25a7dd903443a57ac322c5a83,100,0.000002,Unknown,,false
1309,0x1e2e102c29e1d40491734957634beb2251b13675,100,0.000002,Unknown,,false
1310,0x1de1eefb287bb2606e5b678a30ecf8ba0654a956,100,0.000002,Unknown,,false
1311,0x1c59ad0d387a064b2da04c15ed9c6bd706594817,100,0.000002,Unknown,,false
1312,0x1c5657f9d31e010dfd5dbc4c625a57a3f13cbebd,100,0.000002,Unknown,,false
1313,0x1a230e6fecc441887c7bc05e9393d8baf25e4127,100,0.000002,Unknown,,false
1314,0x19e7fc2bcf44c9440a45429d8c76701fb089c550,100,0.000002,Unknown,,false
1315,0x19df227c48c7997485b8dae618febdce9f9f6215,100,0.000002,Unknown,,false
1316,0x19c5ee1265fbc68096e3ece05b9aa8db32db1139,100,0.000002,Unknown,,false
1317,0x19699494d8bf93895edd9b0b57a9bae4420a1fb3,100,0.000002,Unknown,,false
1318,0x1959da6fe261863f0845b747688c217b165c384e,100,0.000002,Unknown,,false
1319,0x18c955ad57ed87fa0dd11bb0eab44981a6cc46d7,100,0.000002,Unknown,,false
1320,0x18b8fa0fd984a4cf787be6b611cc98e890b66bde,100,0.000002,Unknown,,false
1321,0x18902c3145d07bd6607ed17f0532b37f71776e68,100,0.000002,Unknown,,false
1322,0x184a55ea427840dc119319d8b5510747099894b2,100,0.000002,Unknown,,false
1323,0x18420d82eefc23af879f5d3f3af94abb71910a8c,100,0.000002,Unknown,,false
1324,0x177805fc4284269ed79c2aafa9b0a1e4ecbf3c90,100,0.000002,Unknown,,false
1325,0x17724c43f43837fb2db761e40c868af6276253ec,100,0.000002,Unknown,,false
1326,0x17688c76ae0f938a96c2f44a580fad780ef6f083,100,0.000002,Unknown,,false
1327,0x15e31ad15dbccd761ffd822f0e8cd7ee0d8d92cd,100,0.000002,Unknown,,false
1328,0x15d637bdf78adb47dff68c03df51818a945e616f,100,0.000002,Unknown,,false
1329,0x1507d105f24a0959992b0a573cd4626398770956,100,0.000002,Unknown,,false
1330,0x140acdc7015d57fd916766c1fa432d9ddfbf1dfd,100,0.000002,Unknown,,false
1331,0x13b231748065525ae811e28f9821863c6a2cac4c,100,0.000002,Unknown,,false
1332,0x134282d4fa2b737e048bb0e98576f35ad9c99011,100,0.000002,Unknown,,false
1333,0x12cd52efa93b3e2148ab66b07742a8a4374ea08a,100,0.000002,Unknown,,false
1334,0x127a91752b522612b47c5c710632291bdc723f93,100,0.000002,Unknown,,false
1335,0x115fe96acad7707d1708e044aec61042b2b22773,100,0.000002,Unknown,,false
1336,0x110f60154bd14faf41dc2e4e1f9c4e51c7d89832,100,0.000002,Unknown,,false
1337,0x1016604a0f08b7c4cbdf13e8edb8476930c4dd67,100,0.000002,Unknown,,false
1338,0x0f8c13e24813735f73455288d2100ec7680cde9a,100,0.000002,Unknown,,false
1339,0x0f8271930adb356ef444eb612eee354ead440157,100,0.000002,Unknown,,false
1340,0x0f740932960be310dc8f2004da1aa157cd365143,100,0.000002,Unknown,,false
1341,0x0ef0c4d69c4f57b8822d97edd2b9c6144cc06f44,100,0.000002,Unknown,,false
1342,0x0eb4789e73c18b482fbc557fbbee7ea0a1cf3bfd,100,0.000002,Unknown,,false
1343,0x0ea8a579894db39791e1773259588da009930f3e,100,0.000002,Unknown,,false
1344,0x0d62aed94703f4b253bd6c5a830ce9c622b38d68,100,0.000002,Unknown,,false
1345,0x0b6002427c88ceadc3f998d51b8e5faae4eb5101,100,0.000002,Unknown,,false
1346,0x0b58cfe249c36b90a9d7ccb7016c22d5440d17d5,100,0.000002,Unknown,,false
1347,0x0afd59f68467f6b7058b3828209aabac44def3f4,100,0.000002,Unknown,,false
1348,0x0a65375a6d282f13ed99859b984a08da89aa7524,100,0.000002,Unknown,,false
1349,0x0a543c632bf93b6d6ef8be584e726ab901d5a093,100,0.000002,Unknown,,false
1350,0x0a4a21f9b3cfbdb45f6112757d8d8c7650661148,100,0.000002,Unknown,,false
1351,0x0a15f0a1af754fc4420b7c9c756721987951b8d7,100,0.000002,Unknown,,false
1352,0x0948d1c43eff5eb3203c6ed71dbfbf86ad7eecf0,100,0.000002,Unknown,,false
1353,0x08e2a8962fe67f02ebe295b09a8a23684ab73eb0,100,0.000002,Unknown,,false
1354,0x08b610719e52f93595c4af7eed2bf8caf397c840,100,0.000002,Unknown,,false
1355,0x07a8f0e31476035bda03ffaa89bbb44a89528dc8,100,0.000002,Unknown,,false
1356,0x05dd8331c3ff2d2d15c81f0f184cf54e825d5306,100,0.000002,Unknown,,false
1357,0x050948c6324cd35c8dd64deeff8bb84b3925932b,100,0.000002,Unknown,,false
1358,0x04fe4f898547a1278700e888d26fadfae13214a8,100,0.000002,Unknown,,true
1359,0x034dab71dbd3f4ed1796dbac30f033094225f001,100,0.000002,Unknown,,false
1360,0x02e8a2194cbbe7a8bcd4d941c34ef00f4831e454,100,0.000002,Unknown,,false
1361,0x01fa8db0d69b092ae957b462eb39de9ff8ed19b0,100,0.000002,Unknown,,false
1362,0x01f6eeb1e46b509a80724afad3ce670d8ff56226,100,0.000002,Unknown,,false
1363,0x00fecb766bce157b97f0700a1ff87de602ed4f5f,100,0.000002,Unknown,,false
1364,0x0001af3a8d9b2790bc460fbdd5a0d8771f1f30b5,100,0.000002,Unknown,,false
1365,0x47cadd300af1f42558c7a756e7b544bc04fee928,100,0.000002,Unknown,,false
1366,0x7d800330e6455f7dbf7e2a1caa3d77c9b03d253d,100,0.000002,Unknown,,false
1367,0x19d606530165e0b5bb2fed6ba65829bc9428ac26,99,0.000002,Unknown,,false
1368,0xfa289a5f94050b21381f3e739178a190ff6bbd43,99,0.000002,Unknown,,false
1369,0x2cffed5d56eb6a17662756ca0fdf350e732c9818,99,0.000002,Unknown,,false
1370,0xe6bfa9d16827e9c04467b1228b3c0e00b00a3899,97,0.000002,Unknown,,false
1371,0x256dd0042fe12859378c1194061ef3c5611da4a7,97,0.000002,Unknown,,false
1372,0xbda08f3370910d935987e95d30af834c248222a1,96,0.000002,Unknown,,false
1373,0xb532f0566650579ee4dff3c22502ac70936ad5a5,95,0.000002,Unknown,,false
1374,0xa4a36c636a620e88e9f8bf60543926f0875d83ae,95,0.000002,Unknown,,false
1375,0xb51c7973094d07b2381788eb95b213bfcfa563ff,95,0.000002,Unknown,,false
1376,0x82e877b00656639dc0db37f2312cea9b10572b49,95,0.000002,Unknown,,false
1377,0x6331102d4596d342511d86311b78620706b6b5a3,95,0.000002,Unknown,,false
1378,0x52d842dc3e2762b19d00b0a32c0db1fede530950,95,0.000002,Unknown,,false
1379,0x39b217114b4b8b4d4f5c66044d3fb89483d58202,95,0.000002,Unknown,,false
1380,0xb1b49c017692ec9ed5a8dbc3651279575931bde7,95,0.000002,Unknown,,false
1381,0x78c1d06802767d6f1660e7281f4aae1060d0cd81,94,0.000002,Unknown,,false
1382,0xb2182b4d9c4b70765e930f9b55b53addf9cf19df,93,0.000002,Unknown,,false
1383,0xe42baf13ecbf9f0f51069d1c89731fb13200c897,92,0.000002,Unknown,,false
1384,0x32f638cc366164cfad09fbcac51fc8c533fb1d21,92,0.000002,Unknown,,false
1385,0x1e3ea8d410362ca097c4d5ca20afcad5ee14243f,91,0.000002,Unknown,,false
1386,0x763aa0fd153b41aaa53a455d5faeb64a7c074cf9,90,0.000002,Unknown,,false
1387,0x7a734cc383230c1093eed867a177d3199706af23,90,0.000002,Unknown,,false
1388,0x2d2000584f1381d0c3453aeb4e1196d4efc88972,90,0.000002,Unknown,,false
1389,0x5000ab1e8be8ed8829e9b901baf35be1e2d063af,88,0.000002,Unknown,,false
1390,0xe85e31e76d8903611cccedfd903bb1cfd5f560bb,88,0.000002,Unknown,,false
1391,0xe51ba49359d2f6173f9f1657d2443ffe71319ecc,87,0.000002,Unknown,,false
1392,0x689cbefc6014e95e9ab225c2fc301d82272545e6,87,0.000002,Unknown,,false
1393,0xfca1825a1127b1bf59b07eaa7b683e092f047218,83,0.000002,Unknown,,false
1394,0xa11006513b10d67e6ccbe277fbdde3afa317c0d9,83,0.000002,Unknown,,false
1395,0x22f3913ee3797a5fae2340b61a1375a9e7931e93,81,0.000002,Unknown,,false
1396,0x3cd5f9e71efbe3a6956f28f4f601162adba53edf,80,0.000002,Unknown,,false
1397,0xd83ed964ea18438a94dafb119aeaec426cd9e942,80,0.000002,Unknown,,false
1398,0x0f2e1d5c4aff99b9a8ff20559faa5c8391e2229c,76,0.000002,Unknown,,false
1399,0x2dc2c6122374cc7f538d0605f9377f7300637c61,75,0.000001,Unknown,,false
1400,0x102ff26c4868f6423f779aef6bbff7776080cbde,75,0.000001,Unknown,,false
1401,0x3d23437f0df3816d59bbf2344b00c40cc917965c,74,0.000001,Unknown,,false
1402,0xa74788174a0dfb9c0c22e23ab783f897edc7df50,73,0.000001,Unknown,,false
1403,0x5571187155c7622f064f9b109587d20fe0ab2fa1,72,0.000001,Unknown,,false
1404,0x0b7f27c2fec5f36619bb28df726719a824b916a1,72,0.000001,Unknown,,false
1405,0x6d1620df69418f022908734db812c05b40ab21c5,72,0.000001,Unknown,,false
1406,0xe57c47a61b17a2a01bdb10ebd2c143e8ab6d412b,72,0.000001,Unknown,,false
1407,0x51dcd02f6b99084fb46aa56941c6b911cc562b82,71,0.000001,Unknown,,false
1408,0x60c1126f3cf2ddb1403bb8e0f6a4078878b18f6c,69,0.000001,Unknown,,false
1409,0x054b99a3857f3ad4e80ea321399402629d28799a,69,0.000001,Unknown,,false
1410,0x9306fb9c27992c91c9d39b67d26c80bfef2fb022,68,0.000001,Unknown,,false
1411,0x214af2eb6b86354ae8be8b07f3924b324cb5f693,67,0.000001,Unknown,,false
1412,0x3711056c27769c219a7ad2a7046b701b89228b71,66,0.000001,Unknown,,false
1413,0x976c9d88c99f00aa8c67bd7af6d1f131dcd0d933,65,0.000001,Unknown,,false
1414,0x91e2d0b8e1f66f89a6a3d4d01e579b86e9780bb9,65,0.000001,Unknown,,false
1415,0xe42bbee8389548fae35c09072065b7fec582b590,65,0.000001,Unknown,,false
1416,0x95a6c54fb0276858c79312de837e1ab03fc74cb5,63,0.000001,Unknown,,false
1417,0xa2209762437200f6335575dd14f1c91bff1304f3,63,0.000001,Unknown,,false
1418,0x6ec585106af3dfe3a92677a0013f8fa21277ea22,60,0.000001,Unknown,,false
1419,0x66aeea9749eb664c98223399a788951f3a2517f6,60,0.000001,Unknown,,false
1420,0xea53815118e490fe2555407c832aa866a24a4398,60,0.000001,Unknown,,false
1421,0x7a4b9353018aba28be432d61777dab83e5dc062b,59,0.000001,Unknown,,false
1422,0xfc6c38972fe3e3f7c1e1c6858ab08b610d805514,58,0.000001,Unknown,,false
1423,0xbac6deab4eb1279bb431ad0ffa128e95394b7374,58,0.000001,Unknown,,false
1424,0x636b39c53a6f22eebe1232530aef4cc55aea63cb,58,0.000001,Unknown,,false
1425,0xc982c9c5a10fc5ae44615111e4182c98e1c6889d,57,0.000001,Unknown,,false
1426,0x77396c41cbf80e29f720363c9b401a31f10b007e,57,0.000001,Unknown,,false
1427,0x5004a28d6a5541b12833168bfc30da073c98bcb9,57,0.000001,Unknown,,false
1428,0x6c051fdd70265e8f9ace7d382c24b7f89675ecf7,56,0.000001,Unknown,,false
1429,0xe0d2f1eaae2c6683dc4158b3150fd289af535af2,56,0.000001,Unknown,,false
1430,0xa2ef427184e55d1a9fbb452fdc7cb72b680d1ddf,56,0.000001,Unknown,,false
1431,0xdb41cb47271e39be2735dc2402db142c408bc909,56,0.000001,Unknown,,false
1432,0xb559abe86a89e88e7f14db8dc03fec2d23c7f44e,55,0.000001,Unknown,,false
1433,0x21907ca8f15552f6437ed3b422089aa0dac9118c,55,0.000001,Unknown,,false
1434,0xaf7be4a2ebd6fae2b1d560d73c8fb3b9d5accec0,55,0.000001,Unknown,,false
1435,0x447d25faa893281c75618c0ae3da864446f9365f,55,0.000001,Unknown,,false
1436,0x48cedfe53d4fb965c088ec3b39f894d962de55e2,54,0.000001,Unknown,,false
1437,0x15ab20d64555c0b4fc041fa32778a6f8cbeaa0c3,53,0.000001,Unknown,,false
1438,0x965dc72531bc322cab5537d432bb14451cabb30d,53,0.000001,Unknown,,true
1439,0xa1d1acb0f6bb3a6350d3e4171fd3921e3e0514a2,52,0.000001,Unknown,,false
1440,0x8cf189d5b98a861fa6d6646757ef2b279e675919,51,0.000001,Unknown,,false
1441,0x24533ebf54f1146e153b885e0655a5720e9f8440,51,0.000001,Unknown,,false
1442,0x0d96e534c5dbecf0b55ee899ac647ff9d02bf578,50,0.000001,Unknown,,false
1443,0x3d2e6ef843036e1e22e85579226355b65ded05c2,50,0.000001,Unknown,,false
1444,0xf9077da2175d16bbefa287552d72b14e90205dfc,50,0.000001,Unknown,,false
1445,0xf58f3084f62ff7880a2c66019c1b35508f51e73e,50,0.000001,Unknown,,false
1446,0x9a234511d5c7f0c89f493bb993efee43315cc350,50,0.000001,Unknown,,false
1447,0x901fcc0bb627ce270c1c7652c96c1bb310b78b78,50,0.000001,Unknown,,false
1448,0x8a618cc64db19b56bc92a416b8cd10bd086d5eac,50,0.000001,Unknown,,false
1449,0x6bd7d23c782c38a12a95d0726c01890b1c55c04e,50,0.000001,Unknown,,false
1450,0x514bebce26ce694c176270de0fde7cf8aee7c94f,50,0.000001,Unknown,,false
1451,0x30f96977ca0f75a6b21265026b3f75234a58d52e,50,0.000001,Unknown,,false
1452,0x29b56329009f644c2a40f9696cd0e568dbf32a27,50,0.000001,Unknown,,false
1453,0x153f0a7e6bb6d11834befdcbb438a15a35d195e6,50,0.000001,Unknown,,false
1454,0x0405847ff5b96d1bc17042fbcc9f36618a61aaa5,50,0.000001,Unknown,,false
1455,0x9415fa93441308ad4510ee87eaeb99851407ac44,49,0.000001,Unknown,,false
1456,0x08a8d1acefe5dab63b28b5ea4d606132e69f831d,49,0.000001,Unknown,,false
1457,0x66aa893efc487de04884d7a34216c77cec55a4be,48,0.000001,Unknown,,false
1458,0xe0ce888bdaf574bd9756524cdd3458ff8bc4a377,47,0.000001,Unknown,,false
1459,0x4f6d29f347364166e4c6faf6b9721b4c0e5332ed,45,0.000001,Unknown,,false
1460,0xbb49e88333db79e85838579aefd7e824d2388485,45,0.000001,Unknown,,false
1461,0xf88cdc1b794cd21aa879044c86dd14ab6b679d61,45,0.000001,Unknown,,false
1462,0x974a39e29a205b6979679760253b3ea6a4cc6dfa,45,0.000001,Unknown,,false
1463,0x72255854d5e7a85faa1b1dce43689a5d7cc4f571,45,0.000001,Unknown,,false
1464,0x58cf2d17cc51339999b18d830552a71ac1670ec2,45,0.000001,Unknown,,false
1465,0x2f0def2534ef6962360ca315bbe38eea5cb3e6c0,44,0.000001,Unknown,,false
1466,0x4441a31fed938b98715ef707721e5961130a469b,44,0.000001,Unknown,,false
1467,0xa0062a0cd6dd12b8ca335281b0a702fff92bc09b,43,0.000001,Unknown,,false
1468,0xc8e2b3bd1dc4cac8409e9e4bcc32043f700e8fd1,43,0.000001,Unknown,,false
1469,0xd0787bea4efecd18d3ef1e32550a5293e4952ff3,42,0.000001,Unknown,,false
1470,0x34357538098acead1384a1992f1f5eca752ed818,41,0.000001,Unknown,,false
1471,0x1734a6da6149d20b9fb265f529818d0aa14614d6,41,0.000001,Unknown,,false
1472,0x93183e8f33b8e66062fb7b18943bee642fd53d13,41,0.000001,Unknown,,false
1473,0x685d56ba055ec68bb87a2b42760cb507c57decc3,41,0.000001,Unknown,,false
1474,0x07b02efecb7b9c270a053bdcb0bc360be2a73712,41,0.000001,Unknown,,false
1475,0x430d15357abb82c62b5a9831d223a2cb241cbb69,40,0.000001,Unknown,,false
1476,0x37052d3dc4f61fb766fd08e1c764c90091e4d238,40,0.000001,Unknown,,false
1477,0x29e722c6f34d89624daf88d1036cbfe390a058e1,40,0.000001,Unknown,,false
1478,0xb826162fbeb7c631d1bfb5fbff8b77442432b826,40,0.000001,Unknown,,false
1479,0x139abaf037eb51f459de49291923da0ad3196ec0,39,0.000001,Unknown,,false
1480,0x061936adbc3ee1a6fdb542ff76e4132ef237c63e,39,0.000001,Unknown,,false
1481,0x90cbe4bdd538d6e9b379bff5fe72c3d67a521de5,38,0.000001,Unknown,,true
1482,0xf358a58a2e911b4bd6b3b65b14bb6c9124b9de71,38,0.000001,Unknown,,false
1483,0x2d717b021397fa17cb8c3dba30f9b0bcb4ce2a0c,37,0.000001,Unknown,,false
1484,0x23dfad544562f3ac6af0405a7da26af9e6a40d6a,36,0.000001,Unknown,,false
1485,0x18c0b69852a9f24bd6e8b03e7c3e049910cf9e38,36,0.000001,Unknown,,false
1486,0xf116af14400d2a9eef0fd8b47d6578f683f63e26,35,0.000001,Unknown,,false
1487,0x223c4ec2d38082c700a9bdd87e66abe206066ab8,35,0.000001,Unknown,,false
1488,0x204e1548605d932dd8fd38b8f531402e62e12e9c,35,0.000001,Unknown,,false
1489,0x08db4d0ec9585fd32a2b87ee79f0a8bbc7a4f495,35,0.000001,Unknown,,false
1490,0x5a8ecf74bf80e8f0a299d7b9608ead09c15b0278,35,0.000001,Unknown,,false
1491,0x15a7a995a2edc6f00304a8b4369a3775b457516d,34,0.000001,Unknown,,false
1492,0xa7f4e25b8b4d117a98c854882036d49c01b37dfe,34,0.000001,Unknown,,true
1493,0x006004d6c39590d39310a0d34181e15d9ade3902,33,0.000001,Unknown,,false
1494,0xfcfe80d7c01cc7d91361ff732a077da3873c4b6f,33,0.000001,Unknown,,false
1495,0xbcbdbbec9fd6876c5d2a0eb34e8f4666c108697c,33,0.000001,Unknown,,false
1496,0x383a47ec23c1269807e6b7a29406889aa5b84565,33,0.000001,Unknown,,false
1497,0x2a5e7634ebdd31ade69913bb2138e3a478dfbcab,32,0.000001,Unknown,,false
1498,0xabf6253c7e08e54d71efff6baf68a5ed04ed9a74,32,0.000001,Unknown,,false
1499,0xaed8e1622942fa6f2f468a4a29a9616b77e2f39f,32,0.000001,Unknown,,false
1500,0xa0416bbdef89025670cce962c547d2ceaa99ad0d,32,0.000001,Unknown,,false
1501,0x932b7208d55c541acd3385bc41c4dd45a953e3a5,32,0.000001,Unknown,,false
1502,0x4faa86746c30f882cb73c2a19cf40379d01aa326,31,0.000001,Unknown,,false
1503,0xfd19afbcb4f96ab915d29c9ede27e7af12d42876,31,0.000001,Unknown,,false
1504,0x36906c5d0f1637be1f309a3be37b522658d02df2,31,0.000001,Unknown,,false
1505,0xd4fa8868becb3b51b5b2b9963ce541fb189dd873,31,0.000001,Unknown,,false
1506,0x2ccc6f5769616689553d1a9d74ca3fedcc37d2e6,31,0.000001,Unknown,,false
1507,0xafc2714a08daceaa4d450c992a77fc76f4c27bdc,31,0.000001,Unknown,,false
1508,0xb93c9e4e6bc56fc9d441750e9272b703e8859708,31,0.000001,Unknown,,false
1509,0xc5b58257f1e6f73ea7aef938d49edb21f9525bbb,30,0.000001,Unknown,,false
1510,0xe59628dd9bd57ab49f81fa78561e2b2e8209cc77,30,0.000001,Unknown,,false
1511,0xda37b8b3f590ddc00317b81843051d43288c5162,30,0.000001,Unknown,,false
1512,0xc0f86ccc14838126daf5eae479f310b51bd6038d,30,0.000001,Unknown,,false
1513,0xacc84232a2649b6e1613a4795b64f6244a75fcfb,30,0.000001,Unknown,,false
1514,0x4a9a19d7f193457888019ee68fe0e132025bd690,30,0.000001,Unknown,,false
1515,0x320cd91d3e5730dbbbf40c52f2a961ecd39a2b74,30,0.000001,Unknown,,false
1516,0x0149b3b5d1225e5962912f0558d3cbfffe9dc05a,30,0.000001,Unknown,,false
1517,0x590800af871756cd2721f0ff7aa46ca018113873,30,0.000001,Unknown,,false
1518,0xd384a038b08122e1f185d5a901f4bcade807336b,30,0.000001,Unknown,,true
1519,0x69590642962b898eed5d88d1f32678528742320b,30,0.000001,Unknown,,false
1520,0xdd60204e8bc84aee4c337fa96c748510648d5879,29,0.000001,Unknown,,false
1521,0xd831535575e82c17e28476bc137fce1f6e236159,29,0.000001,Unknown,,false
1522,0xe8157e56e699ba05346b8868af534156560dbcfd,29,0.000001,Unknown,,false
1523,0x742d35cc6438c0532925a3b8c17c4d4f777d07a0,28,0.000001,Unknown,,false
1524,0x317c93c0aae393c871564f7d132ee204d4ca17d8,28,0.000001,Unknown,,false
1525,0x54c0f5f39c40214bdb87d6720c1c92e3c0e30e5e,28,0.000001,Unknown,,false
1526,0x8fde9fc12306abbfe833956dd93cb19d5b1ed480,28,0.000001,Unknown,,false
1527,0xb974ae5d3b1e57341f3df6b91778e2b21926b713,28,0.000001,Unknown,,false
1528,0xeaa313c69101f6d4ff5cc650cc22a33a600888a8,28,0.000001,Unknown,,false
1529,0x6dc0da3b3e9e48fc8f6e54bb8ae44d42f93bcf7e,28,0.000001,Unknown,,false
1530,0x694b9257f54e22c3dcf088c566f2d7337fc0808e,27,0.000001,Unknown,,false
1531,0xd47f3fb1677c111b838784fee9e55d3dcc84b12d,26,0.000001,Unknown,,false
1532,0x85bcc79fff8ca64b96fe84c81facdddf11e4a417,26,0.000001,Unknown,,false
1533,0x70e3040d95b64fd3651eb5e76a403dbe5cd87608,26,0.000001,Unknown,,false
1534,0xda69bb5c935d68db7cbc87827352f279ed43ce95,25,0,Unknown,,false
1535,0xf5478c93211d9d49620788175c6ce1e69bfbcb28,25,0,Unknown,,false
1536,0xaac1a064e2f61ba6b6c72899eefbc58c9cfb8bf6,25,0,Unknown,,false
1537,0xc3591e652efad65fbb4745dcf665858abf62fa2a,25,0,Unknown,,false
1538,0x9297bf0c1b876708a36979e735526693fbd02a83,25,0,Unknown,,false
1539,0x8a532dc30fc568dd3bf386d706b31fbfe0e415ed,25,0,Unknown,,false
1540,0x891622c5f860092b46df6498b56a1a5dc6877ae0,25,0,Unknown,,false
1541,0x87d4e2bbc3aac9697330992a8df611c16e05a9d4,25,0,Unknown,,false
1542,0x4471c63d7197e6d0989cd2331abe9c02399299bd,25,0,Unknown,,false
1543,0x3871bb3e02926f44d805425dedded51ffeec4f8a,25,0,Unknown,,false
1544,0x312ec028975c8853c96051c7ea7c16eb2509899f,25,0,Unknown,,false
1545,0x2dac35e835a9dcb3de18d349e3438b57158c5bad,25,0,Unknown,,false
1546,0x2951d21697314cf4058563f1f38d672fc4453319,25,0,Unknown,,false
1547,0x2773ad24550be5692329d3217ac022c4799bb86a,25,0,Unknown,,false
1548,0x06771c6f6120ae18e19e5566bd6d3cf7389c7189,25,0,Unknown,,false
1549,0x1a7fed482a32204dfe20f4f898c9319eec365c3f,24,0,Unknown,,false
1550,0x6e4f019e0cbd0f4a60143d46f5e46783fca5aab6,24,0,Unknown,,false
1551,0x825840b09bb0719283f4ca4765661d5d16044ff0,24,0,Unknown,,false
1552,0x568175163cde691aaa988aef3f8599f4b6f19438,24,0,Unknown,,false
1553,0x50f87ce6fe1a85ddffbd7b68f5c2848850ec5f66,24,0,Unknown,,false
1554,0x40bb7bff1890dbd4712911e26c85486633c8ba32,24,0,Unknown,,false
1555,0xedd581c21abed07e56dcebd33b478fc8925c24a0,24,0,Unknown,,false
1556,0xd0a67cb08be17475f4315a04c5f0be3e200ef66c,23,0,Unknown,,false
1557,0x6b705353fab9f76bcf49aa9cfe08181cc44c076b,23,0,Unknown,,false
1558,0x22ce0d774e399499829e32b43e71d35d9f93952b,23,0,Unknown,,false
1559,0x156517bb17c1186eb1d04bcfc8fa133dfba1184b,23,0,Unknown,,false
1560,0x6f2f423205b7d875aa4ca8e6ee8368278834efb6,23,0,Unknown,,false
1561,0xfa1fc4b832d12de082c22bbc082b79e9b082ba57,23,0,Unknown,,false
1562,0x9c47211d53f5811fbf1833ce8514e23a9a866a62,23,0,Unknown,,false
1563,0x7cedf2412e94309f82633a7d7cf12259fc0fd8a9,23,0,Unknown,,false
1564,0x7494006fed19bdb560ab01a420cd49128ed3082a,23,0,Unknown,,false
1565,0xd96c644e1c51f09e80af60802e3c7f530a1ca0d4,22,0,Unknown,,false
1566,0x81974f8696777d58665b8a075d425bea0dc69fd0,22,0,Unknown,,false
1567,0x3f023c8ea7c6a633f7ebc480f7cef331acd5ae90,22,0,Unknown,,false
1568,0xc942059c315edb4e374009022f098839d3e9ae6a,21,0,Unknown,,false
1569,0x781f665c1ed58e4df4992ffbb62da80962d5777f,21,0,Unknown,,false
1570,0x3d1be82b517d0bdd2a5330b20925259a3e030652,21,0,Unknown,,false
1571,0x9f3599ca355d87d54e6938bffb3db3e4dad134b9,20,0,Unknown,,false
1572,0x375dffe4fa9adae3ff93acd5029afb2b402250c6,20,0,Unknown,,false
1573,0xfab065b48370acd034dc29efc37788e92cdf6c62,20,0,Unknown,,false
1574,0xec20f9bf946b9b32549252d37cba99ac5155616f,20,0,Unknown,,false
1575,0xc8f2521625490ce90678a61f99fbf46748822d17,20,0,Unknown,,false
1576,0xab92cfe66877738f231c9329afb2d0e0cb9232b8,20,0,Unknown,,false
1577,0x6d65252795bf3cd81addce307c29497dbd3aa873,20,0,Unknown,,false
1578,0x48f8f7bb876f11b66506b1890bad4f73fe693fef,20,0,Unknown,,false
1579,0x3e6a518d53d7113850b6fb793ee5ea22331b83fb,20,0,Unknown,,false
1580,0x15601ee56c28ad4ab9e95198d3bb3413ffefa38a,20,0,Unknown,,false
1581,0x0a849479031bd45ff940fcbf650ed8cc4521c644,20,0,Unknown,,false
1582,0x07029bb612c3135a89d48d85746c11ff0e222eb3,20,0,Unknown,,false
1583,0x061a501b5eb5e67409e1f76218b53e123249907f,20,0,Unknown,,false
1584,0x02999cf21ea4f1bd6a46ecdc851f19807c55aa57,20,0,Unknown,,false
1585,0x7b92c449556beeafb6c1484df7f2fd66866bf761,19,0,Unknown,,false
1586,0x774fb90f3d8e10724da51decc8b3dcc883017256,19,0,Unknown,,false
1587,0x96b770dc5773ddb94d63549d7004235d1496fa42,19,0,Unknown,,false
1588,0x58ec5cff50301162e50ed10f1ebbf59cc21f882a,19,0,Unknown,,false
1589,0x2418c2ffc8ad1bd32e0cc52289e76f739938eb99,19,0,Unknown,,false
1590,0xd466bab206178a65cf438c18d2115261414c52c1,19,0,Unknown,,false
1591,0x6cf39157c42374a58fdd53b192e72dfe481f30a3,19,0,Unknown,,false
1592,0xf9de2a65a46ffab336eff0e94b41e5a4de78cd74,18,0,Unknown,,false
1593,0xae3041d35567c351ebf0ffec26def5a915169185,18,0,Unknown,,false
1594,0x36e1e9b2e1085d9e720a4f8af50458874f96eb65,18,0,Unknown,,false
1595,0xbc567f2a460217633bed8ea5de6649ab59838adc,18,0,Unknown,,false
1596,0x1c3384eb1bf9d7414e5de1af24c2b0fa97b525b6,18,0,Unknown,,false
1597,0x7f67b66a2166fcc97e7d1b93011b03482ac69e60,18,0,Unknown,,false
1598,0x5a6666e7e9e1af0ebfea1c29a20a979e313a9ea7,18,0,Unknown,,false
1599,0x483199cef9f6bd2510cdff026e22cb2b8ef479a0,18,0,Unknown,,false
1600,0x2ec394c3fe2fb73c90cd57a48244bcba3064b741,18,0,Unknown,,false
1601,0x32ab0aeb06df8e44a36f017a0787d6b9c9087e7d,17,0,Unknown,,false
1602,0xd05762d1f1d2a22c9f4680d5c22565f8f0fd2476,17,0,Unknown,,false
1603,0x9f0ce7245796ea3cc253f00d5d83bfc12b0beaf6,17,0,Unknown,,false
1604,0x14cc3479a0c1f212e23371564d21cea7dddbad8f,17,0,Unknown,,false
1605,0xd26ae939755be9610f0b86444befc2c846c30c5b,17,0,Unknown,,false
1606,0xa96f45c454b62a8303cf598371834474a70a5a9f,16,0,Unknown,,false
1607,0xfdef02ca5995a63b265dedaad80d04c7fe73915d,16,0,Unknown,,false
1608,0x8d822d93c6e21bf58b2d3544c920a8bcf5c526b5,16,0,Unknown,,false
1609,0xb6d06d7305cf06013f24736f0c7ff8d0e0e3cf80,16,0,Unknown,,false
1610,0xff82cab4422b135a6bb679391d62569e0711f6e6,16,0,Unknown,,false
1611,0x286da0fa23e1c774a8fe4afffe1cc3bd776c8e77,16,0,Unknown,,false
1612,0x46ef3588a1dd39e96606c00e9a29c28ae3f6147c,16,0,Unknown,,false
1613,0x40ce956c4a031e4889f06969386d3e04e5a431ec,16,0,Unknown,,false
1614,0x8676765a307c7836b89da7c091ea782323c9e676,16,0,Unknown,,false
1615,0x66bd021be801a44bbc14769cf0ff634a1f8660ff,16,0,Unknown,,false
1616,0xb3a9e4c9ed1c6e4dda76c73e54ff54d06e2c5150,16,0,Unknown,,false
1617,0xc3785188da674ad03606e4710944bed7d6b6bfc3,15,0,Unknown,,false
1618,0x601efee2390986577b3fa8b5d8b35dba27171f8f,15,0,Unknown,,false
1619,0xf2e6cb6db554a7bd363e94e0359cc26acfa5f349,15,0,Unknown,,false
1620,0xf06d8c8f3772275a5c80f800716cab778309ce0f,15,0,Unknown,,false
1621,0xed155b8924fc7c62d9a42696632a56cc096f543e,15,0,Unknown,,false
1622,0xd29121751b1a20d363bcc0c8ccaf69f0543c81a5,15,0,Unknown,,false
1623,0xce7b47873d1e4c3fe11ecd88e667c7ae4308e677,15,0,Unknown,,false
1624,0xc8297798ed810eaf378b1e1b600b215057130a31,15,0,Unknown,,false
1625,0xbdac6e39a322ec2a8cc6795595b639cada1b9684,15,0,Unknown,,false
1626,0x8c8d81f17439e025d89e8c3dbe6e64e20bddce8e,15,0,Unknown,,false
1627,0x7b613005c1665f497af5e1cacfd2b740aa6a646d,15,0,Unknown,,false
1628,0x6d41974e38606bff73097cea0aab5544b43f6459,15,0,Unknown,,false
1629,0x6846cf1129a28dd4b824e9a95afa2ecf91fdb50e,15,0,Unknown,,false
1630,0x643b66c45f5fc1c1beea561ed70d6915e3f0b4c2,15,0,Unknown,,false
1631,0x61345fc3caa06ddd97cab29a8a4cbb306f664f7a,15,0,Unknown,,false
1632,0x3a918f9cfefc225212827cafaa7e94ed3e70475c,15,0,Unknown,,false
1633,0x358cb4be9130e39e679b404829b3a3049b6bc618,15,0,Unknown,,false
1634,0x2c9753641b17cb268fa5e0cce1834debd4c2b8ca,15,0,Unknown,,false
1635,0x1bb99ff6ab3ef6cb6f3b36d31358fb8c2e0a0de3,15,0,Unknown,,false
1636,0x19a6b1e0015990452092f688d56ac3ad42467e32,15,0,Unknown,,false
1637,0x0951b1bf6872a4b7f70de2f4b15b9fd627bc86a7,15,0,Unknown,,false
1638,0x08c1144ad8d199991cbfe5f17d1e7aa0b3aeb81c,15,0,Unknown,,false
1639,0x0806bd9279675016b17feb1625277939581f0420,14,0,Unknown,,false
1640,0x29b0bb7a4e6426fccbc96f1c872cc76bd4671f2d,14,0,Unknown,,false
1641,0x0639baa81357498cfa0fb7daf6a716c94b27d1ec,14,0,Unknown,,false
1642,0x438c104eefe26fa7ca41c38a8a1f20c25281c5ec,14,0,Unknown,,false
1643,0x1c93c6ddf7f614da76a1d4bfc6b73e584665e5e3,14,0,Unknown,,false
1644,0x1f06a7a54521e68d938992a7ba971013ca8ba7eb,13,0,Unknown,,false
1645,0x428902417d08cb6d3b3b60f8c0404c3d9afb6b24,13,0,Unknown,,false
1646,0xea06f95b1146bc8ba0095a1ccc3ce2d845bc7b4b,13,0,Unknown,,false
1647,0xaa9c9f1cd814ad4284ef1f6c30500563f27339ac,13,0,Unknown,,false
1648,0x57c7e1c2f5a0ebb882347ca11cf958a42daaa6b1,13,0,Unknown,,false
1649,0x2831a3dfc72e28a52c1e2e8f2e95e8e915edbfd7,13,0,Unknown,,false
1650,0xcf716dafd0bbbfc261bf9dd34491560528b5bd86,13,0,Unknown,,false
1651,0x4411d393b278eee4957898a6bea8a6238dc1d780,13,0,Unknown,,false
1652,0xd9600a672eee81e922093929aa2c4a0f511348da,13,0,Unknown,,false
1653,0xe051fd36e4efbadae472c3f6a61dbff12c02a803,13,0,Unknown,,false
1654,0xd8b336d8ffb29f472af7096b874edb93b33c97e2,13,0,Unknown,,false
1655,0xc74ec35bb6e9b6cb8d1159fd19a230c1abd1859e,13,0,Unknown,,false
1656,0xb9dd2edb72ebb94e7c2230deb9c6cabd42a6dd6e,13,0,Unknown,,false
1657,0xb14ca97ab4b1f015aa9450cfa3a691e02ec7601d,13,0,Unknown,,false
1658,0xa177422c369929abb90d1bba19c24f3db8a143d6,13,0,Unknown,,false
1659,0x86d1bb4fd577f708779a41b4d97f936ea6ae4a57,13,0,Unknown,,false
1660,0x7b2331aec18207f8d5a4655dc318d33cef597744,13,0,Unknown,,false
1661,0x6cd87736ed28a01c80f2c18374070d7d755703ee,13,0,Unknown,,false
1662,0x61caabf996341d22704788559544c818fd9d3d5b,13,0,Unknown,,false
1663,0x601809ea8f7fbcaf648c4de58341aedae3c8bde6,13,0,Unknown,,false
1664,0x5831adf7da49285e6be7d48a4ee817bc6eedd4c8,13,0,Unknown,,false
1665,0x0e6863f068af5c0ca7d588e0c97ab758255ab70a,13,0,Unknown,,false
1666,0x44fb89c4bc6120fe6ab6904174781ac1a7e7aa7d,12,0,Unknown,,false
1667,0x312f331519c960736ba7c6cb657a05bf6420ab93,12,0,Unknown,,false
1668,0x17bcd8a4ed6c9f1d4ca3bc0e29011a8f3bd27014,12,0,Unknown,,false
1669,0x939f714fe533c1a1d625144d430df14b78d192e4,12,0,Unknown,,false
1670,0x82e7358f5520880929ff9cb1bca671857c112fe2,12,0,Unknown,,false
1671,0x55dce4bb20679a2f18f88c5b644af23608c5b237,12,0,Unknown,,false
1672,0x2724d0dc430edba058b2ab5f0fdc8d87af42143c,12,0,Unknown,,false
1673,0xe5cb4d48cfb81c31d9aee8e4f4f7a786d34c5165,12,0,Unknown,,false
1674,0x18a5706e550d9f324c3d370ec50f386c7ff114a4,12,0,Unknown,,false
1675,0xccec0286b052c4db0286de939583d015b876e045,11,0,Unknown,,false
1676,0x376289dd8dd4bf69736d3f44692ecb8b59f159ca,11,0,Unknown,,false
1677,0x9024a4c6e4159bcd40b635995ca0c45b70d5ef0e,11,0,Unknown,,false
1678,0x0e331a293bb22e93e2e5e417d84d755ae185da02,11,0,Unknown,,false
1679,0xe2c9b6b3f3b57b4b430f31edf58466149f123e75,11,0,Unknown,,false
1680,0x986ee86a6e228cc78089827d8e3242998b3c7efe,11,0,Unknown,,false
1681,0x7c6549db4a6c5f4dc997a23cf0e4783f5cc33465,11,0,Unknown,,false
1682,0x6a48663f00e11115ba6eadbd7b1f683e4efdbc66,11,0,Unknown,,false
1683,0x3ff48e3496299f53c2db098c8a7e991937c03062,11,0,Unknown,,false
1684,0x9b858be6e3047d88820f439b240deac2418a2551,10,0,Unknown,,false
1685,0x0003d077baaf8ecf6ebb1f51c549b605c4a57000,10,0,Unknown,,true
1686,0xde7259893af7cdbc9fd806c6ba61d22d581d5667,10,0,Unknown,,true
1687,0x04e40375397a9050d355ffb3f76947fc39b27717,10,0,Unknown,,false
1688,0xc8be6ab67ab075e63c95010e79bb60472eb3160b,10,0,Unknown,,false
1689,0xe75658750ff97f76f36b2106b64e8919052b65aa,10,0,Unknown,,false
1690,0x643b5138f3c5e98a9e816fcf9bc3af6c0c6b00d5,10,0,Unknown,,false
1691,0xfe2a046779f4bbf35a1e14e6edeb8fcc5f10a841,10,0,Unknown,,false
1692,0xf8e8669a137c472995992e11de64e7fb4ab2f6a4,10,0,Unknown,,false
1693,0xf7ce73e952cff90661da1360db5e6944cc232e5b,10,0,Unknown,,false
1694,0xf5e29f83122c55bc49ec44e084f1a3794c9a8296,10,0,Unknown,,false
1695,0xef7315de3c72fb155600c4889eef52ffe2c03568,10,0,Unknown,,false
1696,0xedeb315176886f72e59007aeec68311176564c47,10,0,Unknown,,false
1697,0xe7b8c5ddab702223a889cb5bf169611ffefe875b,10,0,Unknown,,false
1698,0xe24ce641fcee0173ab70f7e0c0b5b93d95471e0e,10,0,Unknown,,false
1699,0xd2c6c0b6c694f5fd73f24a1c4a7782cdca2031b1,10,0,Unknown,,false
1700,0xd0e7141a7784ecc9ae0490bc9b07ccc622e90794,10,0,Unknown,,false
1701,0xd010dac8c8b831854e45872f0bacf9c3f12ebf0f,10,0,Unknown,,false
1702,0xcc669dbc52463471e35ba707b9005532de6075c1,10,0,Unknown,,false
1703,0xc3952b21945fb2dd85e5acef393a1be96c3dbb23,10,0,Unknown,,false
1704,0xc2f2c4f138d514ff0a5f98cc478c0dd13f2fb399,10,0,Unknown,,false
1705,0xbca674bf1a4c08c588703e55864a4f9442e594b0,10,0,Unknown,,false
1706,0xbbb2c3f2aff5b6e0c0e9dcca371a33a81a0b4bd1,10,0,Unknown,,false
1707,0xb9b04f33e1f3578d343244ea42c89dd86932a43e,10,0,Unknown,,false
1708,0xb6e651a77d8582ba255dfe2a618c9971f1e1fec6,10,0,Unknown,,false
1709,0xa9f8b7b788c6bd8863f8b0574654f6ab61689a47,10,0,Unknown,,false
1710,0xa4f4a2d0e87ab3f25a23a07d94ddd519dc615890,10,0,Unknown,,false
1711,0xa4b90fffe0b4d48bcc67f232d74da20c2ccc4aa4,10,0,Unknown,,false
1712,0xa0c47ef0790088483dab1a21a025e5700eb15421,10,0,Unknown,,false
1713,0x9a9714a4c356869834e83240ab5af104504c46a2,10,0,Unknown,,false
1714,0x9a91d1e165bcad600003ae49afcdc04524dfa52f,10,0,Unknown,,false
1715,0x96fa9849d47b7cc2200796f6d4d3d55b6820dcb4,10,0,Unknown,,false
1716,0x8d9a4f68e8b74101c08f75faf729015949c9cb8f,10,0,Unknown,,false
1717,0x89321f0a281ceae63e21be784d212c97e5bb2f02,10,0,Unknown,,false
1718,0x861279f4de012fa41effbece93eb3f360c413ca5,10,0,Unknown,,false
1719,0x835a3ed86ec1b308e1425f74b1bab33291e68af5,10,0,Unknown,,false
1720,0x7ee7450faea840e6c95061e6f4bdf54d038d1134,10,0,Unknown,,false
1721,0x7d3348600492d1ee4639dbd5565c16af8a277fb2,10,0,Unknown,,false
1722,0x7a4e540ccb323884dbc0af8dfba21468127a3aef,10,0,Unknown,,false
1723,0x7a4dcf0e6bec1c9b01d0b81f0f6377d0c9954417,10,0,Unknown,,false
1724,0x763c1413589c5bfaec45182cfb8cb54a3ccc59e4,10,0,Unknown,,false
1725,0x719db4e8cf0ec1c4d9b753d85e8005ba6eabf873,10,0,Unknown,,false
1726,0x71620f8c3f9b533202c8724833040aaf1fdf4f0d,10,0,Unknown,,false
1727,0x66eb5d7ed347f4486b364aa04b214fe61f842453,10,0,Unknown,,false
1728,0x6356a876afcaa865cbf71911a94097644015b6c0,10,0,Unknown,,false
1729,0x5e6e89e0c37b6a00f51afaa836e59a2c6e0908dd,10,0,Unknown,,false
1730,0x5d5b36032f6ca510c47e77624a774b6dff805d3b,10,0,Unknown,,false
1731,0x59152211c2a20fc4d5b43610be530fd0d5bc7a32,10,0,Unknown,,false
1732,0x52cf3fe987d37b4e508a5d1d94ed0de0706ecafa,10,0,Unknown,,false
1733,0x51122c5e64ef88b9a325d0e14e5d88975034f42b,10,0,Unknown,,false
1734,0x49d4c0d61575c502d5d6d52110ba82b74182af73,10,0,Unknown,,false
1735,0x49c1b1dc8adf72e55876ac1badeefef965973456,10,0,Unknown,,false
1736,0x46905ee0e90e350dfa721275d8e6aee69ebe685a,10,0,Unknown,,false
1737,0x45dd4f766e7f8d5d6d621a5adaa6bd2ac42af2c7,10,0,Unknown,,false
1738,0x44e7b4ca509d766b69ab8d0257f6bc8a004841b5,10,0,Unknown,,false
1739,0x438b9c67b70cd4b51d15f2a6fe46c47417c99ec8,10,0,Unknown,,false
1740,0x42dba063e78ae0514a86014d1593587664f26cb5,10,0,Unknown,,false
1741,0x4193450e15d9e55d574e47813f25ce2b2faf6f96,10,0,Unknown,,false
1742,0x3c272452413515e653004910702c0a553c38c22e,10,0,Unknown,,false
1743,0x39130c4b504c8b8a2a85ad15398c257641e54763,10,0,Unknown,,false
1744,0x36638c47f021246387b550e0b6c9ae9dcfd36858,10,0,Unknown,,false
1745,0x3558016384048bb0d5461290f029dbb31862789f,10,0,Unknown,,false
1746,0x2fea0321c3be0e6ac344721a9705a203d426cbd1,10,0,Unknown,,false
1747,0x2cdfe17d176397fbf6d224d96173a108f85dce07,10,0,Unknown,,false
1748,0x2b774ff7b84d4a75f25ffe128a6da6809400d67f,10,0,Unknown,,false
1749,0x2a33fc9688d20316715d1464b9b9ca9dff9e01a2,10,0,Unknown,,false
1750,0x2a073350dcb6fdf190fd80de59e735bac3075290,10,0,Unknown,,false
1751,0x27787dbdb5344697c1af5f900c9d68314af790e1,10,0,Unknown,,false
1752,0x23d945c94f0fc706676c828d356ccdd9d4a1d968,10,0,Unknown,,false
1753,0x23d448fb3bbd88609532151b736e12322f31cb53,10,0,Unknown,,false
1754,0x211421151167c0ea39cfa867175877b510a06cd5,10,0,Unknown,,false
1755,0x20236e7e67ecf9f347f45efa0827ddb321a9c12f,10,0,Unknown,,false
1756,0x1908106da526395d1704af020157e58386be9ecf,10,0,Unknown,,false
1757,0x1852f07df3205c3a6759e9874e75f6bd73cc35a6,10,0,Unknown,,false
1758,0x17fe5d33f3e8865923fd9ce29c5fa082d66ab8d1,10,0,Unknown,,false
1759,0x13a99cdd53303afd1886b71436cc4974887da058,10,0,Unknown,,false
1760,0x1059b71e3d6f4907fed1393b6fb1b7e3199a7c8b,10,0,Unknown,,false
1761,0x0b17e7bf2b9fef60939c207cd6019254aea03f32,10,0,Unknown,,false
1762,0x067767d6fb5ec6ad7c564402838e5d51915ea6be,10,0,Unknown,,false
1763,0x055f01b9e0bf91a6e721459ed9248b86c9de50cb,10,0,Unknown,,false
1764,0x04086bb473bda9a301b09beb60a1f6ef5b6e8ff4,10,0,Unknown,,false
1765,0x2bbc62e59303d1baae3e55174fc3bbb0fd46d92a,10,0,Unknown,,false
1766,0x4dc28703c389950708e0cb46d0bf854b172ff3c7,10,0,Unknown,,false
1767,0xf41984e0644dfb81fdf092a8dff4302926f1232b,10,0,Unknown,,false
1768,0xe467d81f1efad702fac6c4748ca6cacb5a0061a2,10,0,Unknown,,false
1769,0xc0a7d1399b74bc463834488e60204a74082c0580,10,0,Unknown,,false
1770,0xaa029cf018aced6a0c9626d0f144d3c10d6fac94,10,0,Unknown,,false
1771,0x95351e40284cd9fc58e7cd127df91edbb489dcb4,9,0,Unknown,,false
1772,0x48d573899e27416cb9b243fbcce7f98693b06d22,9,0,Unknown,,false
1773,0x4fc9d1f535c38203c8e994789f9c56f91f032306,9,0,Unknown,,false
1774,0x9e6b12555b500f8aa62f4eeff000e00b5c805cbb,9,0,Unknown,,false
1775,0xee103f34e7ab7224fb993134bd1eb085c09eb99c,9,0,Unknown,,false
1776,0x4795ac9241b46cb4fdaa73a12323e82e85c1c989,9,0,Unknown,,false
1777,0xcb9de26e0a629df3214bb206694aa8e3bddc57f3,9,0,Unknown,,false
1778,0x2a364e0e8cc6f9af7383f9937ef2d3b6fdd4c92d,9,0,Unknown,,false
1779,0xfc4769fd132537a3c3f131316e331cef9110dd4d,9,0,Unknown,,false
1780,0x58f6689742645be50845bebbb130229fba4b68e3,9,0,Unknown,,false
1781,0x1fa806c71fc114998ed265e86a011bbd84bf44d2,9,0,Unknown,,false
1782,0xc2982e6ad3c14be890f3c83f05edced7f706d4d4,9,0,Unknown,,false
1783,0x095cf7d8efdb9a120c356d1db97a8657a34d5bd9,9,0,Unknown,,false
1784,0x605c24ec98ae6d5019167f1de548718b50b50962,8,0,Unknown,,false
1785,0x499b84cec0c08734aee39f21097554a9457e5285,8,0,Unknown,,false
1786,0xa1709681ebdaab321b30a59d4312b3adcd1a8977,8,0,Unknown,,false
1787,0x78908adbb5f55465463a6673e5b8e3157d89c024,8,0,Unknown,,false
1788,0x40cc3df2e28e4f133167cf2f6840fbb981473294,8,0,Unknown,,true
1789,0xfc87e025f3fba20e9664b9799305155f0d08fd9b,8,0,Unknown,,false
1790,0x287283ba4c60ff0eac66fe4fa0175f1d4bb268b3,8,0,Unknown,,false
1791,0xe5bd45beb81d19dcebdae90072e79f5e658f1a47,8,0,Unknown,,false
1792,0xc49749d3cd19a307160a791730f83d2bd48a1ce0,8,0,Unknown,,false
1793,0x73bfcefbccacfc0e9d28873d639f7c2c377064e3,8,0,Unknown,,false
1794,0x42125853f1c6cdcf410df9e83986c5c04b5b2713,8,0,Unknown,,false
1795,0xa1f2f5c3d654841af7608a23ff5d34b174f76e59,8,0,Unknown,,false
1796,0xda008dcb1c86afbf33bbd4a6aa5e9b288a00a700,8,0,Unknown,,false
1797,0x6a87ee22f111df8e635e380b650b36fa3025fcfd,8,0,Unknown,,false
1798,0xbc3c34b4a971ed6dc241cb47d401cd607661d0fd,8,0,Unknown,,false
1799,0x9bec99f54b00f092d2541e2acf6aabbd0722fec3,8,0,Unknown,,false
1800,0x5d8af3d6baeb96e8ff0d8192d4c3095648e9fa69,8,0,Unknown,,false
1801,0xf15f4e8b8c5dc2f8bea35101ccbb60ae371e297d,8,0,Unknown,,false
1802,0xec0560127664cb7a2b81c8135446aa94e7783700,8,0,Unknown,,false
1803,0xe814669b8bb15e8d90ccce39d4cfa71396767dae,8,0,Unknown,,false
1804,0xe772e645c61e276ee6dd55f451e53f86df674f02,8,0,Unknown,,false
1805,0xe07b1c0d2933e91d388eacefae00f696dd86b741,8,0,Unknown,,false
1806,0xdf73cfacc7f85b5ff86c55af3dc9792ebc4061db,8,0,Unknown,,false
1807,0xd9e40dcdb8aeb2c040e6ebcb8cad37a14eff7e22,8,0,Unknown,,false
1808,0xcf868421338d50952ecb96e07cb115e7f0400ffe,8,0,Unknown,,false
1809,0xc75e1ba95630c862297d79b944e643a9781a51e0,8,0,Unknown,,false
1810,0xc1d3c44909d2938edff6b0f13de49d41b2f8b524,8,0,Unknown,,false
1811,0xaeb4160df76ffa6ab0a9044ea48fe43b26d65cb5,8,0,Unknown,,false
1812,0xacb19d610b5d6476e6c246e4de2dd4248f379ba1,8,0,Unknown,,false
1813,0xa890fc60238fd610caa2540bcafaf21b480418dc,8,0,Unknown,,false
1814,0xa5f8fafd42d55837685f7a963b603df3058d8fa1,8,0,Unknown,,false
1815,0xa5edd30b17d2908565529024c37f474d71b754c8,8,0,Unknown,,false
1816,0xa5e8a8c5995139b762e4372eb670ca211c1ad5cb,8,0,Unknown,,false
1817,0xa1bf35f17e7f440c6947df2519dd02df1206b7af,8,0,Unknown,,false
1818,0x9fb96e4a9044b4edffe427b55b44d94f2c59b602,8,0,Unknown,,false
1819,0x9f9ab45c05047143001e0b7b398b44dc4fb7cbe9,8,0,Unknown,,false
1820,0x9c1b8a4e3c9fadcc6c8ab60c1bc32cc37adc226c,8,0,Unknown,,false
1821,0x9058cfe5ee4dbbb4c428272bef37544807d2a9cf,8,0,Unknown,,false
1822,0x8f41bc74347f52045238690375f1f86dd7ba07b0,8,0,Unknown,,false
1823,0x8e19b934ac2d58612a8f0a591f7a8fea1ce1ac41,8,0,Unknown,,false
1824,0x86b323ed419262a064e4bc1e532b06543cbf4534,8,0,Unknown,,false
1825,0x78c55e5e33d2989b7cb3dc1a3d0dbdf3bd3a0c3c,8,0,Unknown,,false
1826,0x78157d9790fa6d23d80bb15c0de331094511bf87,8,0,Unknown,,false
1827,0x757a89bcd301088f50184bc4e215270db477f57d,8,0,Unknown,,false
1828,0x73a734ef0df47aa513cdf7fc334158c31d44a1ad,8,0,Unknown,,false
1829,0x6dd2b9d06440862021590e3b89949710c038a5c3,8,0,Unknown,,false
1830,0x69aff6d4965cbc3581f3de170d8daa6946b0da48,8,0,Unknown,,false
1831,0x68dc6224f637dfbea27fba99442d87ba69fb1ba6,8,0,Unknown,,false
1832,0x5f9874fef76c1118f857c07262734bd282055306,8,0,Unknown,,false
1833,0x5ee42a104be9648255381d9775770a2cf0653748,8,0,Unknown,,false
1834,0x59869f8c90f83969ccb625889663581893ce738b,8,0,Unknown,,false
1835,0x5971fad298474c6635bfd51510db4ba137d428f9,8,0,Unknown,,false
1836,0x51db97773df4a2ad81ad4a89bb3686be27881860,8,0,Unknown,,false
1837,0x4ba1bcc14bce30b0e4dc722d8a8f7f0f497af232,8,0,Unknown,,false
1838,0x45ded27b1c36d9de96644fbba9a9f212b542fb56,8,0,Unknown,,false
1839,0x44af63250a5ec08f64b47934f758e5ab47f2f7e3,8,0,Unknown,,false
1840,0x3db744f0f3f72b71a8e9eade7b1b40ecfb16910e,8,0,Unknown,,false
1841,0x3a74de57e7b628e47c9d330dd7a821fed96b72a4,8,0,Unknown,,false
1842,0x37fd46d73f36a9d3feb84f78bd9b7973cab211b3,8,0,Unknown,,false
1843,0x3610b7509d9b533df843c44b9f8ec509654a115d,8,0,Unknown,,false
1844,0x3531bbe238924211839acfb87b580cf1878db9ab,8,0,Unknown,,false
1845,0x316dfc42f9ec23137b45bf329f282ee56214d457,8,0,Unknown,,false
1846,0x2c38edf7f3330ec1ee70fa26b99e29caeaa9fd4f,8,0,Unknown,,false
1847,0x285da59b727a1fb7a8aeb50a0ab97b44fa4539bc,8,0,Unknown,,false
1848,0x2697bad230ad691492ffb00b43e48935e57d8a3d,8,0,Unknown,,false
1849,0x1b5e29dc07a337aae5eec3f7cb232a4e1b1f98c1,8,0,Unknown,,false
1850,0x0e22d3250ebae437bef167418ca68aaf3ad05181,8,0,Unknown,,false
1851,0x057b4a9f779fc7954f60795c0fbc69e9387a1157,8,0,Unknown,,false
1852,0x0120f86531d07973cdc0af06fc290a5f020ee1dc,8,0,Unknown,,false
1853,0xb19cc61abbe9b8b612450b6993cda6f86f122372,7,0,Unknown,,false
1854,0x1ce7b3f0016f60beb937fdad0ad875930b1e9979,7,0,Unknown,,false
1855,0x7358e38c08837929f30a83d0ed477ab77620aea0,7,0,Unknown,,false
1856,0x2fdf7cdb801decb6baf984a365b3b874612901ec,7,0,Unknown,,false
1857,0x14f9ecbcfda556ec9c67c8815b596ae916dfaaca,7,0,Unknown,,false
1858,0x73bdcd04645de4e156bdfb3ca8a1c033222054a3,7,0,Unknown,,false
1859,0x62e1524a4e0637f3a56145ba3c7d37d5df1c117d,7,0,Unknown,,false
1860,0x6f290abbee68b03f426a1f408ed224f882fc68d0,7,0,Unknown,,false
1861,0xd052ea1988d1235f106909bc7d3e5bcbf846930e,6,0,Unknown,,false
1862,0x044d4407a4c9490755d35d6d50e8f873f3cf058a,6,0,Unknown,,false
1863,0x93dbfb99b7dd229b7338a2402a9e9537870f1456,6,0,Unknown,,false
1864,0xf93191d350117723dbeda5484a3b0996d285cecf,6,0,Unknown,,true
1865,0x99990ca6f218f23cd04b48e6f7a55f492deb9999,6,0,Unknown,,false
1866,0xab8c2085851dabc15c865e4003bf90f53a34b1fd,6,0,Unknown,,false
1867,0x0e68d8428d371540d44ac7f4bcbc983afd42d990,6,0,Unknown,,false
1868,0x04a43f0afa59aee7cf52852e696625db6739fd65,6,0,Unknown,,false
1869,0x922164bbbd36acf9e854acbbf32facc949fcaeef,6,0,Unknown,,false
1870,0x9f67a9015205683249715d93e2eb3a1147fb3994,6,0,Unknown,,false
1871,0x7ac4f9b7eab651ee933f9ffe33489bcb2a806666,6,0,Unknown,,false
1872,0xe333ce9678683518a1de48b64eeb691e60d15d1d,6,0,Unknown,,false
1873,0x3914f1c1f2520f2418c9361f2121a79883870f04,5,0,Unknown,,false
1874,0xfa00a9ed787f3793db668bff3e6e6e7db0f92a1b,5,0,Unknown,,false
1875,0x10250ac670eb719b21e3b415d1c27b303b7beadd,5,0,Unknown,,false
1876,0x3b2eb3391a0e7d3ed09a9a9c2711de9021260b16,5,0,Unknown,,false
1877,0x86a661a12d177c7856d3446500566ed0cff777ae,5,0,Unknown,,false
1878,0x33a6c1dfef772ac128aaa154f249ee87e1c02b3f,5,0,Unknown,,false
1879,0x343f1c8a33d26335e0989b19f5da1af8e129ab7b,5,0,Unknown,,false
1880,0xe01e5b142f4fae43e67b52efe5e1b9fa7b18cfee,5,0,Unknown,,false
1881,0x296c1b14e9351a9f3d82850eba24eb12c53bfbc3,5,0,Unknown,,false
1882,0x570b4d682dd5260b90005bf5b34f4da229353c08,5,0,Unknown,,false
1883,0x9d238536e10dda5d5cb7204005777b08af922509,5,0,Unknown,,false
1884,0x949c152ba70e40215acf822fd9f3679254856ccf,5,0,Unknown,,false
1885,0x96e08387abc96c0b9ee39fdb85ace47d5d11f917,5,0,Unknown,,false
1886,0x955a6f703157da2f83075fab8263e63260d9126c,5,0,Unknown,,false
1887,0xda54dffe28a49ef16dc6987ba8a14463e3de8d2f,5,0,Unknown,,false
1888,0x0d15c0bfd96ff5c1fc4cbf232f22fb81b87aa5dc,5,0,Unknown,,false
1889,0xced576a2219a3b20748c6e39eccd23c9db815ecd,5,0,Unknown,,false
1890,0xff25c3f18a4298b5de69e54447783eda39c2726f,5,0,Unknown,,false
1891,0x1b8ac5e90b7afcac6f0131e4f6f17cb494f51dc7,5,0,Unknown,,false
1892,0x06b33b6c170988c6f0850d77750180a241ee5927,5,0,Unknown,,false
1893,0x0287471dccb709d912ccab8132ad1fbb3f3c1788,5,0,Unknown,,false
1894,0x9c31a020ebfb0c699f9843e8440a87c14d01ae70,5,0,Unknown,,false
1895,0x753921bccd1f9f220f79f4ce4f9c034b7c40b269,5,0,Unknown,,false
1896,0xa7fe995532a3c61f0d2bf77f71a992c9f437445a,5,0,Unknown,,false
1897,0x1e6ec20bb1003b8ce6f1b7c240078637aa3dc934,5,0,Unknown,,false
1898,0x04d3e50164883c2d85dac0e3ce82601f61dc4614,5,0,Unknown,,false
1899,0x7bd000f6cb9ac60d2caba7e2db729bac9dd21040,5,0,Unknown,,false
1900,0x14f3de847961a03a32a9379f7daa3a3e3b5aac30,5,0,Unknown,,false
1901,0xfff81d378079628c869e02efa1bb190f14840c9c,5,0,Unknown,,false
1902,0xffe3ee3fbb2d52068dbd6dd414db9b0e50dcd379,5,0,Unknown,,false
1903,0xffe04eb824d9c463ded8cd4ba58a2f8f29ad5df1,5,0,Unknown,,false
1904,0xffc77570af1c50cff3172e400395052b7cec5252,5,0,Unknown,,false
1905,0xffb11745b5837aaf03de3ad361b5729312d63a13,5,0,Unknown,,false
1906,0xff963a78c4cbd4cd5ac3c4daa2263effb69681cf,5,0,Unknown,,false
1907,0xff93f45a09c22c3178a65448a76f5ad2c82d0431,5,0,Unknown,,false
1908,0xff86bc32e90d0e23c0d4751455f7dc0a66ea82e8,5,0,Unknown,,false
1909,0xff85f6400e06858799f12b4ab5273c5ac781469f,5,0,Unknown,,false
1910,0xff826bb24b7f2eb1032690ceb7ebea016f5b6c0f,5,0,Unknown,,false
1911,0xff76c0c3117a34fd7ba32befe7b31b32c9aa217d,5,0,Unknown,,false
1912,0xff4fc1d7762a45a8e88b93e7d530535c727c4252,5,0,Unknown,,false
1913,0xff4cdff94c9ed91b0b1854a99c986a7bd16b77eb,5,0,Unknown,,false
1914,0xff48e1c46f86372758840667b2f318e1659b9195,5,0,Unknown,,false
1915,0xff36fe2ef94229e1091753acf2b6b1c651697565,5,0,Unknown,,false
1916,0xff30942b6a9f1ab70eba35046b533e9ba3966b60,5,0,Unknown,,false
1917,0xff29c4d8510f9afe859aa265b5cf12a00f628380,5,0,Unknown,,false
1918,0xff1f91f10f485bda4395cdee7c835f9a40a4ac0f,5,0,Unknown,,false
1919,0xff1f7285803fb9483120b616d167af3594f5bdf3,5,0,Unknown,,false
1920,0xff1600fbcaeecc072ac9d1fe26a7735489d1663c,5,0,Unknown,,false
1921,0xff1049e64948561a05a0c025ad591fe94de19360,5,0,Unknown,,false
1922,0xff10361181b9e6ec7eb9a11ec5a41d5a1bb16d6b,5,0,Unknown,,false
1923,0xff0ee4f07f34dd8fb4f81fcf0859cebc55ba3c24,5,0,Unknown,,false
1924,0xff03e839bc67b10f480b73170145906aa6189836,5,0,Unknown,,false
1925,0xff0039de42be95af3067fadcaecbc43a1caabf2f,5,0,Unknown,,false
1926,0xfefacfc6f2b9177dc2ab901ca669ee6cf3b752e5,5,0,Unknown,,false
1927,0xfef897cb698553304c1e4f7d0126f0f16f3fa1a0,5,0,Unknown,,false
1928,0xfef52ebe06149b6a4eb604e533bd6aa0888b7a5b,5,0,Unknown,,false
1929,0xfede1b0a4d4daab396949ce5488c76d31c59e393,5,0,Unknown,,false
1930,0xfedbeb274ed2ae63f0606f42abff4cb61a2447c2,5,0,Unknown,,false
1931,0xfeda5643a80fd4abf086c5856daedbfccee4fbe7,5,0,Unknown,,false
1932,0xfed7cb1f231f3975eec0da01fc366444fad26651,5,0,Unknown,,false
1933,0xfecc08e5abd4208a031762d2ecbb8a6e604b5a29,5,0,Unknown,,false
1934,0xfeb5b0f8d4cc1c4fa6393be874ca688ddd83cb59,5,0,Unknown,,false
1935,0xfeb5789115d4bbfd95a736e9145d7106de78a14d,5,0,Unknown,,false
1936,0xfe962f31b4da2b87399bcae9661dc84673b4138e,5,0,Unknown,,false
1937,0xfe956abbbcd5ff7a9cf372484e53904491654809,5,0,Unknown,,false
1938,0xfe8b1ca62994607638c7ba651aa3e1af071eb9a1,5,0,Unknown,,false
1939,0xfe78b583311902cdf322197da4ac0a239d109590,5,0,Unknown,,false
1940,0xfe746f628b72c0850c727b703e6ca9c2582fe52f,5,0,Unknown,,false
1941,0xfe68dd65f1aaa2573800834ab601ef7255335799,5,0,Unknown,,false
1942,0xfe6267984d4827c2ae956c411b23d7bba7ed8836,5,0,Unknown,,false
1943,0xfe5f628ade01283b970a3ab16931af9362d940c8,5,0,Unknown,,false
1944,0xfe588f0f926db5fab633935bef2f49240563d1d2,5,0,Unknown,,false
1945,0xfe516d37e9247081bbd19fbcc2ae3b9531c0894f,5,0,Unknown,,false
1946,0xfe4aa5cc642007d504e5c8d419818cb9fd304c73,5,0,Unknown,,false
1947,0xfe497a317ee9337050434df08bd456bfb08b8acc,5,0,Unknown,,false
1948,0xfe429e05e37b2d0a1841759edfc5a0a3df63916f,5,0,Unknown,,false
1949,0xfe3e223b5022c7f247ac827a66904dbbaec07bfa,5,0,Unknown,,false
1950,0xfe3d5ed70b5f0c4dc860b8c9a2e72d8d2477ab79,5,0,Unknown,,false
1951,0xfe3533c65534b2b662d87541050f2ee238db2a03,5,0,Unknown,,false
1952,0xfe200c566898eb098e8d215bd4644123fb8e9a17,5,0,Unknown,,false
1953,0xfe1c09d0dd70c00885e69899bc5d9d35b6989110,5,0,Unknown,,false
1954,0xfe13ade21487ee11032cd921da7618f4baeab472,5,0,Unknown,,false
1955,0xfe0603f8b98bfd797c56fde6262be8ae44c7f2e1,5,0,Unknown,,false
1956,0xfe050eddbfcfd2e29db0656cc5f1c572e5a5bb77,5,0,Unknown,,false
1957,0xfe00eda6906aaacef474a6457b49200ed4d1bf6c,5,0,Unknown,,false
1958,0xfdfe37195fad1ab10586bb351bc301a1ebd67412,5,0,Unknown,,false
1959,0xfdfb3a5acaf1e54420fe5c618434756610f703c3,5,0,Unknown,,false
1960,0xfdf0e5174097683aad343cea0c0d2414b6caa26d,5,0,Unknown,,false
1961,0xfde933517de7758d59eebb956d0fc2d4f7345bf3,5,0,Unknown,,false
1962,0xfddd4a45ed8ddb34c510279ef76b9f8c6c17e24b,5,0,Unknown,,false
1963,0xfdcb36fdbce987d5766652d42144bc9cc0265000,5,0,Unknown,,false
1964,0xfdcb2d27ed38af7c8a251465fdc569f979966c50,5,0,Unknown,,false
1965,0xfdcb16daf7eccd2716237f878a5d3c532b541afd,5,0,Unknown,,false
1966,0xfdb4bf81277f4cdb9687520484864eab1fe2bc44,5,0,Unknown,,false
1967,0xfd9eda9b264cd7cce776196b6cb1e034a5fcfb79,5,0,Unknown,,false
1968,0xfd98fba8631e0720d5646dddd43f0bcc20e39f96,5,0,Unknown,,false
1969,0xfd97323ace9f17ab0ac7b6f9b448ce90f43d474c,5,0,Unknown,,false
1970,0xfd88ebab5a0cbf2e748895e0fee6beab455a9e1d,5,0,Unknown,,false
1971,0xfd86f40cc0f21b49b63d916e02a200322a270332,5,0,Unknown,,false
1972,0xfd83ff77d993d2b6094aa5fd5f2e048cca9d15aa,5,0,Unknown,,false
1973,0xfd7ff1fca853115199ee794cd166998f5e12b2f6,5,0,Unknown,,false
1974,0xfd58aea140f36edf09324dd82d344e4dbff9e1b1,5,0,Unknown,,false
1975,0xfd53bf05a6f7be1c34c94d3b5d821795d31d8460,5,0,Unknown,,false
1976,0xfd49d8d37ba3c3c9ec4fe11c632c236b892466d3,5,0,Unknown,,false
1977,0xfd46f2afde5a2f1cfbc6ae1ba4344de266e57dea,5,0,Unknown,,false
1978,0xfd38ba912d118e8d55ef49501bf0ff38fb9be500,5,0,Unknown,,false
1979,0xfd3644c5bf1ff85d62fd7e2d0bde684d403ebd8a,5,0,Unknown,,false
1980,0xfd2ecdd5750b7d11e7ef398002a2aeeb8b9ddac7,5,0,Unknown,,false
1981,0xfd09a86941ef2cf25c0fd705a841031342cd1b2c,5,0,Unknown,,false
1982,0xfd083dc8b4375790dc6f51119d3d60fedda880e1,5,0,Unknown,,false
1983,0xfd04c22297d28dd45ff32dd3fe1ec3fdffa77201,5,0,Unknown,,false
1984,0xfd019cae576ab505d46edecf2393c76e3d768671,5,0,Unknown,,false
1985,0xfcfab9fa7700837f10d3ebd513a7c95465b96546,5,0,Unknown,,false
1986,0xfcf70fbe9e2599927dcaba78224fa418e0bb4874,5,0,Unknown,,false
1987,0xfcdf88930d77da04f5419fd27397eec38aeb447e,5,0,Unknown,,false
1988,0xfcd8b2d503d9a231ff012a2ee22998651c106df2,5,0,Unknown,,false
1989,0xfcd13809c02896ff993855446c3ea929b4a072ac,5,0,Unknown,,false
1990,0xfccbc264065d2b7b3c286039c826939aa11769d8,5,0,Unknown,,false
1991,0xfccb9d4d936da9362a09b9bd5405123a984afda8,5,0,Unknown,,false
1992,0xfcc764a0adeaa621c19df2eb5d8d92cb4f996a4c,5,0,Unknown,,false
1993,0xfcc0b8c85eb905a7bd39c72c57b25b46650aba12,5,0,Unknown,,false
1994,0xfcbf6c90582da1250b822ffc82e3c646d5878793,5,0,Unknown,,false
1995,0xfcbc34fdfcd9d8d5499e11db8559e007ee2f85ac,5,0,Unknown,,false
1996,0xfcbb2f0495f2ad66c8677cb24d06334484464969,5,0,Unknown,,false
1997,0xfcba8c5b7baa4471c4b84ac9cce0d25835bd7e30,5,0,Unknown,,false
1998,0xfcb1fe05d8b8b3cbc6a530f08a453e9cbbd6917d,5,0,Unknown,,false
1999,0xfcaabfc73971fe8bf9c8738e58570fd343287592,5,0,Unknown,,false
2000,0xfc91f66832e211171da9fd7638f91a5a187e4fec,5,0,Unknown,,false
2001,0xfc8faf95fa26f0045cabdfaf79c7203a68b7ad93,5,0,Unknown,,false
2002,0xfc8d04a722f7f4f27111c6187c3aff849180072a,5,0,Unknown,,false
2003,0xfc7a3db17f65337d6232318082ee8297e36f0cd0,5,0,Unknown,,false
2004,0xfc74ec120c7a78ff1eedf4002c9988100af5545c,5,0,Unknown,,false
2005,0xfc6eb57fa55e86ea7ee0a4210843566e0e265023,5,0,Unknown,,false
2006,0xfc663976cd3e904abe1cbb3d551a53c510082b47,5,0,Unknown,,false
2007,0xfc5bff1e79cc3c7b1c06225d7eb46c739fc74a67,5,0,Unknown,,false
2008,0xfc515537808b3201e97299b6357941793ad2a990,5,0,Unknown,,false
2009,0xfc46843bfec5363903eeb370fc6957dd85337559,5,0,Unknown,,false
2010,0xfc4621d8476ed9a4ea4c3d2c8da61f490b84c898,5,0,Unknown,,false
2011,0xfc453ffc318c027967b7ae1b0d406cd70740cf17,5,0,Unknown,,false
2012,0xfc43028579c6d17d093ecf083b618370ba83165a,5,0,Unknown,,false
2013,0xfc3ef523a5a3146a4809782b9c77f0049d27096c,5,0,Unknown,,false
2014,0xfc3ea417222a2332076258df774f6852c3de84f1,5,0,Unknown,,false
2015,0xfc346e77abb9711762b140c0c909e11da7d193b7,5,0,Unknown,,false
2016,0xfc16fc4e3b348ff6f8a09e7b7449011e6427e06c,5,0,Unknown,,false
2017,0xfc0afde828e743d95dcf06fb6fe9b3e41cda3389,5,0,Unknown,,false
2018,0xfc01781c6f3a182faf131c4a4348cbb46f9796f8,5,0,Unknown,,false
2019,0xfbf025fdc28bb4de59ae9dbaa793eb91e78d49ae,5,0,Unknown,,false
2020,0xfbe9767c235707d7d3b879ba23bdea80ac6a32ea,5,0,Unknown,,false
2021,0xfbe36c5c56edf2e39e5b0f1dd60f394b02a8b47c,5,0,Unknown,,false
2022,0xfbe2c07980eda434aee6a21c4e7e31b57fe758ad,5,0,Unknown,,false
2023,0xfbe0d880f973a728eec5e85b4bd5fdeb4941181e,5,0,Unknown,,false
2024,0xfbdfadd26f767580a088198900469efe98638ac8,5,0,Unknown,,false
2025,0xfbcb5f69a6b6df7934bb650a08d267c46b485150,5,0,Unknown,,false
2026,0xfba0ec5a7c2f02f93f3e012aefc67c7159c7c046,5,0,Unknown,,false
2027,0xfb91abd10d5840c77e583f9e595dc0d47d188179,5,0,Unknown,,false
2028,0xfb8b7f7a18c87b7055f6b6690b1a91333f853727,5,0,Unknown,,false
2029,0xfb7d18b71b1d5ad8087d717977dc06e25a070c28,5,0,Unknown,,false
2030,0xfb7be3f93bedc1e37932886cb159dd31e23a1e50,5,0,Unknown,,false
2031,0xfb77e21ed2099e156bab66faf7d698c4dbc9d7b3,5,0,Unknown,,false
2032,0xfb68f6a98b38509dd93b589afa786a915c9a68a5,5,0,Unknown,,false
2033,0xfb657aff5a00c30ccdd503bf6e0f974574bfcbbe,5,0,Unknown,,false
2034,0xfb5d9c16b20842f805a0a91a7edb73b51ea52aea,5,0,Unknown,,false
2035,0xfb4e3cfa821917e85769fb23ae95339f3f43bcc3,5,0,Unknown,,false
2036,0xfb352be7476915b0f3678ad4dd77b7368f55dda8,5,0,Unknown,,false
2037,0xfb2f5e0e0e69869ad00e7fd56fd0c972d13a524c,5,0,Unknown,,false
2038,0xfb2c0542aadf16dd05c03c91868eeb3be360d385,5,0,Unknown,,false
2039,0xfb1a0fb1b310815ab021b7c31b3dbfb936ee1dbd,5,0,Unknown,,false
2040,0xfb092ec66dc62d9e33976224c04d49eb52a4d02e,5,0,Unknown,,false
2041,0xfaf5784accf311232b60bed12074302bd5150d49,5,0,Unknown,,false
2042,0xfaf08c7752d008ed55d5b1dde4b587d6defa7080,5,0,Unknown,,false
2043,0xfaef899c99c7c092ccfbcabdb2ae6c940f630dde,5,0,Unknown,,false
2044,0xfae3ff9e66de737194d89ebe7120aa9c737cfa3f,5,0,Unknown,,false
2045,0xfae07209b28de435990eb57cd651d9ad8415ef4a,5,0,Unknown,,false
2046,0xfade3e03b57083c533aa1f61a0222f2d4de53b34,5,0,Unknown,,false
2047,0xfacbbd594c28fb1b52a17a10ab66f4f1f8db47c7,5,0,Unknown,,false
2048,0xfac09be1e5e081a085daafdfb5580eb7bf0c13bf,5,0,Unknown,,false
2049,0xfaac5a740fd1d50384490d24c12c06ff92e5aec2,5,0,Unknown,,false
2050,0xfaa78f3181eb2a3ec02a66d41bb3bfb02b2d7018,5,0,Unknown,,false
2051,0xfa9c90210e104662726b3ebf0c4315576c3fc2b7,5,0,Unknown,,false
2052,0xfa93e5e30bd6651a891f60afb72283d4c2c407f7,5,0,Unknown,,false
2053,0xfa928e9679deb715dc9474dc42f8d8cb643e6d67,5,0,Unknown,,false
2054,0xfa826700099b8bb7cd1975ac812096b0d55daff0,5,0,Unknown,,false
2055,0xfa7f64a5dda3647078ae2da61b8ccb1399826fa3,5,0,Unknown,,false
2056,0xfa6ab44c6f5eea92d02e3695d702e38a6b401e80,5,0,Unknown,,false
2057,0xfa56309f5df1b57bdb07631ef02dbde3af566f1b,5,0,Unknown,,false
2058,0xfa4c5bf5d5d70847f1a10a38944b5463e92ba0ed,5,0,Unknown,,false
2059,0xfa474dd392b5384cc2181ae3d0ce3c36e39311db,5,0,Unknown,,false
2060,0xfa2bb64db5c91869491a1964c82f1ff89e4802da,5,0,Unknown,,false
2061,0xfa0f728a8ec14f4e6a24ea4ab85de0e729a197d6,5,0,Unknown,,false
2062,0xfa0b9c36dc4ec5bb7e88a349776803f1f6cd4344,5,0,Unknown,,false
2063,0xfa046164df92088748f74745d876b2ac44053df2,5,0,Unknown,,false
2064,0xf9fd93d27ea64bc09c48133e42b83afbf74c3da3,5,0,Unknown,,false
2065,0xf9fcaf42498f8aa1e2cd80ebdd78db8e8948cbc8,5,0,Unknown,,false
2066,0xf9e5c7ffb2d0042832d634374d060058360b136a,5,0,Unknown,,false
2067,0xf9e4033d1abf534c0e9b4882aaf32b58845001d9,5,0,Unknown,,false
2068,0xf9e315424f966dec4e28a18e7fae8736ec924366,5,0,Unknown,,false
2069,0xf9daceab481541e255c66f050c2f4fc756b3807c,5,0,Unknown,,false
2070,0xf9d1e1f5b70438fdfe899064e1ebd2e76c02289e,5,0,Unknown,,false
2071,0xf9ce8516cc7008f403049af9cb86a1a1a1fc7c09,5,0,Unknown,,false
2072,0xf9cb3f7b6db8c7d33b8bc2bc571412fe1d77c3aa,5,0,Unknown,,false
2073,0xf9ca8e3da3b80f60cb43613e52e8c60e631c568b,5,0,Unknown,,false
2074,0xf9bdde06562c449e43e60f461cb8d4a0378dfb6e,5,0,Unknown,,false
2075,0xf9b374c584dc40a4da8b5eba135d9ce44f368805,5,0,Unknown,,false
2076,0xf9ae370a17004ccbecd4efde65a206ec2e87cd87,5,0,Unknown,,false
2077,0xf9a6d31f5b612f159a92e3b0ad29875eb0afa4e5,5,0,Unknown,,false
2078,0xf9a21789bd39b08be5951b59b55d4a8e57a1290f,5,0,Unknown,,false
2079,0xf99e37129df0d4e40b876866f36f850625af8ddd,5,0,Unknown,,false
2080,0xf994447f50e63dff8d5e60858fcbd8c1e9f63f8b,5,0,Unknown,,false
2081,0xf9936d97cb8203e1713c72c1225442ea6e6ac65f,5,0,Unknown,,false
2082,0xf9881521a74eff3c895d9fef7b18b959fb849753,5,0,Unknown,,false
2083,0xf9865d28b538080584d696650f984de257dfe335,5,0,Unknown,,false
2084,0xf97fefffac0c1633ae7960b5b5d46020cad8b603,5,0,Unknown,,false
2085,0xf97b74725449cb511b8779ce2b2a33cd0bf40ae9,5,0,Unknown,,false
2086,0xf969f62c8cdb5380fc03e41174d5d91e6aa654c6,5,0,Unknown,,false
2087,0xf96998040392aa09bd552384b726969f6429a13f,5,0,Unknown,,false
2088,0xf959dbedb0279c07d692ba48b172f6f898779715,5,0,Unknown,,false
2089,0xf95367c6c09c89ddab3323b26ad4feb8c8d258be,5,0,Unknown,,false
2090,0xf936571bff34b4f4ccb71b66b7777f0e4b1224af,5,0,Unknown,,false
2091,0xf935e5aacc6d239fce699ad4e6e2e087d78c68e9,5,0,Unknown,,false
2092,0xf90e4238398d862f76b93397a79e26376dc1d6be,5,0,Unknown,,false
2093,0xf90c9d8820f0fe1f64bf1d71a960281c8f8bd46d,5,0,Unknown,,false
2094,0xf907eefead2294054fba791c1d4cb8e41ec69676,5,0,Unknown,,false
2095,0xf9052765e294879d9f5e53619b23a8e93ce4f6ab,5,0,Unknown,,false
2096,0xf9006802f6c1bc5f5829a61fb69d2bb84b3bca59,5,0,Unknown,,false
2097,0xf8fd3a300799e0b2423bfd6c0da4e33f725c3879,5,0,Unknown,,false
2098,0xf8f6239a3d4f1452ea6eee9c715f9ef2a31126fb,5,0,Unknown,,false
2099,0xf8f5da058dfc98dc6bc10dff3af68e5ddccbc0e8,5,0,Unknown,,false
2100,0xf8f59b367df8de36fd539d7f8e47667ee3cea8c5,5,0,Unknown,,false
2101,0xf8d73f9b5d3c9ea3cd43f0a1f245d77d79c55525,5,0,Unknown,,false
2102,0xf8cbe06a384e7f9de81257da6d4657e1e3fc4b86,5,0,Unknown,,false
2103,0xf8c8b3a70c2618fa0e430a3d0bbc2cbf8ca515c3,5,0,Unknown,,false
2104,0xf8c53662d31ddf432eb270a5017acbc86945bb94,5,0,Unknown,,false
2105,0xf8c1544f6ef0a62b60c131b8640690b080266ef4,5,0,Unknown,,false
2106,0xf8ae5801b02e41001c851bd8441aa8935057c6c9,5,0,Unknown,,false
2107,0xf8aa719c640cbe57342ba3788e7511478c60d441,5,0,Unknown,,false
2108,0xf89c0b1d4cba067235ff8f10a0acdb27b00647f0,5,0,Unknown,,false
2109,0xf894ff3f77afcfe0447bd845cbfe1c28a046e71a,5,0,Unknown,,false
2110,0xf87f1eb15d18814ee86f7f28f3e67ac2576b7c2a,5,0,Unknown,,false
2111,0xf86efdbf2ba48ad533fbda77171ee58244b9cae6,5,0,Unknown,,false
2112,0xf86136dc40b5eb2d5ce0b41a76f17221d4847b43,5,0,Unknown,,false
2113,0xf8606b5ef461dda2e129ff7fd01ba1e727ad8a74,5,0,Unknown,,false
2114,0xf85cd5552cb6c844094cef8bff29bfb437319451,5,0,Unknown,,false
2115,0xf856ea2498b33f9d14032eab1eb1bd8304dcbeec,5,0,Unknown,,false
2116,0xf852d3445d5d7d4d3a574c08d106bf68cd13f85d,5,0,Unknown,,false
2117,0xf8431940a097cb888c92d1fa9bb2aae7d51fa1da,5,0,Unknown,,false
2118,0xf83ea5b99f98240c53bc857b5137255d0f14c2a0,5,0,Unknown,,false
2119,0xf8371d2fb268f0374681a88d8a5fe4166d27ec8e,5,0,Unknown,,false
2120,0xf830972237bb92ae4260f2f5d89c7c31443a55e5,5,0,Unknown,,false
2121,0xf82df7eabdb5addca7026e693a74f48076755163,5,0,Unknown,,false
2122,0xf8220a78ee73f70930b5ad6b10810887dde80c9a,5,0,Unknown,,false
2123,0xf82153b6427692167e93a9ca3af6968b167e9842,5,0,Unknown,,false
2124,0xf81d8bf171aca9f7aefc0f6853dfcdfc59060b89,5,0,Unknown,,false
2125,0xf81c5225f7161d0bd17b9d893a0690a3cac7a620,5,0,Unknown,,false
2126,0xf8168771229199f5a55b802e506a457dcc4bdc6f,5,0,Unknown,,false
2127,0xf814a9751ae865ca09f47269e62acaaf165cd23b,5,0,Unknown,,false
2128,0xf81059b7bcc9f92225bcaf3388b64f654c016fa6,5,0,Unknown,,false
2129,0xf804a66e5183c43648f66821a9e1a7d01fad1d42,5,0,Unknown,,false
2130,0xf7f624a6e0fddc395c754618d1c9c61adb9b645e,5,0,Unknown,,false
2131,0xf7e6463a7e77f113f5d2b9fa6becf9185fa1ae04,5,0,Unknown,,false
2132,0xf7c7d16b5b585bf1fbe3aff24c24bba2b6edc370,5,0,Unknown,,false
2133,0xf7c41c62dc5396daab5987c7ac997d05fc182c5e,5,0,Unknown,,false
2134,0xf7c22047f7f07155a64812f589dd0d4a167b66d6,5,0,Unknown,,false
2135,0xf7c07c89124444476c95bfaf4072746b50dd6399,5,0,Unknown,,false
2136,0xf7baa404df9d3d9573f2ad4a97fb197dbd2f7c71,5,0,Unknown,,false
2137,0xf7af7a1a27c471bdb5829f843fc20ae8cdd20f15,5,0,Unknown,,false
2138,0xf7af6ce7060f5ba81c32395f1384f4b7bffb0588,5,0,Unknown,,false
2139,0xf7a882c5a26970fe82fb54fe3a369193c32461d4,5,0,Unknown,,false
2140,0xf78af0a81985a5e00f5b4bc2ea5ce68ac8f4da3a,5,0,Unknown,,false
2141,0xf787477a81707fd2008d9d603da01086ea577f7d,5,0,Unknown,,false
2142,0xf76bcdbfc1447ef0ad20e4b69adac107ba257d01,5,0,Unknown,,false
2143,0xf764b2b202bfb1e388adc51f02a2f8a0feae65da,5,0,Unknown,,false
2144,0xf761ef86677746ce3dd7d5734060623a264741d2,5,0,Unknown,,false
2145,0xf760d5de138d95cd49a7643ca2e4dea1fb32d266,5,0,Unknown,,false
2146,0xf74d1972738fa6ba1014c2e04d18384f165108ed,5,0,Unknown,,false
2147,0xf7470bc8cbf7f9619802f5610c58055ae12e74ab,5,0,Unknown,,false
2148,0xf7409282f08d06f24955cc85096347efbb27bb14,5,0,Unknown,,false
2149,0xf730dd15809db548d126e6b1823726753fc97eb5,5,0,Unknown,,false
2150,0xf72c17bf6c6c87110843c93237bf31aaddca8b11,5,0,Unknown,,false
2151,0xf71875dd9bd810eda10dfeda53f81683a8d038a2,5,0,Unknown,,false
2152,0xf7119a541862ebffbff9faf65e4e9d20bc6c978d,5,0,Unknown,,false
2153,0xf710f65d0d9a2544d4bac9eb1012dc827e1a4024,5,0,Unknown,,false
2154,0xf70d3a34cbc30b9cb526da5ecc19d67a8d6a44ab,5,0,Unknown,,false
2155,0xf6f4906eed01b3a4af53378937b2f25e231bdb7b,5,0,Unknown,,false
2156,0xf6deab8fb0e621d5031e3df069304aaea295129b,5,0,Unknown,,false
2157,0xf6ca718ef29c5afcc8d8fd554fa6f77f9f7ea986,5,0,Unknown,,false
2158,0xf6c95b1eb1fa7728e1a8584afc18c1c7c87992d4,5,0,Unknown,,false
2159,0xf6c758a0fc2512ac71b3a142feff85918e152586,5,0,Unknown,,false
2160,0xf6bb0ba8c1543d9822dfe4eaecfa0d3206b778e6,5,0,Unknown,,false
2161,0xf6b3a2b71a8b50601b4919a5cc3bf6647a2029e1,5,0,Unknown,,false
2162,0xf691bc6f14f4cd857c24bede5da9b939822263d6,5,0,Unknown,,false
2163,0xf68c81f4fd58279f503118fce2d33fc8935bc596,5,0,Unknown,,false
2164,0xf68c7a25e488f94b1a6f56ce0b4d5c2519d43f58,5,0,Unknown,,false
2165,0xf683f9a6ad073c8eb1abd816e70c37140cb256bc,5,0,Unknown,,false
2166,0xf681f0dbd09b465d4e17f49e6642cdb076daa5c4,5,0,Unknown,,false
2167,0xf6790431edaca7e0a9a1ec3f8549fd2015dd687d,5,0,Unknown,,false
2168,0xf676eee006a1c4ee81787ab1f84e597fc41ee3c6,5,0,Unknown,,false
2169,0xf6703112b38fc8d35038c54dce78d6887bb1824d,5,0,Unknown,,false
2170,0xf666cdae00cd1e3839cb5f85e25b15d34f68f5ad,5,0,Unknown,,false
2171,0xf64d142b90243925b8af3593ff0265f440cbdc71,5,0,Unknown,,false
2172,0xf648d27ea31994ae4ca126b418048e6934d37f03,5,0,Unknown,,false
2173,0xf640ccf0da89013d14fbfb76190603233734a1c9,5,0,Unknown,,false
2174,0xf63ad37f9b49c65f0bd98e13ccff70f4542f3c0e,5,0,Unknown,,false
2175,0xf627d9e216a88cba39855f137f5ddfcc9c4be9ff,5,0,Unknown,,false
2176,0xf622add45c75bbbfee9bb7422d57c44ab2094757,5,0,Unknown,,false
2177,0xf619117aef4d844b1b25b98fdb003512a4c3873a,5,0,Unknown,,false
2178,0xf616aa07e709f15efa70f46f16a04e5a086dbdf0,5,0,Unknown,,false
2179,0xf609884db9cdc9d37f56e5e3798fcb5f8002d316,5,0,Unknown,,false
2180,0xf5fff9da333a4b96a5ed11d0b78ec2baea5b55b2,5,0,Unknown,,false
2181,0xf5fbac9ab940a3fe656e4fdb08d3ee03b212f913,5,0,Unknown,,false
2182,0xf5e971dc11fa8b470d6b127bc566d8dff5a416e1,5,0,Unknown,,false
2183,0xf5cc805225b79c030b8a9a68b5b470eba960b33e,5,0,Unknown,,false
2184,0xf5cb13fe4142011ba5ee2e5fab33760449ed729b,5,0,Unknown,,false
2185,0xf5bf34b68ad830b418d493d74d0fee569f4b9b13,5,0,Unknown,,false
2186,0xf5b7fa80ffbec6a43cc9c4819a1e320a25d154c9,5,0,Unknown,,false
2187,0xf5ad9caf23dbb0d589ac1ce787b470eab20a4ba9,5,0,Unknown,,false
2188,0xf5a91a336d81f8b020ae669c63671b1f7148cef9,5,0,Unknown,,false
2189,0xf5a38971da8984a9081418debb80f3545f1a91b7,5,0,Unknown,,false
2190,0xf5a19f6550afe4f3848a2b3eb3b814026dd005e7,5,0,Unknown,,false
2191,0xf59cabc37ca6ccfb91eb2f0e26dcb843e5508592,5,0,Unknown,,false
2192,0xf59b007fd8ca5eb26b4e1cb9f57fea704482bf26,5,0,Unknown,,false
2193,0xf59a7e335d152eb5eb309e2958f7a5df3df9c353,5,0,Unknown,,false
2194,0xf5919b8aac85ca329bb03837dbc1909e2be2951a,5,0,Unknown,,false
2195,0xf58e2500e442eb59f96e8c73d2850c217271d367,5,0,Unknown,,false
2196,0xf582bd8e88bf8a4901c43f40ea1540a7c75c1c42,5,0,Unknown,,false
2197,0xf56fb27154efd69ccb7dc0b3fd5399f31041b7ae,5,0,Unknown,,false
2198,0xf56846e98f4a63af7a0ef0676426d5dd6998bc82,5,0,Unknown,,false
2199,0xf5633c17e80cd0a941fedc5edcf03eec17588a2c,5,0,Unknown,,false
2200,0xf55a198e787aa2e27c04b10320714879b9ba563b,5,0,Unknown,,false
2201,0xf54dbbe872bca69ce8e567bcbfe8add8c2067ad3,5,0,Unknown,,false
2202,0xf54d290be01cf23e13759a03e315c56af4f4d001,5,0,Unknown,,false
2203,0xf53adb8ae1bff801bd1145722543573a073a56da,5,0,Unknown,,false
2204,0xf53a466d84fdac2c99ad6b24ebeb8d23d69da9a0,5,0,Unknown,,false
2205,0xf5300101ed2f9632537384a4255c958b924f438b,5,0,Unknown,,false
2206,0xf516966d3a00becb2766a059cbb6a6e75e3b4277,5,0,Unknown,,false
2207,0xf50c0735bcf9b0e38891ec8f428fc44a25706173,5,0,Unknown,,false
2208,0xf5084c57cb8b8c9f9d4c6b500e801a878d58fefa,5,0,Unknown,,false
2209,0xf4fd83c62acb12ed56bbeea1e2c221756ff1a4d3,5,0,Unknown,,false
2210,0xf4eb62deb4f4efb9145fef8a3c8ff9038f02c320,5,0,Unknown,,false
2211,0xf4c01af4b75abb8579b1267bf4570a6ee1a7ca3d,5,0,Unknown,,false
2212,0xf4b5becae5d28ddfa0d22b835f24905c39ee58f9,5,0,Unknown,,false
2213,0xf4aa35ca8956fac5239264c3becf06e144c53857,5,0,Unknown,,false
2214,0xf492ce6dd80c7f5f405602b5931ea21338b92aa2,5,0,Unknown,,false
2215,0xf48af751abccb332001111bb59163e6e4011e48a,5,0,Unknown,,false
2216,0xf488da8f0b6847b5b5b80653bc713886b58f3c31,5,0,Unknown,,false
2217,0xf4885534fa7fd658dc27b48edf3dc604d69968ce,5,0,Unknown,,false
2218,0xf4876748b7064ef8294faf665c1f34c25f17197e,5,0,Unknown,,false
2219,0xf46f02b02338336ee380f943e42480e4f9a4785f,5,0,Unknown,,false
2220,0xf46454389d037eb77446343c76e5dafc5a22da29,5,0,Unknown,,false
2221,0xf452615e37c6c1f824f7f85428e7af3c133c8149,5,0,Unknown,,false
2222,0xf44c15358e2eec5eea8479ea702af824193cd792,5,0,Unknown,,false
2223,0xf440e89abe819e04275137169f3df21e99859c69,5,0,Unknown,,false
2224,0xf43646c4ec58c66aab0a7b41f6e5c5e8bb006485,5,0,Unknown,,false
2225,0xf4338793b8c78d410cbfaf494fbeb7c1949a7f5a,5,0,Unknown,,false
2226,0xf422d69e9644042d458978a8d07999aef4d024c5,5,0,Unknown,,false
2227,0xf420f2b48f110d56c2b1ff1dd3546c868445069c,5,0,Unknown,,false
2228,0xf420911c62d4a51812b377750378ead24b23bcbc,5,0,Unknown,,false
2229,0xf41743928aea1837017917bf6653ef6e0a72a2f3,5,0,Unknown,,false
2230,0xf41718ca6c933f84bac1135980f6d5818c5dde56,5,0,Unknown,,false
2231,0xf4131b33ab60cbc8b81e2537ad492f814af47b2f,5,0,Unknown,,false
2232,0xf411c9987abcef65e4949666def0d0a23fdb8ab4,5,0,Unknown,,false
2233,0xf40eb4eaa5d5d5934bf9e720c791eac3980fcc43,5,0,Unknown,,false
2234,0xf40a38321f30b387263bc5f99687c4d3f3fd9626,5,0,Unknown,,false
2235,0xf3fe317884ecf863636d04fcaff31cef1333b892,5,0,Unknown,,false
2236,0xf3fa1d3a09527d8ad629a7255148b6f497c3a4bb,5,0,Unknown,,false
2237,0xf3ea7744a8648bfea3c540d4b0f5452ceda4c489,5,0,Unknown,,false
2238,0xf3e665d2ac25fb56bc88b1b0691d82b628fdb06f,5,0,Unknown,,false
2239,0xf3dbdcec0d9f7675ac4949327920d1d2a632e0e0,5,0,Unknown,,false
2240,0xf3dbbb3f4b91af5004c9870ddcb82ad80a4afa6a,5,0,Unknown,,false
2241,0xf3d96c4f0f8656521f6c3f58cf555cb29fd8c8a7,5,0,Unknown,,false
2242,0xf3d93e90ff10a5f7aacc07f7799a552958deed41,5,0,Unknown,,false
2243,0xf3cc84def4a3b279ab1b0ac170b926c2aeca935c,5,0,Unknown,,false
2244,0xf3bd2222513a2af3c168d4376bd1618b8fda0767,5,0,Unknown,,false
2245,0xf3b1f1a20208baab5400e260d332184401348589,5,0,Unknown,,false
2246,0xf3ac921ac06f326a5803dc5cf2ee1805725fc271,5,0,Unknown,,false
2247,0xf3a500de4aef6fe26fd716cb4fedd28265ee7417,5,0,Unknown,,false
2248,0xf39a556d03099236b2cd90008ee84ad6c96831ae,5,0,Unknown,,false
2249,0xf392dc99088b1bcfb27c4ae8d1ccd4bf77f2340a,5,0,Unknown,,false
2250,0xf390c92bbae7ad286d53fbfe572f01dc423e1ff8,5,0,Unknown,,false
2251,0xf38c20b4bbbd4fe320bca66da45687825d24dcea,5,0,Unknown,,false
2252,0xf36f13073c63c5c3dbdaf4f5eb059f14f40394a4,5,0,Unknown,,false
2253,0xf36b88e7357a829f1e7f9ba502d84aaa2ad756cf,5,0,Unknown,,false
2254,0xf3602239d694e31a3c283f9651fbb0a7827a3be0,5,0,Unknown,,false
2255,0xf35bda733df653c0a54da0fbdc8d6f0108c2407d,5,0,Unknown,,false
2256,0xf35700dc9491986f0ebe93d061a8db73e0b859de,5,0,Unknown,,false
2257,0xf35060a58b834bc162b11cddd5bc11c05f8678c3,5,0,Unknown,,false
2258,0xf33fbd40f7765272d794d6f3296c951d94620de0,5,0,Unknown,,false
2259,0xf336c8947033ca7edca879924a1fec23e3963dda,5,0,Unknown,,false
2260,0xf32fcd982101b9c22deee6a584552845069c0432,5,0,Unknown,,false
2261,0xf32f6afb944890f337a6525d5cef0b07f2e80ce9,5,0,Unknown,,false
2262,0xf3200fcf5e9bc836b936001291a31deb6906e031,5,0,Unknown,,false
2263,0xf31393979fb4e0a3ca634bedf1fc22fbd0b44e85,5,0,Unknown,,false
2264,0xf31207fe35aa83e0f260fd24320cfefa59889cb5,5,0,Unknown,,false
2265,0xf2fe9a04fabcd6ac1077a88f86a1c712bec2171f,5,0,Unknown,,false
2266,0xf2fe060f09016c85b6257e07499b9344e3567e2c,5,0,Unknown,,false
2267,0xf2f8c6e1daeb918cb91aed1d915a679a99caa0ff,5,0,Unknown,,false
2268,0xf2f2f6eec74e5028580c1e7f0558056544f61b6d,5,0,Unknown,,false
2269,0xf2f16cbb2762a5a05469ef5a059e3f9403df4172,5,0,Unknown,,false
2270,0xf2eb1a1d55b702684de51de171817918aef8745c,5,0,Unknown,,false
2271,0xf2e45ffe0fc979904ad6dfe521b320da10359ae4,5,0,Unknown,,false
2272,0xf2dba7cdd0ce608acdcc7110b5133c8fb7c3d962,5,0,Unknown,,false
2273,0xf2cc62e30a1340579cd484ca7ad06ada11ba99d7,5,0,Unknown,,false
2274,0xf2b7819099d878901ba1b27a24620a59fe867a6e,5,0,Unknown,,false
2275,0xf2b758c00c1e293975cf4d88e94e9f39c8b3e78d,5,0,Unknown,,false
2276,0xf2b33a906a02e5f03c162695fa5a12dde525021b,5,0,Unknown,,false
2277,0xf2ab5b6f3e35201b2d44d81b8b96baca778ecb63,5,0,Unknown,,false
2278,0xf298e9592ae620d42c668169a90df7c5286eed68,5,0,Unknown,,false
2279,0xf291f333ea20ace2b4def1340071d512a415942d,5,0,Unknown,,false
2280,0xf2896071cddef7073cf1b1d0d274535209e5c66d,5,0,Unknown,,false
2281,0xf287269b0fdcab7d1c47f53c9b4f609e2883a65a,5,0,Unknown,,false
2282,0xf2814754ab335e1b5ed86388d5ee895a63f5fcf4,5,0,Unknown,,false
2283,0xf27b6cf1132d3c5d2b0720d06d1d5af4ca20997b,5,0,Unknown,,false
2284,0xf27133895cd982310f2e18a37b2b5d68741faa0c,5,0,Unknown,,false
2285,0xf26e29341af9f5cf0332ea1a440121b9f7177a75,5,0,Unknown,,false
2286,0xf2640505aa98db3e15cb66539603bea39c457946,5,0,Unknown,,false
2287,0xf256e4ad5076e283ddd9ae70f76ecc4edbf3a1a4,5,0,Unknown,,false
2288,0xf24d5edeafe7830fdd9b0d1a1b59dc45d5b8e67e,5,0,Unknown,,false
2289,0xf23a5b9d292b14cafc3f7322b53c32016083f850,5,0,Unknown,,false
2290,0xf22d3957d45f62be12a9f1f96ea52848b76eba9b,5,0,Unknown,,false
2291,0xf22d36003212ec12aa1b7f25e6acbdeed748cfaa,5,0,Unknown,,false
2292,0xf2113d472a4a6e8095c1578d072554d876f21b42,5,0,Unknown,,false
2293,0xf20ee42443ccb928c361b815c099254f48b8aa0a,5,0,Unknown,,false
2294,0xf1f09b6bae604252dec3a4910ca589aea9359552,5,0,Unknown,,false
2295,0xf1ea9d68f4915a621f02495907fc219fa369b1e2,5,0,Unknown,,false
2296,0xf1d2c17324e59bb6bf96771cf8961d8e025ac7a3,5,0,Unknown,,false
2297,0xf1d1cc8a2734b050874c9b993f0fb7803459ebe7,5,0,Unknown,,false
2298,0xf1cbd33dd5a0ed04a48d54826d6062b978f627be,5,0,Unknown,,false
2299,0xf1c470bd129dd6323d3cbfc982eb3a3fa5f49951,5,0,Unknown,,false
2300,0xf1c13a1eab308185f46eb3df21d973a03f36fdb4,5,0,Unknown,,false
2301,0xf1b0a2b5db4becfc90ac6dd5af4d83a9cb9c395c,5,0,Unknown,,false
2302,0xf1a21459ac6a8abbd1fcf7ce9f63f9396b3d14fb,5,0,Unknown,,false
2303,0xf19cc225e218d33c7d7af27b888e7e02246d1aab,5,0,Unknown,,false
2304,0xf188ac3700ffe860f26c9ae408dca86342afc408,5,0,Unknown,,false
2305,0xf184677f3951d4e4a4b13fd671711a2e04735a89,5,0,Unknown,,false
2306,0xf17da89b831227c21e65122a61a258919b43cd9c,5,0,Unknown,,false
2307,0xf164ea92fd2690142c681fddf9e1f14c75b7ab93,5,0,Unknown,,false
2308,0xf150b98af1eb5aa7d3bb6e15489e5da73bf29b2f,5,0,Unknown,,false
2309,0xf135eefb188dcaf1d2d70abad16b265b6f0730f5,5,0,Unknown,,false
2310,0xf10bd8de107746691a785457db94c3669ec58424,5,0,Unknown,,false
2311,0xf0f593ed1863d2ebe7a8a9f6880fced33ce9ba39,5,0,Unknown,,false
2312,0xf0e9edcb531461bfab76127238b952277d6093c0,5,0,Unknown,,false
2313,0xf0dfa7533242f441d481f818ee32c708ccf76351,5,0,Unknown,,false
2314,0xf0d8ec60034ce8419dca0ac05ab54c0889f0c35e,5,0,Unknown,,false
2315,0xf0d856b96ad98acdaf708a86efc5105eb12127f1,5,0,Unknown,,false
2316,0xf0d2b9b0618fc777c809660166db94a2e900066c,5,0,Unknown,,false
2317,0xf0cf51577c4933df1294999d373bd59b7a500753,5,0,Unknown,,false
2318,0xf0c67f77734e8a6c29071ba618f30853cf27af0d,5,0,Unknown,,false
2319,0xf0c632e5a06b41d0929db5897a97644eb2c2f8cf,5,0,Unknown,,false
2320,0xf0b5b78263835c8081ee39d2877d52b4a48c8ff4,5,0,Unknown,,false
2321,0xf0a839e2baee67d2fe6c821de3285b9560138210,5,0,Unknown,,false
2322,0xf090baf87442dce33fdf4f34564e10af656ac358,5,0,Unknown,,false
2323,0xf080319999eab68d7b4045612a1d987aefc9de64,5,0,Unknown,,false
2324,0xf07dd66d7afe550cd413a8e660917ce76334418c,5,0,Unknown,,false
2325,0xf07ceea55ef4db094ecd935f756102d42752967a,5,0,Unknown,,false
2326,0xf071e84996313ea28b0598fad50787061aaa6e60,5,0,Unknown,,false
2327,0xf06c5ae4a037bec1e6f4838a49a2df623a91839b,5,0,Unknown,,false
2328,0xf064b7249a43c752bceb0f1ae8690e3651e634a2,5,0,Unknown,,false
2329,0xf062e91353c2f1812a314c5636984838dd71af3c,5,0,Unknown,,false
2330,0xf05f8c684f34a3c4e04adac23551a1a4de0b585c,5,0,Unknown,,false
2331,0xf05eeeefdaf4dd3ce34215b11d1b5481379751b4,5,0,Unknown,,false
2332,0xf04c487f3f27581654c900f8b0236d65b4b024a6,5,0,Unknown,,false
2333,0xf0472fbcc903054ce2f7959685ba7a2bec8536ff,5,0,Unknown,,false
2334,0xf044a03bd406d4e211bd46e27acbefb05ab2054a,5,0,Unknown,,false
2335,0xf0234cc3c8a5a03d73f7ea243f5bd098e830d3d3,5,0,Unknown,,false
2336,0xf0221bfb16461fea5bcdee8d1f61135741238249,5,0,Unknown,,false
2337,0xf00c8b616a493a0f7b34aba7a8b15b8892a07085,5,0,Unknown,,false
2338,0xf00b4cb69e6b8255928ca545bcfadfb70155f4bc,5,0,Unknown,,false
2339,0xf002a1ad91149dba1c28bd35d8c369af0d2a866c,5,0,Unknown,,false
2340,0xeffd53b53066a4b64ac29c1a1b7f52929f99035b,5,0,Unknown,,false
2341,0xefef05b01c13a8a2fc25e36c2dca722b6c5e9847,5,0,Unknown,,false
2342,0xefe96e4de293348050356b7573b91a70ebd65fb8,5,0,Unknown,,false
2343,0xefe253f6f07ab703de05a328ab0f32f11ea6b337,5,0,Unknown,,false
2344,0xefde4720fd50c91125de011b1d077c1829436de8,5,0,Unknown,,false
2345,0xefd0e5dce0830268e75f4afdeaf904578138925e,5,0,Unknown,,false
2346,0xefbfe603aae0ce604728bcf08420ba789f39c1a9,5,0,Unknown,,false
2347,0xefb9c9a19cd154e20920990a43a9d00fa2563f1c,5,0,Unknown,,false
2348,0xefb556c0f5ee6933a0c84f5ba3ac140e722843a9,5,0,Unknown,,false
2349,0xef9d788cbe3507aa772548c35cfb92f7758ffa39,5,0,Unknown,,false
2350,0xef9ad77791e9145cc01107924c342e7280a9bd56,5,0,Unknown,,false
2351,0xef9a47eb71aa2b57597393367179feda4164a19b,5,0,Unknown,,false
2352,0xef9748d4647d43e1ce96091e0b207ed347a45cf4,5,0,Unknown,,false
2353,0xef957b32678f60f0b1630cdb2196ed2d3524b41a,5,0,Unknown,,false
2354,0xef8dd0ffd1b2695f29eda84cdd76fe6f4ec8df56,5,0,Unknown,,false
2355,0xef872269b69327d0cbcb8f4899b4d1ef843d74d9,5,0,Unknown,,false
2356,0xef850e2ee577f77eefde5c5b25b7097f318ef99a,5,0,Unknown,,false
2357,0xef818d225c9b3ef4b93bbba162843b9045c25c6d,5,0,Unknown,,false
2358,0xef77e5c13c2059f595902db9517813f1f947c836,5,0,Unknown,,false
2359,0xef77236b203980d143c13ef45029babd8caf3efd,5,0,Unknown,,false
2360,0xef71a182666453afd14d8903b472d11045134b5f,5,0,Unknown,,false
2361,0xef6f547fd1ca31376deab4f42087fbfdae21451b,5,0,Unknown,,false
2362,0xef6ae9e033caafb971044d65d1b295634b62dbcb,5,0,Unknown,,false
2363,0xef6ac7768ea4b4934766fe66da56c4de77c694b0,5,0,Unknown,,false
2364,0xef69faaab61fbfb13462f394a4e2b448cc6a4f62,5,0,Unknown,,false
2365,0xef6727cf4e767ceff0762f0d925ccafb4e58880a,5,0,Unknown,,false
2366,0xef3b0d99bf25105bb89d15153c0570d12eb3699a,5,0,Unknown,,false
2367,0xef2f99ac699dd1f51844778e8415f5730bc0b3d0,5,0,Unknown,,false
2368,0xef2c33807087edda043dbd25898bff0aed3d8208,5,0,Unknown,,false
2369,0xef266557b44f2bc6deee17eda58d04d2483149c1,5,0,Unknown,,false
2370,0xef1cbb00acf413dd92c52f3c7cd736f3748b97da,5,0,Unknown,,false
2371,0xef15c664d939e878bbd1c8c26f1a59d5247380a8,5,0,Unknown,,false
2372,0xef142b01f07987097a2e9e7bdc058d40c85a766c,5,0,Unknown,,false
2373,0xef1075ce7fae6288be67dc2a2ed9eaf31cce2b7e,5,0,Unknown,,false
2374,0xef071c22503eea80f1642a7b8f7c480970ff2fc7,5,0,Unknown,,false
2375,0xeefca49c00b75a25ec2ae35758ad5f96c34b5137,5,0,Unknown,,false
2376,0xeee45c2715acf8e47024abf836de9844fceafbab,5,0,Unknown,,false
2377,0xeee1f6ddcad6507cd670911a28cfc5a7d41f364e,5,0,Unknown,,false
2378,0xeed5f94504fbfb9efae843297288c1f86fdb6520,5,0,Unknown,,false
2379,0xeeccee15b581e9278f3a0bf417ad182ea6e8fe61,5,0,Unknown,,false
2380,0xeec95cf956eb1e799a0ac7d0460fa8b2410ca1df,5,0,Unknown,,false
2381,0xeec194dffdde6b577110183b7eceae2f5b410e46,5,0,Unknown,,false
2382,0xeeaa194775e377065cda015670ae51396ebaf093,5,0,Unknown,,false
2383,0xeea655a6e116b02f5d390901725ce5da5700c88c,5,0,Unknown,,false
2384,0xee9bc3ef8735769f37dbdd7584689ab00d41b4ab,5,0,Unknown,,false
2385,0xee93ca14ede33ea299c46126f0c125cd63ec65e3,5,0,Unknown,,false
2386,0xee71d13562fcb374878dc32421a5faada53aa87a,5,0,Unknown,,false
2387,0xee6d9df084915f778ec5d068a564aae2fb9d6a7e,5,0,Unknown,,false
2388,0xee6d4e89daf054ce2e73a1c96dc7df7d6c35e52c,5,0,Unknown,,false
2389,0xee62faf763221baf3f4b1e45e1b7c36f72bee424,5,0,Unknown,,false
2390,0xee5f036a9e05c2f2b71c497d1b0afa2866f1cf5d,5,0,Unknown,,false
2391,0xee5d7a49d3efdbdc60fabed93354d57d6b793499,5,0,Unknown,,false
2392,0xee3dd9f27d38a49803c150fff146bf7855b4134d,5,0,Unknown,,false
2393,0xee3a8ee2fef10b1e8554d02035fe03976aedf6f0,5,0,Unknown,,false
2394,0xee388f5a56728f32b687bc0aff640d320d068c97,5,0,Unknown,,false
2395,0xee388d8c76c98eefd3f5fec399f43b5e25902d87,5,0,Unknown,,false
2396,0xee1f3b7a451f302763eb07172427534651533433,5,0,Unknown,,false
2397,0xee19409f1abbb04ed8e4f5dc3ed3fb90ad22897d,5,0,Unknown,,false
2398,0xee0d3ff62d0aa3b8900e39dd8a6a5842e5e2aeaa,5,0,Unknown,,false
2399,0xee0931912f4d84b638d289b1f2195ba9a1bd8a3b,5,0,Unknown,,false
2400,0xede3f9d044811d6d33a139d979a896de8d693ce1,5,0,Unknown,,false
2401,0xede1bc77396d3e7db4c378ef88f9de8babbce0f3,5,0,Unknown,,false
2402,0xedd289859322135d1f3394bca11499fcd1af15bc,5,0,Unknown,,false
2403,0xedd08992ad2810f4cf3f548ba16783e35aae72cc,5,0,Unknown,,false
2404,0xedc4692f137cd7d8dbeb51026bb44855fe45f6bc,5,0,Unknown,,false
2405,0xedbf90e082ccf6408d06ee0dc259416e4abac0e7,5,0,Unknown,,false
2406,0xedbbe8dcd872e99520f7a454914b0a807e6e5193,5,0,Unknown,,false
2407,0xedb3f4814b3710e3509e675943452b1f22b6c929,5,0,Unknown,,false
2408,0xeda970124d6c299b6407f497cbffc38235b6f5bb,5,0,Unknown,,false
2409,0xeda0fa3f717128de2df9e0a58fec08c4b5e0528a,5,0,Unknown,,false
2410,0xed9f12bee4736e076d6da702b45efcb3582b5247,5,0,Unknown,,false
2411,0xed97b2bcaa5779132de3e689bbd883250756dcd4,5,0,Unknown,,false
2412,0xed91973e5598825807df4306cdace17a9a0a9604,5,0,Unknown,,false
2413,0xed88b66d3ff2502df67c93472072897fbac1fcdc,5,0,Unknown,,false
2414,0xed79fac9e1242be624bc340692424a0c40df8fd9,5,0,Unknown,,false
2415,0xed658790e410f1e4842f1ec58c6db53df20b065f,5,0,Unknown,,false
2416,0xed5aa3e6179a9381afeb6034f1fc6ab16a9347d3,5,0,Unknown,,false
2417,0xed5459abc3656588e32cbae2b8673c96df06cab4,5,0,Unknown,,false
2418,0xed532cd403d7a5e996f221612f27d54b67acb530,5,0,Unknown,,false
2419,0xed5171a0430c80ade35d9ce9da26f2a86039fcad,5,0,Unknown,,false
2420,0xed4bfec44323ff1a6720aa518c45d1bd38b3ae89,5,0,Unknown,,false
2421,0xed44daa474defd97485bebfbdc67e2dd7650fd70,5,0,Unknown,,false
2422,0xed382c50560b5620b1f3574adbb8263bd9986f86,5,0,Unknown,,false
2423,0xed2fe51b61f884076295d6f1da10cf843e63658f,5,0,Unknown,,false
2424,0xed216a5053bb346f1768cbe84b2df261b3ffa861,5,0,Unknown,,false
2425,0xed16cb7a17565241cdcb4af67a783eaa28bd1d9b,5,0,Unknown,,false
2426,0xed16383c658afaa04d0f6510f182837a6683e319,5,0,Unknown,,false
2427,0xecf9082961b914fff62175a53357133d0072a8a5,5,0,Unknown,,false
2428,0xeceb8140e9d8a9dee25faa183380e2d3ad0a8f50,5,0,Unknown,,false
2429,0xecdeac60fd33cef0c6b204e9d6642fcc024dd9f0,5,0,Unknown,,false
2430,0xecde243fb28d621d1b05162bc1dbb321fd54f927,5,0,Unknown,,false
2431,0xeccabc48970630c94ccafde91a3b6be511e4ff3f,5,0,Unknown,,false
2432,0xecc0e10797a02b7cd7a27dfdcca20ad12d97c9a8,5,0,Unknown,,false
2433,0xecb94f05a92556c8c20e1189c0e299a3ce4e7995,5,0,Unknown,,false
2434,0xecb0d37ace93bf4ef68d341463d26a369a3db4be,5,0,Unknown,,false
2435,0xeca5cba7ebbbbc908af4a328420fa0bf64f86fcf,5,0,Unknown,,false
2436,0xeca30262c615d6198d64051ce97cf7b9af1faa3d,5,0,Unknown,,false
2437,0xec9cae6e23153aed2bec52304cc81e2a58d030b4,5,0,Unknown,,false
2438,0xec96cd4d4430115924ce8469f840c5e07384abfb,5,0,Unknown,,false
2439,0xec8c67c75c60007f446e00ba0d4f74249fe1471d,5,0,Unknown,,false
2440,0xec8a71bb413381491827bdbd9a05d9743a0e6619,5,0,Unknown,,false
2441,0xec7877eca3ac20cfc343a111350e84309d0ebc1a,5,0,Unknown,,false
2442,0xec757a44ff4b9bf265b5304db9a947e4be70d796,5,0,Unknown,,false
2443,0xec751140d7bb41004166ffade3e39c42a12e1359,5,0,Unknown,,false
2444,0xec73708a7a74d9bb42d8aab9fb1f2303a38e3eae,5,0,Unknown,,false
2445,0xec6977849e0ba585e80291cf094174fddab03fb7,5,0,Unknown,,false
2446,0xec625e9542473902e67eb938a4e260848362544d,5,0,Unknown,,false
2447,0xec5f90edd4d8069587892cc407f313001627a094,5,0,Unknown,,false
2448,0xec4fc5eea0a7a632b8aa4e5d8919eec39d81f094,5,0,Unknown,,false
2449,0xec4a3017ee0287f4308b76f9c0c9f0db3a625a61,5,0,Unknown,,false
2450,0xec4a1c369b53023c983b19c7e2935316014ce73c,5,0,Unknown,,false
2451,0xec471739bfad3034d2213ff59b90a45402246458,5,0,Unknown,,false
2452,0xec460dfc0a176500577a7c82b77c0f217a5dccf2,5,0,Unknown,,false
2453,0xec390a3a0620560407dc7f4df07882b6d0cbe184,5,0,Unknown,,false
2454,0xec3773ffaa050883e9d7184082555eb9b65b78dc,5,0,Unknown,,false
2455,0xec34b77f506dbe10390b7a6e06618d20ee6554c1,5,0,Unknown,,false
2456,0xec334cd2da9ec981fa6020d759d8fbaa5458c175,5,0,Unknown,,false
2457,0xec14191a361842118ebee7a56428b2e9bf44b464,5,0,Unknown,,false
2458,0xec0881b6bedf9deafcd2b425bb3e787cbc447ffc,5,0,Unknown,,false
2459,0xec04e849e8e70c73d9ab3e846c3a6ee7a6003afc,5,0,Unknown,,false
2460,0xebf90c273b0faea2482ca4f1a96902e91065f22c,5,0,Unknown,,false
2461,0xebe265331e8ae55f55e3eb9c3f00329b54159c9d,5,0,Unknown,,false
2462,0xebdfb6e29ce0169316d136cdcd7d1483ddcec500,5,0,Unknown,,false
2463,0xebdad799933f81bbfb2a85deba72fd9c8844e628,5,0,Unknown,,false
2464,0xebd336f5f36595f61e22e6294adf4e5c8d8d4b08,5,0,Unknown,,false
2465,0xebbe3d976679a15fdeee94f36b19b9813d271d08,5,0,Unknown,,false
2466,0xeb945e8fe6d0c9fd02e3c3b4496c641d4551c64f,5,0,Unknown,,false
2467,0xeb7fd610ffef09bed465999383b2fd037f7df6bd,5,0,Unknown,,false
2468,0xeb7bf2ea90fe5beadbec091c373ed1986ef9893c,5,0,Unknown,,false
2469,0xeb772bec469d8a0d44fa541c7e2723a04bc0e942,5,0,Unknown,,false
2470,0xeb598e88ce14a3954a724feb016f1b33efa4c5e4,5,0,Unknown,,false
2471,0xeb487dec4339732243aa4a75229268c1d508e4c8,5,0,Unknown,,false
2472,0xeb44919eb8b087ec273f53d0e9d5cfbc8989c348,5,0,Unknown,,false
2473,0xeb3bd4fa423c319a8317f486ed75f30443fddc73,5,0,Unknown,,false
2474,0xeb2d65d1d918f1f6416a9f13de8bf34d90cfc6d6,5,0,Unknown,,false
2475,0xeb24f034e6520d14f70030d11316963a8f4af958,5,0,Unknown,,false
2476,0xeb209ef71570c655d3d465b2a3974dcecae15bad,5,0,Unknown,,false
2477,0xeb1f75c00ec64c43c6ee65658a53c37e929f5b2f,5,0,Unknown,,false
2478,0xeb161b80419464471dfe36d59212bc50482cbe0f,5,0,Unknown,,false
2479,0xeb140795648c4eaafbd0fb4c44ae08ab49113df8,5,0,Unknown,,false
2480,0xeb0eddc79f656962bb0210baf5d7163811ccb85e,5,0,Unknown,,false
2481,0xeb0bfd0cc5f17af334c5d77da07b1de62c7813f8,5,0,Unknown,,false
2482,0xeb03a34634cb3ed2b7e07486cec0b2dc499ad3ab,5,0,Unknown,,false
2483,0xeb02700d361d35bf40ad515298c9fdf1f620c494,5,0,Unknown,,false
2484,0xeaf8f8d1faa88f5937b5eea7976f56c3952c0d84,5,0,Unknown,,false
2485,0xeaf1cc55b6830db74f46f9475ea80542db3756e8,5,0,Unknown,,false
2486,0xeaefd7ea27bc04d1112ad9215039f87fa968636e,5,0,Unknown,,false
2487,0xeae469350d189a28ea7eef0372fc9ec886b87446,5,0,Unknown,,false
2488,0xeae272eb40110ede5bb589fb3a33a5b933744d5b,5,0,Unknown,,false
2489,0xead66a0f8fe3ded761f2562aa274b14a00c0abc7,5,0,Unknown,,false
2490,0xead450bb2373a1665ec9be16f423282416109f0f,5,0,Unknown,,false
2491,0xeaca8eacac3a75b137fd7add9f48310fc8746da7,5,0,Unknown,,false
2492,0xeac7c3218452af36531eda37440ad978c388f16c,5,0,Unknown,,false
2493,0xeabefc5078866ff5c4cf9f207e4a75b03234b36d,5,0,Unknown,,false
2494,0xeab7cce36644608a651110a27893fccd603883d1,5,0,Unknown,,false
2495,0xea9eef9c37a6ec05fbfdb676cb54c275b0ab911c,5,0,Unknown,,false
2496,0xea8964f74b2b94471c1d39cd57876e52c16de7a9,5,0,Unknown,,false
2497,0xea86578c98d7f9f8c0f6915e5012e66795e3f213,5,0,Unknown,,false
2498,0xea71125436296c230498b60081cf7c105ae08bfb,5,0,Unknown,,false
2499,0xea6ccaad84614dc5bddbb6a5947cd384c0b878b8,5,0,Unknown,,false
2500,0xea66e57eb98b1ee92a51a572c0d5f40681b470f8,5,0,Unknown,,false
2501,0xea631ede5150e9aa8c4c75c4b56bb79fecf7f845,5,0,Unknown,,false
2502,0xea53813470162d319524ab43783fd82a4e3fee7e,5,0,Unknown,,false
2503,0xea5364f2f1f6f9d84666ad54693a122255b9349c,5,0,Unknown,,false
2504,0xea4d305fb7c16a452ab33926d5c86440ed69d9e2,5,0,Unknown,,false
2505,0xea361dd23a5e9bea8e6c16e48e2bae4d002866b0,5,0,Unknown,,false
2506,0xea2cbc39b3d404451bea90806793a6b88c57ed23,5,0,Unknown,,false
2507,0xea2382d11bf49317e121917696d977641f1afe33,5,0,Unknown,,false
2508,0xea1d5b9f39fda8503dc34606a567e4b62774798f,5,0,Unknown,,false
2509,0xea1a16c4d9db6ac5676d298bf968b377b7671fda,5,0,Unknown,,false
2510,0xea0d7196de18a26dd041021b041e90d35c27c7c0,5,0,Unknown,,false
2511,0xea093b7a191adfc3b9e30b2e051de91e72c05d61,5,0,Unknown,,false
2512,0xea00e841e7738158bdd98e0131a486096c421060,5,0,Unknown,,false
2513,0xe9fae1c5441fc7b5207690f7d12ff626573ea2ea,5,0,Unknown,,false
2514,0xe9f063bdad86554e8d0d844e19d42d4f0164058d,5,0,Unknown,,false
2515,0xe9ea497ea3bc5b0490fac2938f8799e54bf55b10,5,0,Unknown,,false
2516,0xe9d797a05c616e1da28b3411b17d27b4b190918f,5,0,Unknown,,false
2517,0xe9d132ba18cd2a1a1386530338dc88a79338d67f,5,0,Unknown,,false
2518,0xe9c9b23e8ef342ab229427b4a179b0d9eac1adc1,5,0,Unknown,,false
2519,0xe9c1260e9563fe17ec904232aeacc084d6d251fc,5,0,Unknown,,false
2520,0xe9bd28dc95b865dc0149b1ad39a2f08e458d1496,5,0,Unknown,,false
2521,0xe9b94540b5a6b86d62bc0e3da2ea4499181dcbf7,5,0,Unknown,,false
2522,0xe9a9ce2960cb7c62530a1bf18dc43fab009ab0c1,5,0,Unknown,,false
2523,0xe99927d14685e10a2a70cfd3fb52f2c5e936a94c,5,0,Unknown,,false
2524,0xe9932955ed7a8280df155a070e0fb4fe5814aa73,5,0,Unknown,,false
2525,0xe98597b5478b8ca108b4debafa8028e4cad509e1,5,0,Unknown,,false
2526,0xe97f281373c6b14aa96e1ac49d2383cf2a87ede8,5,0,Unknown,,false
2527,0xe9595d8690596e7dde1322b3e7372ace050c62dd,5,0,Unknown,,false
2528,0xe94ef7b953c0c57217c59ba34b18025b312905f8,5,0,Unknown,,false
2529,0xe949e15eaa92d9af36240c326e837c380476549b,5,0,Unknown,,false
2530,0xe930d443f15e4a99a1a2f7f09359844ea7e955da,5,0,Unknown,,false
2531,0xe91df9ba284962108d7d31649d36bd53642a6263,5,0,Unknown,,false
2532,0xe9180216c195530f424fd07a83021274f7438c0b,5,0,Unknown,,false
2533,0xe90da43701c4f356ede57454830555f87d45cf0a,5,0,Unknown,,false
2534,0xe90bc4685c1e89f496203f2ba958f3de63213525,5,0,Unknown,,false
2535,0xe909a82867d675a942d0ad47cd298423e690c3ba,5,0,Unknown,,false
2536,0xe90038448df049d5abc6e4124d6602775bd5db7c,5,0,Unknown,,false
2537,0xe8e1711ac57fad18e18da87713662935e0e7ea5a,5,0,Unknown,,false
2538,0xe8d881c9865d62ec25510d7899185c350db91939,5,0,Unknown,,false
2539,0xe8d4de9ef7f6297b9ffba6a1463e380753448f9b,5,0,Unknown,,false
2540,0xe8bd9d34298ed651f8c32d1ebc90ad9470ee38fa,5,0,Unknown,,false
2541,0xe8b591d3d0e3d886fd4cd7c88762cfec2421780a,5,0,Unknown,,false
2542,0xe8aed25d93f23f08d8370d621dcb3a191facbbc9,5,0,Unknown,,false
2543,0xe8aa1aacce0c6bf6c32dc25a6a58b2f51d1130f2,5,0,Unknown,,false
2544,0xe8a6b95481fffe7f4b9137f06bc1db471e708b6b,5,0,Unknown,,false
2545,0xe8a3075eda2b3a72fefefd9e2c5681e44c8dd136,5,0,Unknown,,false
2546,0xe888990e933f778a5b1bf929a234c69c08864999,5,0,Unknown,,false
2547,0xe87fa6bf38fded35ae60d9e71d3ec961982127f2,5,0,Unknown,,false
2548,0xe879b8f71fe62c17ec4dec659c051df3d98ce1a0,5,0,Unknown,,false
2549,0xe86aaa5ffa6db43b984fcac7c508625cd407bdc0,5,0,Unknown,,false
2550,0xe85d7b7324e0f7d47d474d9a8e94d657d6e83b8e,5,0,Unknown,,false
2551,0xe85a5713deb4c8dc6c3d54bf011b68b2bd6b894b,5,0,Unknown,,false
2552,0xe85824441f6c817520116cc029e857581028b4fc,5,0,Unknown,,false
2553,0xe84360f143d9951796547c0d25929c7dfea4fd26,5,0,Unknown,,false
2554,0xe84069094799b83a0bec16d7257f1cf3d234f823,5,0,Unknown,,false
2555,0xe8328e252c858cf922106594ea6fe2c6061695ac,5,0,Unknown,,false
2556,0xe8300bc132baa8a7a7023a3ab1d53714ce13013e,5,0,Unknown,,false
2557,0xe82922edb4a1735a5dc38292856034e79ab30aed,5,0,Unknown,,false
2558,0xe822322320f0faa869f534547542949f099a466e,5,0,Unknown,,false
2559,0xe8185891e3397ba21f9555b1c33b3e4018676ab4,5,0,Unknown,,false
2560,0xe818171abb6c4856b61afcf94208b9a1d2cc800b,5,0,Unknown,,false
2561,0xe8136496bdaf4beb9efe03e2b7ad936346654b04,5,0,Unknown,,false
2562,0xe80f383eef84a0aabe825b6107ccae51c85b5e68,5,0,Unknown,,false
2563,0xe807335fafc76b9c4e9bacc62985772e62db8fe7,5,0,Unknown,,false
2564,0xe7f97d3b3403385bc417ad0d26415243fdcf6039,5,0,Unknown,,false
2565,0xe7e09e2bb1287bf90302882d535df91694a0e102,5,0,Unknown,,false
2566,0xe7d4d47ce683972422c4c45925a1509b417c4774,5,0,Unknown,,false
2567,0xe7d4406f97502fe4ec5b8e52d1781c2707fdd180,5,0,Unknown,,false
2568,0xe7c557b74a28eecba7aaae5fe38d4593a1d0a5fa,5,0,Unknown,,false
2569,0xe7c15d75e8aca35e8fea94c50c16b03127a7aae7,5,0,Unknown,,false
2570,0xe7bf490972ec02851b0c49df0d0e7a82db9397c6,5,0,Unknown,,false
2571,0xe7aef81642dfccbd5baf99e51a736c5e51c87b29,5,0,Unknown,,false
2572,0xe7a5db47bfc6c6c421c8629e4a2c882f7a0edcf9,5,0,Unknown,,false
2573,0xe7a38e767bc48eaca087dced41db35aa6f9497e4,5,0,Unknown,,false
2574,0xe79c6f6803c0b6e2cc7551ddf83ad20a01982254,5,0,Unknown,,false
2575,0xe795c077f7a32e5c533e697ebadf9d6b6c84fdb9,5,0,Unknown,,false
2576,0xe789754f756d2694a4ca5fbd7213ce73d9a5c1f5,5,0,Unknown,,false
2577,0xe78246af792dc52411ed6bfe076bab8edf6f3cc6,5,0,Unknown,,false
2578,0xe77ce4402c358155bfa4d2a8b4d5b2386d53bf20,5,0,Unknown,,false
2579,0xe774365075843a46e2b524843c4395b20cc43a9e,5,0,Unknown,,false
2580,0xe7714e040fea05468e11771d06cc1b3aad66e11e,5,0,Unknown,,false
2581,0xe76c4cfc2a8b37245e9b019ad5c82abeac66ce3f,5,0,Unknown,,false
2582,0xe7683ad2820131fe8cf726c3501bd553ccd18107,5,0,Unknown,,false
2583,0xe761bb2a407db28ec6cbfc9cedc1ac3f189820d8,5,0,Unknown,,false
2584,0xe7548db7cf4ba35b1e1e95adc006b4e154735109,5,0,Unknown,,false
2585,0xe74787e7f21996e1c534c2285cd3f3521775376e,5,0,Unknown,,false
2586,0xe745315608065c1b50c4c2d7b20de1062e054cba,5,0,Unknown,,false
2587,0xe739e4744c9e3d249a55d21a8969cfd14e4cfff4,5,0,Unknown,,false
2588,0xe73095ff139ff9688dac992145c80a730bde31ef,5,0,Unknown,,false
2589,0xe711850187439679ce9b15f9ac4def13117c05e9,5,0,Unknown,,false
2590,0xe706c1bcf6d708bfb028ef0264c926666f301e5a,5,0,Unknown,,false
2591,0xe7035d49b2b132b8c12cbfb41aefe53d73b88a57,5,0,Unknown,,false
2592,0xe6f21667c1358cda264aae778a49e41bd5353937,5,0,Unknown,,false
2593,0xe6eb42884d7bcbc1d4667df2d96cfaa1c9aed6ba,5,0,Unknown,,false
2594,0xe6e31482f518752c0181cf877d77a340d82c1d4d,5,0,Unknown,,false
2595,0xe6e1b0ecbe7e23f15991942d97c0dc57a82f8db4,5,0,Unknown,,false
2596,0xe6dee56d9d75a02a1ff6e34bf2dc9d6197509081,5,0,Unknown,,false
2597,0xe6dd26d4d0b6a8172422e0c0045b997fa80b28f9,5,0,Unknown,,false
2598,0xe6d683b93daf8f1bc41357d702f342d345a4ad53,5,0,Unknown,,false
2599,0xe6d4b75a4a8aff0d21a74e173b9f151a80f6368c,5,0,Unknown,,false
2600,0xe6c400d6e89272523d2afe3c603d87d58a41567b,5,0,Unknown,,false
2601,0xe6bceb54d1a3f5baddef5b069d347d73558b9bef,5,0,Unknown,,false
2602,0xe6b53aff4fa220477909a7e36872908c65a38335,5,0,Unknown,,false
2603,0xe6b50e59c7bc8901047aeb02213df74f334add1d,5,0,Unknown,,false
2604,0xe6b3f61a74d1fb953a06889727b1f4776ad142fd,5,0,Unknown,,false
2605,0xe6b283ba158a4e9103a47eaf14d0d90e8f7fda15,5,0,Unknown,,false
2606,0xe6b148cd4e12b7af6bef8efc9bc43b8e6842459d,5,0,Unknown,,false
2607,0xe6b133f2e2099896b78e2faaaeb001ff74b6626c,5,0,Unknown,,false
2608,0xe6a44368a93e763b42c4bcf3609afd78c91f41c7,5,0,Unknown,,false
2609,0xe69f6d7907767def22a8e3fde08c9ddd84926381,5,0,Unknown,,false
2610,0xe69adbd886c57a527454d425f8efa40579a6ce6e,5,0,Unknown,,false
2611,0xe699a95ca42d409f3b5d2e06dda4e16c628857be,5,0,Unknown,,false
2612,0xe6940efee5d2982d482e1ae72d6fb78cb5505422,5,0,Unknown,,false
2613,0xe688e1c5b586ecd83d4c0c22b4499a373de613a6,5,0,Unknown,,false
2614,0xe67f8dbbf184dd4d52ace2e49e69595be8dd491a,5,0,Unknown,,false
2615,0xe67f4cd809f9e110853395e6df6fbca451d90835,5,0,Unknown,,false
2616,0xe6782dea61acdc6e89f251b41ec058f2f549e7be,5,0,Unknown,,false
2617,0xe673606a2175e065b2c8aa0881c57e4a6541d7a7,5,0,Unknown,,false
2618,0xe66e298fb3849d3106252e244c5428364d7a5ba0,5,0,Unknown,,false
2619,0xe66a6ed7216b23935d16383a43955abc34d50694,5,0,Unknown,,false
2620,0xe6651e9410946a16602413358c39f32ac607aba0,5,0,Unknown,,false
2621,0xe6603d0325ed450589023e665b8d4b80f5981013,5,0,Unknown,,false
2622,0xe651207810bb361094c824499659313a0f76ac18,5,0,Unknown,,false
2623,0xe64faa603c48ed8ecbc1d06e332bfb54da780062,5,0,Unknown,,false
2624,0xe64975b2ef8db3a4e3ef3b9e9dd6f272686cac87,5,0,Unknown,,false
2625,0xe64963646675bcd7ba563125ece90e614aab1bd9,5,0,Unknown,,false
2626,0xe6468fa7de3fc081be34466af061593bfdda1b4f,5,0,Unknown,,false
2627,0xe6381ee45661e93564d392d391dcbef8639acfef,5,0,Unknown,,false
2628,0xe630f1de9b111b1c7cfcbd3443b463b72c9ae7ea,5,0,Unknown,,false
2629,0xe62fc7716e5a80a3f6c28f2a4ab364fd9808d87b,5,0,Unknown,,false
2630,0xe628d0a064e921d1d28ed922f0bc9375c3619b15,5,0,Unknown,,false
2631,0xe6257335b663e7dcd95bea1183b9ab8fa1831cc2,5,0,Unknown,,false
2632,0xe60aaf8c4c7c9c40b58034ae792cbfcd8c926704,5,0,Unknown,,false
2633,0xe6094afb8626b4093fb56d53594fd4b86ae37791,5,0,Unknown,,false
2634,0xe600f33c2a6deaa7785d90146e312a135752b125,5,0,Unknown,,false
2635,0xe5f7fa8dcab98dddf6c8511be3a0a7475b55042c,5,0,Unknown,,false
2636,0xe5f3976ca1cce4708fb7c6354a701ba663b585ca,5,0,Unknown,,false
2637,0xe5e1d6aa6268c0a1ec7bcd18cce001a600ee4ad1,5,0,Unknown,,false
2638,0xe5e02105f9bf68654a5615f1a4af8e9951a42daa,5,0,Unknown,,false
2639,0xe5be6b0403a7b49f8537acd6228d7f992f9b6d04,5,0,Unknown,,false
2640,0xe5b3fa8e57589f04fdec8b003745e3f33eb5a565,5,0,Unknown,,false
2641,0xe5ad73364c8bde5f1bc3e83a07b1f3c570ea97c3,5,0,Unknown,,false
2642,0xe5abb2d22a9223734154f247ae9cbe99f6cacb13,5,0,Unknown,,false
2643,0xe59874a7ffbffee5788ee7053e641fb7bc6b2d74,5,0,Unknown,,false
2644,0xe58cb7d1c3e903a44cce6398be5deacb93c1e74d,5,0,Unknown,,false
2645,0xe573ca270099fce89739ba50bbb33255ca7d87e7,5,0,Unknown,,false
2646,0xe56a9c3ed0903d1bb87e8e5c12d6b9d6c1cf57e8,5,0,Unknown,,false
2647,0xe565f5c5f93342bd152a0e058371ffcbcbda9f8c,5,0,Unknown,,false
2648,0xe5646f1d42e2fc158f0e8ff8ab5b78ad9ea1553e,5,0,Unknown,,false
2649,0xe54812f9a2b12cce903f553971c25677fca451d5,5,0,Unknown,,false
2650,0xe5451bc2489b63549befbae6568899476ebe639e,5,0,Unknown,,false
2651,0xe540844cbe289dad06fb42b17ac3a132fa034a94,5,0,Unknown,,false
2652,0xe539518aac8c218ceb37b8ee820570dbe4645722,5,0,Unknown,,false
2653,0xe53607c9e0e5f682843a584fce3cf211a73217f5,5,0,Unknown,,false
2654,0xe51014594499b91da1e65ca2321c578b34919d70,5,0,Unknown,,false
2655,0xe50aef59a0ebbb6daeda8a082623aea4a8ee2505,5,0,Unknown,,false
2656,0xe509728f4e49a3a80934ee49efc25fc4b7c4589e,5,0,Unknown,,false
2657,0xe503bf439a00e982a4ee29744a0123399d1758dc,5,0,Unknown,,false
2658,0xe5032552480053c8a414123ef7768e816d809b11,5,0,Unknown,,false
2659,0xe4e7ed7a2cb68d88b6ac91957b1c95791323caac,5,0,Unknown,,false
2660,0xe4e6a820fcebd7c9684e07806f6a345f2bf08628,5,0,Unknown,,false
2661,0xe4e214f6bcb671278c15157b46c5a1ae87bd75f1,5,0,Unknown,,false
2662,0xe4d77c77d7313939a200a50ddacfcd87b6ec694a,5,0,Unknown,,false
2663,0xe4c9066cf20c0fdf5300be6c641e612b0b59f0cd,5,0,Unknown,,false
2664,0xe4c1d08d88643df3802a70623a4ddc8925e4b66b,5,0,Unknown,,false
2665,0xe4be73752b3dad6ae2b1648a5d260f0eb55a9682,5,0,Unknown,,false
2666,0xe4b98ebf97c44f1fb18069c1bacfb0cfe1262809,5,0,Unknown,,false
2667,0xe4b95c49c515c7af57cd1c58596a8caa02137515,5,0,Unknown,,false
2668,0xe4b5a678a9eab15cd62b19ec869ba9f9b664a413,5,0,Unknown,,false
2669,0xe4b1def6944c2275b03614f51808317aa9f959d2,5,0,Unknown,,false
2670,0xe4a53ceb00b3417967ccd75f7d94ab894acd5230,5,0,Unknown,,false
2671,0xe4871d1c004a798e1805fbeee9561e1c7ccf2727,5,0,Unknown,,false
2672,0xe479d0b8869b65d26c7e8de0ca651eef55854e45,5,0,Unknown,,false
2673,0xe45452b87c92b93a806f1ea3bf05e363e0b91131,5,0,Unknown,,false
2674,0xe45116ebb364efee9fda5a5bd3f752770f61b214,5,0,Unknown,,false
2675,0xe4457a8088151e5cac7bacc1e6adecec348a08ec,5,0,Unknown,,false
2676,0xe44345dde3ea09e4ebfaf2eb225e3891c7258c9b,5,0,Unknown,,false
2677,0xe44276336476c63e64bf7e4567a1f9d1000e8f9f,5,0,Unknown,,false
2678,0xe4357efbaca2cc0cf526c8070a29b2f072f13d0e,5,0,Unknown,,false
2679,0xe41f7ea156b9ca019ceb9ed37b9c9d0c31048ff4,5,0,Unknown,,false
2680,0xe4125756510fd0bee902a5115b44ed1212581d4a,5,0,Unknown,,false
2681,0xe41189399340526b8e95517cc51af1398aeee456,5,0,Unknown,,false
2682,0xe40d970f3fa11b4471653bd25516079b9c2cc76e,5,0,Unknown,,false
2683,0xe402b9cdea21561889b2fe0e23f7fcffb5604899,5,0,Unknown,,false
2684,0xe3f4a02e28fb6b40844b7f7affb3428888802db9,5,0,Unknown,,false
2685,0xe3f3eb33b55d4db6097ec274b68c932825df4e2f,5,0,Unknown,,false
2686,0xe3d53ff384967d778db0600de5bc7f36fbb2b3c4,5,0,Unknown,,false
2687,0xe3ce6a07930fc558fc0c2eb33cc221bd67464786,5,0,Unknown,,false
2688,0xe3c06b098440483ee782c576f4ac933c4941d5fa,5,0,Unknown,,false
2689,0xe3bf830444cdc678d9f1eb95d5901f0177bb4a5a,5,0,Unknown,,false
2690,0xe3b02ba07881d4af367da6ad6b7d4b4ff4fd674c,5,0,Unknown,,false
2691,0xe3a972e420134c609fc7836469de47001c05c9da,5,0,Unknown,,false
2692,0xe3a8856ece56ec9368730e32920ee99a7bf272a4,5,0,Unknown,,false
2693,0xe3a7818e0fd7fec876ca5550651452ef971cd778,5,0,Unknown,,false
2694,0xe3a737f118cb9f0ab0b69ca9e882049a15c34505,5,0,Unknown,,false
2695,0xe39182fb2f357d19050f2f20a00d0ab5d09b2400,5,0,Unknown,,false
2696,0xe38f883afb14fd2835cc8590a32ce55f5edd7208,5,0,Unknown,,false
2697,0xe38a8ad4efb04fc525de5e334424f09781f4d6c5,5,0,Unknown,,false
2698,0xe35cc400430ac51375227f99ac3ca809bc14ef3d,5,0,Unknown,,false
2699,0xe35af85d2d26504596cab6be59e2c17bf2e91e53,5,0,Unknown,,false
2700,0xe34cc7bc3b1869732ab00d5b7265a8263ac29e3c,5,0,Unknown,,false
2701,0xe348d154392970f3215fe5748af3a19f46b7a60d,5,0,Unknown,,false
2702,0xe348aa0e259f128805226f27840d53ef9342fd72,5,0,Unknown,,false
2703,0xe3338272156a4387f5406c981385e4babc4cc2d1,5,0,Unknown,,false
2704,0xe31a800319fc5917d6b42c74475db3b55cf63ba5,5,0,Unknown,,false
2705,0xe306bf24b15d63f3e23b9c553ff92407cbdd98ca,5,0,Unknown,,false
2706,0xe2ffe405f2391e779bbe92118904923b3bad6537,5,0,Unknown,,false
2707,0xe2f865a85d11ded3d268e90d04af1fa5c86061f1,5,0,Unknown,,false
2708,0xe2d2fb6c2432ba6713fbfb74f23387eab02ae719,5,0,Unknown,,false
2709,0xe2cf479ee377dd1347b899d7b93f49603de71945,5,0,Unknown,,false
2710,0xe2c7ba20b888e1674bc88a4a2915adfce7555cf3,5,0,Unknown,,false
2711,0xe2be0ea0aa81d55997adfe3c02b330f1de4e2dd0,5,0,Unknown,,false
2712,0xe2ab54bce0442f12ccb2776fc3c934bc034a39f8,5,0,Unknown,,false
2713,0xe2a6213923c85e8271e62687c4df6cce9dcc8ec7,5,0,Unknown,,false
2714,0xe29e85c9e0c58f42ddc828c2c7dce6baff37b62b,5,0,Unknown,,false
2715,0xe29964e1532e0b1307532a8340484b0369ad28e0,5,0,Unknown,,false
2716,0xe29951808898ee7a4c2767224c3d7b2437ec23db,5,0,Unknown,,false
2717,0xe28b08fa0232559459e73a55d681e71e8c65210f,5,0,Unknown,,false
2718,0xe2864f1d0e16c58ad53e04bd41ff7d4d93fe308a,5,0,Unknown,,false
2719,0xe28226207d288d5bcb80520b1b409e6ecc23f062,5,0,Unknown,,false
2720,0xe2666e0ea7ef19eabd37e8995788be9171576201,5,0,Unknown,,false
2721,0xe24d4699a698b2a7bf01abe072f82560f357b60f,5,0,Unknown,,false
2722,0xe246b5238890dafa7e062179c5f117a93a71717d,5,0,Unknown,,false
2723,0xe2323b99d47824e68cf24332c7bef05f10340e11,5,0,Unknown,,false
2724,0xe22c4c57014f4dfb421a56634baf7156f6c62494,5,0,Unknown,,false
2725,0xe22a1c9c1d23a042f4536347e893e7fdd9f894d7,5,0,Unknown,,false
2726,0xe215870157e3d3dc603d9c516bec77d8e97dc97c,5,0,Unknown,,false
2727,0xe20b66551eb550d6dd5a8d4cc3283741935ba590,5,0,Unknown,,false
2728,0xe2057025ca3a46920e854b4a1b7fc2e59684cadc,5,0,Unknown,,false
2729,0xe2016910211cda260c8261887efa3b64d1446d9e,5,0,Unknown,,false
2730,0xe1ff5519212ccf5f74f7a0f5e919946c9c75d418,5,0,Unknown,,false
2731,0xe1fbedf1911c8d34636eea615b0858362b69a45f,5,0,Unknown,,false
2732,0xe1ef8b7c6a7258ee54c23fc0d0b1f92d84f17eef,5,0,Unknown,,false
2733,0xe1e3fbacfde4241423b37e096dff9d83bbf3f9eb,5,0,Unknown,,false
2734,0xe1e10a3808c14ec976f8cd20a3ca32e67c96d440,5,0,Unknown,,false
2735,0xe1dd88f4c1c41039112e631c68b5a43c918500e0,5,0,Unknown,,false
2736,0xe1d95a449fac84796442e81c26706b8eb4d10eb6,5,0,Unknown,,false
2737,0xe1d3fda1e280cd99dca1830a425ef73a00c9ae62,5,0,Unknown,,false
2738,0xe1d148d1a7d99fbcc9ec6dfa33b309dfdcf12a2a,5,0,Unknown,,false
2739,0xe1c5c98484463037002196eff67c29f6d83a4260,5,0,Unknown,,false
2740,0xe1c28fc478a97a3c1e5a5ac540408e72fcb3b7b5,5,0,Unknown,,false
2741,0xe1c1ceac67c70777c58696985f24b151d1808c61,5,0,Unknown,,false
2742,0xe1bd8854338a0243cd01d6146150576cba271117,5,0,Unknown,,false
2743,0xe1ba7dd9e79913fac4301011e0a97d58342cf7b4,5,0,Unknown,,false
2744,0xe1b65e904f214ae589964afa45c2a10f1794c40b,5,0,Unknown,,false
2745,0xe1b2dfe88441f4185bda5058f35a1607d52ff925,5,0,Unknown,,false
2746,0xe1a1eb688f256bc698a7073c18539796e5d32eb5,5,0,Unknown,,false
2747,0xe196245c2f8c77ec0ffc416625069d56478e6119,5,0,Unknown,,false
2748,0xe195a83e7bad5361fbb401cdde0e9e221a9f7276,5,0,Unknown,,false
2749,0xe18ba04177985ed3f814c69ade1ee8fa90714bbd,5,0,Unknown,,false
2750,0xe185aadfd1813bfe12ca2c966827f25de231b3a0,5,0,Unknown,,false
2751,0xe17f2ac62b40a006f91662a061e3156299073c79,5,0,Unknown,,false
2752,0xe1732dee3e86b6f40cb0a3f39ada3aeb710beda1,5,0,Unknown,,false
2753,0xe16a18cc86053c968dfadb5407101877f31baa43,5,0,Unknown,,false
2754,0xe15e2c1f92636e5bfad3fcd1fd425cf3beee9619,5,0,Unknown,,false
2755,0xe15b305bcd7ed29a0935858a4d6cb9b71ad78e0c,5,0,Unknown,,false
2756,0xe1590672a4630cb6611ffaef2ee4721763553bb5,5,0,Unknown,,false
2757,0xe14cde0e3ee631fcf403076132d95f97c92aaa1b,5,0,Unknown,,false
2758,0xe149a38b8fe34b8543657b0730eebf0c1a1c0662,5,0,Unknown,,false
2759,0xe1489524e5baf946596c5dc41c38c8a41732c3aa,5,0,Unknown,,false
2760,0xe13adeaae7ee49171149bdfc470571bfa13500e7,5,0,Unknown,,false
2761,0xe130007e21f878d71cba52c5007731b64f9a9517,5,0,Unknown,,false
2762,0xe1213c613060ec794e252d66aabf13e12b92ef18,5,0,Unknown,,false
2763,0xe12017bcc769b04f82678187dd9ca6c93e403928,5,0,Unknown,,false
2764,0xe10f2b02fef39a9429803ab041eac87aa4905342,5,0,Unknown,,false
2765,0xe106235ac62c89d95f8758da1625a11bfbf0fac7,5,0,Unknown,,false
2766,0xe105900f2c0e5602cb3841a782b6a2954f8499eb,5,0,Unknown,,false
2767,0xe0f8289d66fa0baa91f8f732284e7c1f8f16f723,5,0,Unknown,,false
2768,0xe0f4c3a393a055333f4cb65107623d9e2f80138f,5,0,Unknown,,false
2769,0xe0edd047d2e8575ece955c7cb4f47141d3f3ba90,5,0,Unknown,,false
2770,0xe0d73779330f7b53adac7d50b51911e77c0e6ffe,5,0,Unknown,,false
2771,0xe0d4ad02a75c7b65b1616be3cc32de4d7ef9e838,5,0,Unknown,,false
2772,0xe0d3fe22c7c2a219500f1e2a7320a7e7e71db42c,5,0,Unknown,,false
2773,0xe0c8d81ce5e9e37306ef2f277986a5e9dd394936,5,0,Unknown,,false
2774,0xe0b9f203884758436e6e27a9167ace2cd0aeeebe,5,0,Unknown,,false
2775,0xe0b4b456d6b4dcbce042c3e0d5543950ecef9446,5,0,Unknown,,false
2776,0xe0a4cd5af49ce6f48f425b0f3d842b0e797aa499,5,0,Unknown,,false
2777,0xe0a3ed15771c8313d503396bd744ac9067c5599c,5,0,Unknown,,false
2778,0xe0a08298fec633fa65bc31d0309b7b5dd52dbafe,5,0,Unknown,,false
2779,0xe09e2d0f6e21cca7a7aa3c2af7f17f412d720406,5,0,Unknown,,false
2780,0xe09ab9053f80fbaab477b201ea0033ef123c4982,5,0,Unknown,,false
2781,0xe09806b40db007805b6c8e1fb4ac5fdc645c3222,5,0,Unknown,,false
2782,0xe08ffd2e111e738daa0a48a9faf6701ed4fa96d1,5,0,Unknown,,false
2783,0xe08e1e649378ffdd4643af2d8e54685bb437fc08,5,0,Unknown,,false
2784,0xe089df6ee6a8ac5c9010aa3d021173ae4a6b2deb,5,0,Unknown,,false
2785,0xe07d586dd3d3afc19cbb250627d84dfdd58435b1,5,0,Unknown,,false
2786,0xe05c1399a0f363394f1d26515df60e9ab0cd156e,5,0,Unknown,,false
2787,0xe056da1c74a4924ecd7239253936aea695d79c54,5,0,Unknown,,false
2788,0xe056b15ecde70ac955cfabac3e59d81b87cda609,5,0,Unknown,,false
2789,0xe04fd8ffe525f29d87cee6fa91172dd7e5c5fd65,5,0,Unknown,,false
2790,0xe04a3bf359f3b620633f744fad3ec53f27ad4445,5,0,Unknown,,false
2791,0xe049f31f1247f900a655e78b141f2685b954e4a0,5,0,Unknown,,false
2792,0xe03d49682b8930a7673d5898312910ab274fed32,5,0,Unknown,,false
2793,0xe037e73f896165527ee5d54e82a38c7e4a23652e,5,0,Unknown,,false
2794,0xe0311b09ffda9b159bcac696215b1aadba9fde45,5,0,Unknown,,false
2795,0xe02c5b88962e5b82647096aebec6156f1eaf25c8,5,0,Unknown,,false
2796,0xe02758ba27f0c33a15c5d42fecf2c99b33bd1996,5,0,Unknown,,false
2797,0xe020bf74f3557e89a4291ed9c914aea650b56255,5,0,Unknown,,false
2798,0xe0192b64e69aa2c4b8fc33e51a2915faa8e162ab,5,0,Unknown,,false
2799,0xdff891bfc5c0e9d7cbf30583467022a7a7185855,5,0,Unknown,,false
2800,0xdfe8b18e8fffe052ed685ec402b9e00bd7c90bea,5,0,Unknown,,false
2801,0xdfe4a96c1d15f706f42533f98fc171865f05e4e9,5,0,Unknown,,false
2802,0xdfcd315b39f4637d687cd262f40d260622ba9271,5,0,Unknown,,false
2803,0xdfc8751936c12857dcebc214123ef59efeee1e1c,5,0,Unknown,,false
2804,0xdfc6017f3d432809ca8bc853aee0c01effeff17d,5,0,Unknown,,false
2805,0xdfbb7ae16f73bfa77449c7281ba62614f465add0,5,0,Unknown,,false
2806,0xdfb22812af64f05ca09425032aebf807efa03caf,5,0,Unknown,,false
2807,0xdfaff71a2baefbdc0f50cd4b382f9c70cba63cb2,5,0,Unknown,,false
2808,0xdf9df3a7b58abbf51b12af215a6e9a2d5512899a,5,0,Unknown,,false
2809,0xdf964576f992eb989b7f0369075ad627f873b99e,5,0,Unknown,,false
2810,0xdf920bf91be1137360de9eadbdf5d3c2c561c9c2,5,0,Unknown,,false
2811,0xdf8f54bef610b79ad4cd2ed5296eec0ac273e897,5,0,Unknown,,false
2812,0xdf8059d82c67b705eb09ad041d5b031300e4d1f1,5,0,Unknown,,false
2813,0xdf7c021b8c5371d8d923a7cac682b671e0fd36a5,5,0,Unknown,,false
2814,0xdf7a3d5cbbab688389bf764690a68fb0f922c482,5,0,Unknown,,false
2815,0xdf79b8564896aed6bd7517287b742986976ee63d,5,0,Unknown,,false
2816,0xdf6990aed3e4594c0b564bc6b0090e9a22ec8f12,5,0,Unknown,,false
2817,0xdf5a6c2a718b58adf1d04244ea3a3429d73feeb9,5,0,Unknown,,false
2818,0xdf5103f248b5e20d978ce58e1cc10ff55f190ddb,5,0,Unknown,,false
2819,0xdf4f6564229fdac7678a669192fd29f4e7efd3d8,5,0,Unknown,,false
2820,0xdf4b2fbed9f1f4fdf91d7f40ff343303d495f673,5,0,Unknown,,false
2821,0xdf46838a9766f3dbbb364ba34b2f5f706c88e6b8,5,0,Unknown,,false
2822,0xdf24db53519cea11d3f17d393d211ffceaf0297c,5,0,Unknown,,false
2823,0xdf1ce78d80e2f1448580402d53bf60184dfe995b,5,0,Unknown,,false
2824,0xdf11bd05f1224443aad07aae766a1e44384fdc17,5,0,Unknown,,false
2825,0xdf102f1e52e0decc1ab2b99ed938cdfe181bce8b,5,0,Unknown,,false
2826,0xdf0f1d35b2728ad61219dd12bfd6b191bb28f3fe,5,0,Unknown,,false
2827,0xdf0df173baddb4f742cca37257c94b497c8861eb,5,0,Unknown,,false
2828,0xdf088e5395b3fca9d744b9dbde75aa34ad942cf5,5,0,Unknown,,false
2829,0xdf04ce466b7497b0fc7ffb9b62d9d4f3c0db72a1,5,0,Unknown,,false
2830,0xdf03af8bb61b74aa9d1f07b4d15f8ab3e8a66b59,5,0,Unknown,,false
2831,0xdee8b47c5768402f978d0961075ccef1556e251a,5,0,Unknown,,false
2832,0xdec20c1b12227f85b79615a12e41af1a342047b4,5,0,Unknown,,false
2833,0xdeb5c90f5e7ceea0adc28b90f9a5ddd9b547d4b2,5,0,Unknown,,false
2834,0xdea38b5678bc31b86e4afaa0e45cb524bd044884,5,0,Unknown,,false
2835,0xde7f75c2d30f91706a615fba37ef41b97b59c1d7,5,0,Unknown,,false
2836,0xde7bc00c02b60794c6ed79b437794c677e355236,5,0,Unknown,,false
2837,0xde76210c2d33822f4e744c1fabc8c5ee3c8c9a80,5,0,Unknown,,false
2838,0xde5ecca56ec10905038e9c817c06b9844da9ea26,5,0,Unknown,,false
2839,0xde5e4219ea401508997e71e4786a8fb01a191052,5,0,Unknown,,false
2840,0xde4f1a6300e7780567d937d765220053e132cea8,5,0,Unknown,,false
2841,0xde37857940b6649f6cd2bc028af4a0c013226b59,5,0,Unknown,,false
2842,0xde2e642b58bc642bf4415cd9bbb8a288a1035fad,5,0,Unknown,,false
2843,0xde14531f666241fc2b6a0f17dc77646c2e126b3e,5,0,Unknown,,false
2844,0xde122c235170065d4bffedce628d20d2b45890f0,5,0,Unknown,,false
2845,0xde11fa9cd1f45b9628e2958e571dceaa1049a647,5,0,Unknown,,false
2846,0xde0e44afc81cc8277b33ae7147db5e7bc02ddd74,5,0,Unknown,,false
2847,0xde0a0fd38081726e4c2d239655a4d3b28efc8108,5,0,Unknown,,false
2848,0xde04a08e35c23c655a05560bb067c2e410d9f8c9,5,0,Unknown,,false
2849,0xddfc8ae4566af517c360ce7e01cf1571c2cbacdf,5,0,Unknown,,false
2850,0xddf6c37c1ef375c4a03e097c127e88a1f129b2e3,5,0,Unknown,,false
2851,0xddf1cb87f566e3924050e61d689852af9dc2a163,5,0,Unknown,,false
2852,0xddcec12cb398b234963bff0ca32b53f131676bd8,5,0,Unknown,,false
2853,0xddba3b8557b807de658f1ef9345848581c3ae627,5,0,Unknown,,false
2854,0xddb1ee60916676b01a37077b76b47f14ed7c10c2,5,0,Unknown,,false
2855,0xdda392c64ad0f15f618bd05982e34e5c34aa1bef,5,0,Unknown,,false
2856,0xdda15392ee39273e838e1ea3af8a1341fa5116f5,5,0,Unknown,,false
2857,0xdd92b1812e6024619fdb5a42051f6b90a16d8285,5,0,Unknown,,false
2858,0xdd89693e922d0d2f87f70c1015aafe2c70129a57,5,0,Unknown,,false
2859,0xdd765f2e51baaf7a0e9d6137ea121cab152aeec1,5,0,Unknown,,false
2860,0xdd67f9154d64359673f342c69c29667e515fd4da,5,0,Unknown,,false
2861,0xdd5d9a7df3db32200122559ac977f7cb5d33c027,5,0,Unknown,,false
2862,0xdd5b586bc712c82f5bc5e275955e866eada11853,5,0,Unknown,,false
2863,0xdd4cae88b80ee1c3d540b1a2a0d79f7bcf135ba1,5,0,Unknown,,false
2864,0xdd4b5da5386421c2f3b3073981e8290a31d0ad71,5,0,Unknown,,false
2865,0xdd4113e83e5b8360a136acbc122e9e5bff6e2015,5,0,Unknown,,false
2866,0xdd3fe312b19a9668f86cd4121b87e6dadd815f81,5,0,Unknown,,false
2867,0xdd382cd5013244875f095e7779768a4896298d69,5,0,Unknown,,false
2868,0xdd35e7304e5efa772561e7f086bc3f6e551446d3,5,0,Unknown,,false
2869,0xdd2c5a553897d1f1054871b31cf955df25fb91ee,5,0,Unknown,,false
2870,0xdd2a6b3b90159821489f4791e9b26ce1d4b837d3,5,0,Unknown,,false
2871,0xdd2718b124f006e3c33a8e55bc94f4ec00454218,5,0,Unknown,,false
2872,0xdd22e5f2d0732f3aaa797cd53b7eebc880b8bad0,5,0,Unknown,,false
2873,0xdd093e292cfeef6819fde6a35cbabe472bd53598,5,0,Unknown,,false
2874,0xdd032594edc0977ccb9d97af09c47256982df870,5,0,Unknown,,false
2875,0xdd01dfb07f494302d412c31a3cdeb051b0808d15,5,0,Unknown,,false
2876,0xdceb1b27966fab133e7ba2cdb0b3bbc107635be7,5,0,Unknown,,false
2877,0xdce3197e58cbc52ad3c0c4e7f8e1196a131421fd,5,0,Unknown,,false
2878,0xdcdb5791cee3612dfd08acbc8d6394f67e6f9581,5,0,Unknown,,false
2879,0xdcd7e9a699e890e5f2786a2bf9ff28843a27895b,5,0,Unknown,,false
2880,0xdcd6c67d83fb26d07ab237436e56f0d8ad409773,5,0,Unknown,,false
2881,0xdcd09cc2e5b8b71b9a712b656968014bbae5179e,5,0,Unknown,,false
2882,0xdccebd17a96d983e077dcb4f84b9e1ec28ae1658,5,0,Unknown,,false
2883,0xdcc979cdbbd931334bf8495b14c03d266f3af553,5,0,Unknown,,false
2884,0xdcbb197b4db174c41591d2f658762e7bfcf7df44,5,0,Unknown,,false
2885,0xdcb3bfbfba6f90f1f122c7e82e9d8a8215579212,5,0,Unknown,,false
2886,0xdca01c2e15264d828dfb9f203aa2c470ed8c324c,5,0,Unknown,,false
2887,0xdc95ffc2ee79754118457072143ea6deff210c10,5,0,Unknown,,false
2888,0xdc951837bda1222e857361645c6871d8c5c54222,5,0,Unknown,,false
2889,0xdc7d5c2a77e13686ec03e7c4c2008bf6a955aa49,5,0,Unknown,,false
2890,0xdc7990cee314a1caf628c3a2cb4b2e53449cddc2,5,0,Unknown,,false
2891,0xdc73d2d4d9218d87571b14ed7c3a04e5ad5af935,5,0,Unknown,,false
2892,0xdc725496372b95a3f0a08310a7bfda393a6152f3,5,0,Unknown,,false
2893,0xdc6ec5ce7b181cbde6339234f3028cd21c5b6e28,5,0,Unknown,,false
2894,0xdc6bad516a5d9cd8d9379497768d42576828cb1f,5,0,Unknown,,false
2895,0xdc631f2ac4a13ab75c1eef230820b3ed3d2106af,5,0,Unknown,,false
2896,0xdc60f77432f2d10da36ed949f0cb7e9f06862f14,5,0,Unknown,,false
2897,0xdc5cd89d2b97d096af33a7a339a0c9aca603a530,5,0,Unknown,,false
2898,0xdc5be7041b9bb7c50b1f1ea2741ba88c86a90e1b,5,0,Unknown,,false
2899,0xdc592c370a00d91428c4819d82775b2402b070c7,5,0,Unknown,,false
2900,0xdc3ffcdc6a3e6c16119fe59050e63fc8f434a6b4,5,0,Unknown,,false
2901,0xdc3cfe63925e269fae2c4ade3eab77aa1f3ce6db,5,0,Unknown,,false
2902,0xdc3264102ff1cd33a1ef49cc5c25fc69981afcb8,5,0,Unknown,,false
2903,0xdc2df392c465e22054175a662674a3a1caa324a0,5,0,Unknown,,false
2904,0xdc2b50914eced1358c61a6d5d7bca8b32169df86,5,0,Unknown,,false
2905,0xdc22b67271c6ed92ba7fd33adaa749fd970c30d5,5,0,Unknown,,false
2906,0xdc2169a1c409e5c471244ad536769b6007f77518,5,0,Unknown,,false
2907,0xdc1f70fde9b73792baea253f69cc1583ddafb70c,5,0,Unknown,,false
2908,0xdc1c7f28eba96668423ae373f3cf658851f6a30a,5,0,Unknown,,false
2909,0xdc1794008f7d4002238dc1224fb29a33415f5a97,5,0,Unknown,,false
2910,0xdc09504eccb2f2d521794e55f267cecdb87dfbe9,5,0,Unknown,,false
2911,0xdbefa1706a3e90d37521c9d6617ed640b1ac21c7,5,0,Unknown,,false
2912,0xdbd65a5810397dfe24ca620c288e4abee3979f1e,5,0,Unknown,,false
2913,0xdbd564183df245f058ca78cdb9399b248aa60c3e,5,0,Unknown,,false
2914,0xdbbffa529d0ad70b39116820fd2f7dfd4c080c76,5,0,Unknown,,false
2915,0xdbb06b87c6c1dfd43cc52440bef346be6ea356db,5,0,Unknown,,false
2916,0xdbade7f576688f1feb0331276ff532e05bd254d0,5,0,Unknown,,false
2917,0xdba8d9f03a8e0821079956863bf5e3aadcf0858b,5,0,Unknown,,false
2918,0xdba8a134293e065d67c9a8965c90899233328cf9,5,0,Unknown,,false
2919,0xdb9f7e939c2b5a527f225e869b825647df163960,5,0,Unknown,,false
2920,0xdb8986e2c00a845323a6d3502397fd1b5be69818,5,0,Unknown,,false
2921,0xdb85f11422505c5c970b3d32641bae426ff3a740,5,0,Unknown,,false
2922,0xdb7f18cafbeaaf111d14ea407f03e512e9f7df26,5,0,Unknown,,false
2923,0xdb79482e4e458cda7dbb12048de299d0b1067534,5,0,Unknown,,false
2924,0xdb77f409b0d8443a1a4df531cfd67074cfa0f5a5,5,0,Unknown,,false
2925,0xdb705e526bc08252c330ad5abbd4cbb08d19b1dc,5,0,Unknown,,false
2926,0xdb70255ee02661a16fbe173c5764889ebb68c30e,5,0,Unknown,,false
2927,0xdb6e078145a5ec5ac2806dadc7016124abda5777,5,0,Unknown,,false
2928,0xdb5914a9f296d8af0f00b4d32f278a189e9698d0,5,0,Unknown,,false
2929,0xdb57387d1c8959402ffcc2aa15b4c42cf127ed0f,5,0,Unknown,,false
2930,0xdb28425635dcbd2ecfdc25e9f386214c658b55fa,5,0,Unknown,,false
2931,0xdb1b3e665f53cd6df51c50eb7e682f827f18bc6a,5,0,Unknown,,false
2932,0xdb16ae7295dd2e54ce71d9efcbb590b641ecb94c,5,0,Unknown,,false
2933,0xdaff88d3cfef9f7cd1ca586ea1a0838faa1e80ff,5,0,Unknown,,false
2934,0xdafa801f83e0eea30a471e0deeca3d486491c624,5,0,Unknown,,false
2935,0xdaf90cedf6c261672cccf0e3274ecc4144fee0fc,5,0,Unknown,,false
2936,0xdad23ef0889b942447f5b14a690336ad1c2b62ad,5,0,Unknown,,false
2937,0xdacf8862d52c7be5c52ef0faccc1ac30c3164c55,5,0,Unknown,,false
2938,0xdace4c28d85f3cf6571489ecb16c8cfe6697c604,5,0,Unknown,,false
2939,0xdacab38098c9cbc7bec3813bf4c5a19d13e1d89f,5,0,Unknown,,false
2940,0xdabb9e5c633b6637d6d6eeec5e85627b6f7a691c,5,0,Unknown,,false
2941,0xdabb2f4c8f125412c125f72a6e58fee6e3d4374a,5,0,Unknown,,false
2942,0xdab7c908a264241f0aaf7783670d5a957cd99158,5,0,Unknown,,false
2943,0xdaa937ca05d90e8b500f93b57a533e392504d4d6,5,0,Unknown,,false
2944,0xda8f7b8c5fe8c7f5e547e86582ad9b2870ecede5,5,0,Unknown,,false
2945,0xda7eba6cbb77b16bffa6ee0c969d1bed8efe0138,5,0,Unknown,,false
2946,0xda71333d00237b50bdb6ea74a9f943b36de07ad3,5,0,Unknown,,false
2947,0xda63b94790266df709914d3a93cd08d6dadbe736,5,0,Unknown,,false
2948,0xda5fe9f0a0323df13d5aff884591751357104012,5,0,Unknown,,false
2949,0xda5d034026411a6457e06627ec20f311cfe96fcb,5,0,Unknown,,false
2950,0xda31710c684b654ee469e172e43af1cf90b1a51d,5,0,Unknown,,false
2951,0xda314ba7eda9ae6b3ebc4b5c14fbc23625e71cfa,5,0,Unknown,,false
2952,0xda27f99e3994548b5843c2fbcef4eea103079515,5,0,Unknown,,false
2953,0xda22cc3d9aff2b1eeebf0de80dced35e4f345376,5,0,Unknown,,false
2954,0xda1e5d985e38e5891ff071e2f5c90156815d1e55,5,0,Unknown,,false
2955,0xda160f024495af6230272f5b433390deeb7ed331,5,0,Unknown,,false
2956,0xda15d41a6f814ea703627870a83f9a2f4d74f90c,5,0,Unknown,,false
2957,0xda12abb3a91ae31f847171b4af9b99c4f2943a45,5,0,Unknown,,false
2958,0xda11bd4132cef63bc715d7baca4a013497b9ca78,5,0,Unknown,,false
2959,0xda06de6df21d3e2fb74d27a4977f02f4cfbacf1e,5,0,Unknown,,false
2960,0xd9e8e9de2abe7f146a5f8c0b0c596788b3b901bb,5,0,Unknown,,false
2961,0xd9dc71a4813322c6338508c1b3aa81ad9d9bd6d1,5,0,Unknown,,false
2962,0xd9d332c70e092372e655f69731a1ecaef2879e70,5,0,Unknown,,false
2963,0xd9d2cf70e2f2ff5c9733b09279162e0ef25461bb,5,0,Unknown,,false
2964,0xd9cda96e6aec5afbce7568b113b390eccd2420fd,5,0,Unknown,,false
2965,0xd9b602cabc7b36c01e8aff313b3065214a56d362,5,0,Unknown,,false
2966,0xd9abc8855574f1237e2b94b2125650a4d5b67326,5,0,Unknown,,false
2967,0xd9a8b253243076f789dba70fb04d93fa29e586dd,5,0,Unknown,,false
2968,0xd9a7d6bbfff65f28ed4f64539620931570976b79,5,0,Unknown,,false
2969,0xd99c5b3eff57b47e4955283bb01c2ae10643787f,5,0,Unknown,,false
2970,0xd992b470e5359c115e74262b9d1b66a341437957,5,0,Unknown,,false
2971,0xd99083861ce7d322d48dbddc8262b2d1a645f4bf,5,0,Unknown,,false
2972,0xd98ffec77b14e803f5e99bf5620965a2ca9288d3,5,0,Unknown,,false
2973,0xd98d9e559688c1a4997cea33b8d2523b7dbd69fe,5,0,Unknown,,false
2974,0xd9827d606a227fe3a5c3e0c746bb5ab5b3b9124a,5,0,Unknown,,false
2975,0xd981e855fcc76505660a7a6faf735920a4b37dee,5,0,Unknown,,false
2976,0xd975770a20f626909ae5e8429a5e0665663b07c5,5,0,Unknown,,false
2977,0xd974ee63fd36cf2b5c46cca4318e19cdc063f635,5,0,Unknown,,false
2978,0xd96573e40d9084161f92570236b792353279ece4,5,0,Unknown,,false
2979,0xd95fef618accd3a4d3254d7d2b07f179dc5a533c,5,0,Unknown,,false
2980,0xd951b0be1379dd4ac377027d7346c756800b2dcd,5,0,Unknown,,false
2981,0xd9474e5001b853259e02b5e0511ae75ac46a5725,5,0,Unknown,,false
2982,0xd94198e55dd145c6dca0f31f19d93edc7f671be9,5,0,Unknown,,false
2983,0xd92b38aa0a9ed39d713375fccbd4b8054f92601e,5,0,Unknown,,false
2984,0xd9240316c11b823134b911a7b3180d03dd9c5f6b,5,0,Unknown,,false
2985,0xd90b5a2582d1f9b5d28c72ad0e88514f5ab9ef95,5,0,Unknown,,false
2986,0xd909c7eb7b9c9e03c5d2da2a147a7b710c601e5b,5,0,Unknown,,false
2987,0xd902c2377faa9f40983580e663c829b903311b82,5,0,Unknown,,false
2988,0xd8ff6e004600f1ffba6a57cd70e1c502e17e2f58,5,0,Unknown,,false
2989,0xd8df5df9caa4cdaf6d7630594efa703f1247e409,5,0,Unknown,,false
2990,0xd8dcffa585aeedda88f3e893bb4ed0495a6ba144,5,0,Unknown,,false
2991,0xd8d4dd25150e0d1740223758738931f25122d5f0,5,0,Unknown,,false
2992,0xd8d3b6c19c1c4b324f914c00eab9408bed172268,5,0,Unknown,,false
2993,0xd8cbceac8904d2c77029c26dacbccdb6c4fc8dcb,5,0,Unknown,,false
2994,0xd8bd12a61261c6869156fec8788bef3b48804f45,5,0,Unknown,,false
2995,0xd8ba6f5087b7a6bd2d780fc80a78f240e7e2a29c,5,0,Unknown,,false
2996,0xd8ba5940403897d4ed3b06e4fc9222e7adda4fb0,5,0,Unknown,,false
2997,0xd8b84d1a62d26b7ece83860bca61ce20c70a391c,5,0,Unknown,,false
2998,0xd8b5af5e813ad4e8613087f6840cea87c06cec61,5,0,Unknown,,false
2999,0xd8ab5bf52cc1c670c101d81072e5d4d5c333344c,5,0,Unknown,,false
3000,0xd8a452b686e90d594ee03333f87eb1661d2b5dff,5,0,Unknown,,false
3001,0xd8a22a4e766300f647cc432e4f88058ad864b162,5,0,Unknown,,false
3002,0xd8a06a86e539369aae615302a68232a4d28a4cbb,5,0,Unknown,,false
3003,0xd89f48eb5447a1355cdae0b5531c466b5a99b933,5,0,Unknown,,false
3004,0xd89a5a31c40ff3b175b71709c1dccd3bf3ad7117,5,0,Unknown,,false
3005,0xd897925f77a0a53d9fbfa38ff04fe0f6a7a1cec6,5,0,Unknown,,false
3006,0xd88e58b0ea6129e9254b8977c87728e408cfed29,5,0,Unknown,,false
3007,0xd88afd01420c8ad70a755f054ab2a38cb8d6c3a5,5,0,Unknown,,false
3008,0xd88a776972c9851fd5c31b196920d4b52ce1c71a,5,0,Unknown,,false
3009,0xd88672eaacce06f5b229192ed03effc5b1ebc8a1,5,0,Unknown,,false
3010,0xd88380f414a18ecdfdfa1a6eb1a3f1eb15bab4c9,5,0,Unknown,,false
3011,0xd882328474e2f059995f79002901e964a47cbb1a,5,0,Unknown,,false
3012,0xd875096cf9c44a5351d4ca4bf274684538f30277,5,0,Unknown,,false
3013,0xd8728b571de5724f566a030e954332831cb7eb3b,5,0,Unknown,,false
3014,0xd86b98ae869aceb0a5b33ed54b574e4df540ebbd,5,0,Unknown,,false
3015,0xd868cc9910701ea0e8ff04722e0716f82ce8d20f,5,0,Unknown,,false
3016,0xd8643ba96f898bfd71598ed97b46e22785be7c68,5,0,Unknown,,false
3017,0xd86078edab1085328cb2523f0ecbc823018932ea,5,0,Unknown,,false
3018,0xd84fd436c1a8444bf0bae00b790ff1f04711697e,5,0,Unknown,,false
3019,0xd8426f1d3503d7cb1ec755af6dc7b8082bfd406a,5,0,Unknown,,false
3020,0xd83b71f7b6f71f1708aeea67cc0ceb548f62a8c8,5,0,Unknown,,false
3021,0xd81dd43e4d8c2dd47fa45cb271df8aca5ac33060,5,0,Unknown,,false
3022,0xd818954e67437eae0337f4ca79f60994489345b8,5,0,Unknown,,false
3023,0xd7f0499f02f5174222d89cb06a2bd6afc1f43602,5,0,Unknown,,false
3024,0xd7ed713eced00d3a8cc093fda3dbcba19097ab63,5,0,Unknown,,false
3025,0xd7eacc81cdcb94dc42192e7c18820adf4a4666b9,5,0,Unknown,,false
3026,0xd7e4bb9bbf9f2fda643c8fefd8d48073f3e67d6b,5,0,Unknown,,false
3027,0xd7de62b4623d6f3df91c4b4324c4b575ddab90f6,5,0,Unknown,,false
3028,0xd7db66cef91434bc4b2ef4bf4b72ec263a18d891,5,0,Unknown,,false
3029,0xd7d4cc3d0db552fe57804365214c8ae3c1da7895,5,0,Unknown,,false
3030,0xd7d40a56b75078d9398eacc94ae491efa9d2dea0,5,0,Unknown,,false
3031,0xd7cb08b8329f6a4d6f5ca8e1338e3e2df8832848,5,0,Unknown,,false
3032,0xd7b3eaccbf3485795317a50441b884d89716eeaa,5,0,Unknown,,false
3033,0xd7b38ffff593dd083d0e4a6544c368059ef32679,5,0,Unknown,,false
3034,0xd7a226a51224055bd99ac13b4487d1884c610032,5,0,Unknown,,false
3035,0xd79bd0a6645f2fb077b351c3ddb3a5f63fe7a766,5,0,Unknown,,false
3036,0xd791e8bf936a090304885aea5f3104e14a26b68f,5,0,Unknown,,false
3037,0xd7721f40a880eac397331a05825ccab3b6c087d4,5,0,Unknown,,false
3038,0xd75ee278bc40dec0753481235c3c146fa1d879d9,5,0,Unknown,,false
3039,0xd75c3eaf3ac8488c256b986d2a4ff227bfa38026,5,0,Unknown,,false
3040,0xd758bb8010be03d15c9dfe60740c6189603502c5,5,0,Unknown,,false
3041,0xd74ea1fd3d793870797ec54e31549c9050073a6f,5,0,Unknown,,false
3042,0xd7435ed6fb6ad1cab3ba52a9dffe30844e008f7a,5,0,Unknown,,false
3043,0xd72be7132aca52e26b5788e1e36bad5137368426,5,0,Unknown,,false
3044,0xd71a9b2fb26fab6b7462041fdaac3518fd1c98a3,5,0,Unknown,,false
3045,0xd713366b6de26ce6225ba4f9f5bf5833b693a60f,5,0,Unknown,,false
3046,0xd71178b2e52747d507f2ffac6f48059c6447b09a,5,0,Unknown,,false
3047,0xd70d020702a04fb2cc5dafc0e2d227227c48a153,5,0,Unknown,,false
3048,0xd70bad4431f845f37e0ce0172767d91a60853eca,5,0,Unknown,,false
3049,0xd707a17e8869ecfc6d24e2bdfeda54fd90c52496,5,0,Unknown,,false
3050,0xd706a8c2c660bd98b18897a7c69daf538c08585f,5,0,Unknown,,false
3051,0xd6fa79302ba43ca084405859caf2914561c6634b,5,0,Unknown,,false
3052,0xd6fa1d974d16ca109f5dd85f3e2be57c6104f951,5,0,Unknown,,false
3053,0xd6f04c7d9bf02a46253cae35b2c9399e6aeee15d,5,0,Unknown,,false
3054,0xd6de11ba1ada50bbe71957c344d343caec03fca0,5,0,Unknown,,false
3055,0xd6da87f09c284b4be7022bda895e5f164a262bbf,5,0,Unknown,,false
3056,0xd6cd2e33325cc26fd65308108e34ff0fda8525b7,5,0,Unknown,,false
3057,0xd6cbe19bd7e09c69c5336a2515e4cf50f482abe2,5,0,Unknown,,false
3058,0xd6ca9dabff5e9218c0858510674ca8951590e708,5,0,Unknown,,false
3059,0xd6ca7bf46944d05a183f08ed25f2e4469f5e58ce,5,0,Unknown,,false
3060,0xd6c878babd8b82574342ed62db2eeed6378c35d4,5,0,Unknown,,false
3061,0xd6c115afa2bac93714de7046b7b629302dd454d9,5,0,Unknown,,false
3062,0xd6beec03dd1182780e4b2ac746582f939e1793e8,5,0,Unknown,,false
3063,0xd6bc9ddbfcaa43554e141025e3917ee8a4bc4ce0,5,0,Unknown,,false
3064,0xd6b8146f74e69132d227515fb7970f6f393f00f2,5,0,Unknown,,false
3065,0xd6b044f54dcc09932e14fa4b478e121dc44ec2d6,5,0,Unknown,,false
3066,0xd6a2e3a98290d0b2a830c020d6d76da5c105ab50,5,0,Unknown,,false
3067,0xd694cdcb00a46be5904da3eac7aee3306c1cd3b5,5,0,Unknown,,false
3068,0xd68d478041d6e688c2e163b021686329b6516a7a,5,0,Unknown,,false
3069,0xd688ca588f3406fb71ac7697a44b8b7b75e414a5,5,0,Unknown,,false
3070,0xd6745bb82c529e023a35d41248710dd4e2cb27f3,5,0,Unknown,,false
3071,0xd66165493ee56c9c30c87dcce4b251db34bc2145,5,0,Unknown,,false
3072,0xd656b3ca19b6feec203c3bfc1f2b62014461d63c,5,0,Unknown,,false
3073,0xd64e9dde71e050c461bf8c15d420c4285bffdc29,5,0,Unknown,,false
3074,0xd64e639ddbc92146511cc38e3c9f09d0faea90b7,5,0,Unknown,,false
3075,0xd64b5cfcb82cd2919f4c8fc95ed891fc5aaa0ac9,5,0,Unknown,,false
3076,0xd63e83c2d56c7315f530322529a9cc80b99def9b,5,0,Unknown,,false
3077,0xd63c72036ddc3ac4b5042b324a8d8ecd13a13ad8,5,0,Unknown,,false
3078,0xd634b297ff31d7cf97cdea605d31827ce19a199f,5,0,Unknown,,false
3079,0xd623ae7425e33cf59d740bc38278e047cddc3547,5,0,Unknown,,false
3080,0xd602d342c8176266eae6ea6917ddc0eb627d101b,5,0,Unknown,,false
3081,0xd5f1485118d693d5571abfa77e262599ed69296a,5,0,Unknown,,false
3082,0xd5ed2b642532398198ef48113da6dfe53e72910d,5,0,Unknown,,false
3083,0xd5eb54fa550e87821da06bc36f8339d5e3999263,5,0,Unknown,,false
3084,0xd5dd59c66f343c65f9be4758d51981ae80d42010,5,0,Unknown,,false
3085,0xd5d8a9f0437ec816272ef7e4bf9e7164b039fbb9,5,0,Unknown,,false
3086,0xd5cb72e7ce9325be449949e27f92b18c514a37ac,5,0,Unknown,,false
3087,0xd5c75938a69dc86586e93e65f5ffb8331b1de446,5,0,Unknown,,false
3088,0xd5c5c8e4ca3d2cc56f2f7be9e54072660324d00f,5,0,Unknown,,false
3089,0xd5a19558c24fcc7bf8021560d2f6966e6c59ae0e,5,0,Unknown,,false
3090,0xd57e259100b87c4401ceff816b1f5f35bc605ff0,5,0,Unknown,,false
3091,0xd57d08435d86c9a1ed447b5f17c62191cf663477,5,0,Unknown,,false
3092,0xd57ad77730510bde9f32fdef1c0ac1e8c771daf3,5,0,Unknown,,false
3093,0xd56ed8eed982684a7184ae7132555b4f5c6b3d6b,5,0,Unknown,,false
3094,0xd564b014d68713ec5b45d9788a2381288ed9a410,5,0,Unknown,,false
3095,0xd55b2d6450c9820c18568a39444f465c7567fd6a,5,0,Unknown,,false
3096,0xd551e1a16c3686384384d7dcdadb009d88a7b4fb,5,0,Unknown,,false
3097,0xd549fbe0ea42053500089598cb9b436df48845c5,5,0,Unknown,,false
3098,0xd53fa744e2e1259c796149038201f1d061146c15,5,0,Unknown,,false
3099,0xd533dd3798a8ae5344656d4d8a3ffdb5b1452cf1,5,0,Unknown,,false
3100,0xd51bef036b375709b7285a070c9c195d259bfc1c,5,0,Unknown,,false
3101,0xd4fc894543d1e9515f752939271ba38907040114,5,0,Unknown,,false
3102,0xd4f569f115cea50985a96c1048c0deaf32622ee1,5,0,Unknown,,false
3103,0xd4de89c35e1c5bb700c5bc62989a60b45f58a0a5,5,0,Unknown,,false
3104,0xd4daf4aefd17e601b8fcc37afa4b0e9bf09bbc3a,5,0,Unknown,,false
3105,0xd4b64713665ab618cd3fa09da077d3b12b041d11,5,0,Unknown,,false
3106,0xd4b49cd64b3aade897898669f91ffcd788ab129d,5,0,Unknown,,false
3107,0xd4b348b393e8eeda7f8e5c07f4fcede3a03e60fb,5,0,Unknown,,false
3108,0xd4a2bdb4b7eceaf14f50434db6836e1aaba5f7ef,5,0,Unknown,,false
3109,0xd498f0e7dbd423703aede45fe70b3fd9be20dd2e,5,0,Unknown,,false
3110,0xd493fcf405ebe0a4c0e9d581115d26f669efdb5a,5,0,Unknown,,false
3111,0xd4885f3090e586384589055261e38fa61971b7c9,5,0,Unknown,,false
3112,0xd48196afc25f4ed617b780f4884817152a02f6ee,5,0,Unknown,,false
3113,0xd47e194a295e7dfe937553842215e4a7d63e137e,5,0,Unknown,,false
3114,0xd47bfef661e695651ad3d72d3d7feabf4450fa02,5,0,Unknown,,false
3115,0xd4712f7b47795572f958a216e99f0fe7d7aab3bb,5,0,Unknown,,false
3116,0xd4654bb061181e81f999a4f559e4a73683c6e8df,5,0,Unknown,,false
3117,0xd4604be6a9a8b2a7920057c90eb2444b17c292df,5,0,Unknown,,false
3118,0xd44d951d1902237487b73afb169a391ea9860c1b,5,0,Unknown,,false
3119,0xd44709f8d8c7afa398f4cf2da71d39c7da0a7edd,5,0,Unknown,,false
3120,0xd43ee4c3cc84c4b708c941bbf368eb25883b8711,5,0,Unknown,,false
3121,0xd43932ed7450433fb1e329443090bf1a2c1deeb5,5,0,Unknown,,false
3122,0xd421d5691a8bb326fbb8b636c38534b1488f85e4,5,0,Unknown,,false
3123,0xd420ff24e642bbb91b94b058c5980a57ef275893,5,0,Unknown,,false
3124,0xd419e87f69377c38f6656a4c25f238a84812cebe,5,0,Unknown,,false
3125,0xd4196682d3416b4e32b64d622748f64245f6b688,5,0,Unknown,,false
3126,0xd3fd63126efb396ecce47d71adfaa34463374f2f,5,0,Unknown,,false
3127,0xd3fc5184c30ed15ce019f31c8bae59a2ed37e628,5,0,Unknown,,false
3128,0xd3ef1deb9908f32ecc9e1f66e423f5d6da1526c5,5,0,Unknown,,false
3129,0xd3e7ead826bdea12786a9cb55cb7d512d94ea635,5,0,Unknown,,false
3130,0xd3e7e10638575aaac3e888d0222b032458948758,5,0,Unknown,,false
3131,0xd3da2b494251ca8d69503eca8c62efc08b260c4f,5,0,Unknown,,false
3132,0xd3d8988c34bad77857b72a1f20f8acc914c592e6,5,0,Unknown,,false
3133,0xd3d6da58775bc0e61ed5b3a53e3b5fe950a4253e,5,0,Unknown,,false
3134,0xd3d69f603ee787852ccf0aa59cabef36e631e48c,5,0,Unknown,,false
3135,0xd3c9081eeb9ad973a62003907bd67df15807b8a0,5,0,Unknown,,false
3136,0xd3baa07bb00d5216a2edfbdc42ef30a593925e82,5,0,Unknown,,false
3137,0xd3b7e83c797a278efdc7d6b29866534e7b6698ee,5,0,Unknown,,false
3138,0xd3b589493b436acf41a38d57b24d8931bc75fa93,5,0,Unknown,,false
3139,0xd3b332b589df13094a102f40020e4f95d5ab2931,5,0,Unknown,,false
3140,0xd3a831ce27badb80c4fcf019956637e40d0cb503,5,0,Unknown,,false
3141,0xd3a3819ea7786962c22a0d7798688f1c45a1d7a5,5,0,Unknown,,false
3142,0xd3a290057d35ff332b73cf0934dd35be94e46e2c,5,0,Unknown,,false
3143,0xd3a1ec26da04c9059845d01a49f4d88932f8a0ba,5,0,Unknown,,false
3144,0xd395fc95e3b483f5fac0221640060f874b3ac128,5,0,Unknown,,false
3145,0xd386ec33bb25196bd35efc07bce1e47cc2ab5977,5,0,Unknown,,false
3146,0xd3714b8a65961f3186b31e2c63c8dc91c14f8d16,5,0,Unknown,,false
3147,0xd36a9e37c576aff819be786925201a4306df104b,5,0,Unknown,,false
3148,0xd369c98d9ca4c4442e72569bf5ee2b2a3137075b,5,0,Unknown,,false
3149,0xd35adb071b7c998e50ec2e69c09ce8c61cd5dbc2,5,0,Unknown,,false
3150,0xd34a4a628f016f5565443b7a134ac3a0bcbf6253,5,0,Unknown,,false
3151,0xd346c5adba93c9d612c5c2929a603380a51a4fd4,5,0,Unknown,,false
3152,0xd340d45cc6b422a439e176270fb29ef0cf47feab,5,0,Unknown,,false
3153,0xd33c5f60ada1f5a50fe2d2935d8d1484b2b3bcbe,5,0,Unknown,,false
3154,0xd331f54c627a6d5afc2fa3e2289814b5d05280f4,5,0,Unknown,,false
3155,0xd32f04b7ab58d43748b5e442a5bc69a898c448d1,5,0,Unknown,,false
3156,0xd3147e5115d42b9bcb1a59e29d6959b74caf9607,5,0,Unknown,,false
3157,0xd3114bdae4615595802861c3d562cffef01b5c14,5,0,Unknown,,false
3158,0xd30e1ec0eb696e041be8cefc3e7a46b408e1d909,5,0,Unknown,,false
3159,0xd30781dcba6e15d01fc0b488e1a840b6704c4522,5,0,Unknown,,false
3160,0xd307277ed0d79ee5bdd7d6b700db71c47a7e7d1c,5,0,Unknown,,false
3161,0xd2f816d8d1960bffa507281c7ec41c6cb015cf49,5,0,Unknown,,false
3162,0xd2f0dd5ad5a451f68a045cd53bd538cb79636ffe,5,0,Unknown,,false
3163,0xd2d6e75e1b6f977dd8d35ceedecf4ee03eb460a1,5,0,Unknown,,false
3164,0xd2d549a909de9adb6c5e288b927619d3079cb5e7,5,0,Unknown,,false
3165,0xd2cd3e70dbb7cb1cb429c2479a8b43c64641d0da,5,0,Unknown,,false
3166,0xd2b31b6f6c2f8bb567bb20c90e33577cb7e05579,5,0,Unknown,,false
3167,0xd2aab764d37374c2fe018e2e47e6bca3a9c4e428,5,0,Unknown,,false
3168,0xd29026eba40a489c506f6cb0a4b5ec60096bd275,5,0,Unknown,,false
3169,0xd28f54874ff176ca5a9bbd7d50c3c5d0968e38ba,5,0,Unknown,,false
3170,0xd28d9e1bea84542acee79c8445e885aaac8b024c,5,0,Unknown,,false
3171,0xd27e6ba150e2b080207b89d4288f87eb74eacb0d,5,0,Unknown,,false
3172,0xd27b4c7e70c8250490454f75ad2ec059a1cddebb,5,0,Unknown,,false
3173,0xd2685b6e3a3896f1481fd0bde8ce5398ea754de9,5,0,Unknown,,false
3174,0xd263b29d3b491864cc4b1c5fc54aeafd9bf4d4ca,5,0,Unknown,,false
3175,0xd2624e4f147f9f27f4af64dca0dd5a5e63d9ae30,5,0,Unknown,,false
3176,0xd254da4e7507a778c44d9d303a70c15de3ea43b7,5,0,Unknown,,false
3177,0xd250ada9cafc43930a9af65164fd1d7aebc9e6b4,5,0,Unknown,,false
3178,0xd24a9c73f88d60ee9b3709a860de57734481bb82,5,0,Unknown,,false
3179,0xd249ddac28e308c49dad584624bf9b2aed2fdc21,5,0,Unknown,,false
3180,0xd2481aa071c746f32849e846822c26cd000fa335,5,0,Unknown,,false
3181,0xd244e10916e0c9c5fc6b07766f6b08e9eaf37ada,5,0,Unknown,,false
3182,0xd23d0e5d29d9fe5e232055c08e8ec590c2f4cb43,5,0,Unknown,,false
3183,0xd23918ecfb0bd272034e6e57c68d1ce402d7e2e5,5,0,Unknown,,false
3184,0xd2388e93dbcba89438a85f8a9a6ee77e34c59e2f,5,0,Unknown,,false
3185,0xd231be8af403097c344449e19da588c98aa61fef,5,0,Unknown,,false
3186,0xd22d6edff26b604447803e7c89e64d7650c95dfe,5,0,Unknown,,false
3187,0xd22cbed291c1c33a3a11f04de1f24ec8a24794ee,5,0,Unknown,,false
3188,0xd22ad29bd7ecb240c3f3eeaf0d1682fc48acd33c,5,0,Unknown,,false
3189,0xd21d930d4970be98e32b92ae128508de726914da,5,0,Unknown,,false
3190,0xd20a246c17a679f8bbef03f4f8889ecdaeeb0e9d,5,0,Unknown,,false
3191,0xd1fcf8a1cede10cfe364d2a45b0b5a1d5d10142b,5,0,Unknown,,false
3192,0xd1eea8a47f52ef6c81bd87bd806b4b87f7f90a0f,5,0,Unknown,,false
3193,0xd1ec3a8a7485e55f4a9384c8e08c1f2175a506ca,5,0,Unknown,,false
3194,0xd1e37bd51be4fdc3ee3a3054ce4a9996a0b62101,5,0,Unknown,,false
3195,0xd1b57b05c29bc8201ef9deb942632f42bf2308bb,5,0,Unknown,,false
3196,0xd1affcaed83577b6650a814fcaae0c2cb882fdcc,5,0,Unknown,,false
3197,0xd1a3c23a1a5fadbe065ac20adae2c83f06c63eec,5,0,Unknown,,false
3198,0xd1956913df696e2d38401196ca27a5992e7e0b73,5,0,Unknown,,false
3199,0xd19005f8e277d1f25bad73f1ba3418787452518b,5,0,Unknown,,false
3200,0xd17d84b5329d61015b5e91f2d5b52abdfb11e879,5,0,Unknown,,false
3201,0xd156014796f3d7b5b998199ca012faced1aeb510,5,0,Unknown,,false
3202,0xd14c83a9d76fbadde6bc1c8941add9909b22b13b,5,0,Unknown,,false
3203,0xd14bd0d0954b21eb9e2f2fc36dae506e525ba2f6,5,0,Unknown,,false
3204,0xd139045a6d035110e86e94bebef3cd59dd2db87c,5,0,Unknown,,false
3205,0xd12fb27f9f530bd944575a570d97e6e2688ddfc9,5,0,Unknown,,false
3206,0xd1267e2de9993133c35659b03b2d7398b2254263,5,0,Unknown,,false
3207,0xd122326dfbb3bb371ab19527d13bae894685ad1e,5,0,Unknown,,false
3208,0xd118348dc09f302aadb49d38100dd12a165e01b9,5,0,Unknown,,false
3209,0xd112d15fb2526e3b2eb32f91362739de21b17221,5,0,Unknown,,false
3210,0xd111ac4dea58cc3a08016c5530c5a2dba996add2,5,0,Unknown,,false
3211,0xd1080c58d5ebbd6a349f523901bed47390b25dec,5,0,Unknown,,false
3212,0xd0e3fb944d966c4e911a293dc2f6c5d8b35ed022,5,0,Unknown,,false
3213,0xd0d349b8b652d910ad984ef5e3b3979deb7938d5,5,0,Unknown,,false
3214,0xd0c27d66d6cf6ccec0665193af60a60049784a53,5,0,Unknown,,false
3215,0xd0bdcb1dd0131b737d1bf40688a9ca3a10173257,5,0,Unknown,,false
3216,0xd0b783c4f747cc8d26ac69aad0e70cc7c13510be,5,0,Unknown,,false
3217,0xd0b504b5bdcaeabc058178993de4be995dff8800,5,0,Unknown,,false
3218,0xd09edd8936bd73d0873962126fbc8b1af72ee4ce,5,0,Unknown,,false
3219,0xd08a6400f6cfaf3aac143dc1d8bddd6ce005ce65,5,0,Unknown,,false
3220,0xd07d97011a13cc2881bdb30577d99614963c87fc,5,0,Unknown,,false
3221,0xd06b161b3728392360f5dea58d4becdd0387be11,5,0,Unknown,,false
3222,0xd03d9457590c38c5e3a9314ee99f97d05304271a,5,0,Unknown,,false
3223,0xd0395553d36a46e50c7312c116dd5e4e5e5cd879,5,0,Unknown,,false
3224,0xd033afb5bcb88a7ea65c1b7e79906a603ec06a37,5,0,Unknown,,false
3225,0xd02a8f0ac0a52818cf30727ee0b489cce171314c,5,0,Unknown,,false
3226,0xd01adce10bb8274095858d76864009ddaead6c09,5,0,Unknown,,false
3227,0xd0180b3efb0c6476c986fb5a0d72e861ae6a3ab3,5,0,Unknown,,false
3228,0xcffb3999aec770293ea0fe4acedaa294518ecf43,5,0,Unknown,,false
3229,0xcfd89c0fd7eab4295e2e728fdf49578a5e905797,5,0,Unknown,,false
3230,0xcfd2bf18a6d189ae614ab548f09c42db8fb4743d,5,0,Unknown,,false
3231,0xcfcafd955d4add03230f12eed7821d309ef79ef2,5,0,Unknown,,false
3232,0xcfc9c24dcd0b3cbb04a66154f1488a845baeb53d,5,0,Unknown,,false
3233,0xcfc84cfeb5efedd8cb2df35ed835c1493bdd381d,5,0,Unknown,,false
3234,0xcfbfa2126a4ff10989cc062a4110d81a59bcddf3,5,0,Unknown,,false
3235,0xcfbc310f909a75334167892b2e42e3d62517d7fd,5,0,Unknown,,false
3236,0xcfb1382f28bd23f861e87c50e74dc9b8ffbfb1ee,5,0,Unknown,,false
3237,0xcfb10fab81b56e6f10d49e2e347fcfa902f9f737,5,0,Unknown,,false
3238,0xcf9e66a46b764dc7fcd0be50df2ecce6f3d4832b,5,0,Unknown,,false
3239,0xcf9a24418081b6ba7a7199563edc3baa5d2cc4ef,5,0,Unknown,,false
3240,0xcf8a76811f07b1745b5bd4e47b18ae7d287d3f2f,5,0,Unknown,,false
3241,0xcf821e2cbbf9ef061115cc7eaa089d5123b52927,5,0,Unknown,,false
3242,0xcf78839e5b44b52ad6a5c55a3726f4bb3a62eaeb,5,0,Unknown,,false
3243,0xcf6a219d581959caf70e12aa10f6598b7c9170f4,5,0,Unknown,,false
3244,0xcf64bc284017e1a9c74fa6514f4760b70075f9bb,5,0,Unknown,,false
3245,0xcf627853353de0e6e5ba02523330b343e039856b,5,0,Unknown,,false
3246,0xcf55f8135952abb82827d8bc401aebe4df472dd5,5,0,Unknown,,false
3247,0xcf524f1d47ba8cf6fe4b3646403c9338d7e39c13,5,0,Unknown,,false
3248,0xcf3f692f80a7f2dd75f778678dd0cf2892f383ab,5,0,Unknown,,false
3249,0xcf3e55a3222314119d58a3312e2b8c8c4ee8c7a0,5,0,Unknown,,false
3250,0xcf3527b2717347db1d65ed5e400029721e695eff,5,0,Unknown,,false
3251,0xcf29e813f4a0ce566a657318f15178c089b4fc0a,5,0,Unknown,,false
3252,0xcf2664a8c28ede2440df4e6c13b9b7002d3f980b,5,0,Unknown,,false
3253,0xcf0b1d27098ec5267e17672996309f54625be72c,5,0,Unknown,,false
3254,0xcf0ad5fef6ec89a7fba622c46af72766c652a3cf,5,0,Unknown,,false
3255,0xceddfffc77dd9e477c937b74a02b9530e234d7f3,5,0,Unknown,,false
3256,0xced626f600528541013c33f4bf57c33a11777833,5,0,Unknown,,false
3257,0xced008c28bc04f15c4c9ebcd254bec7d62c80d02,5,0,Unknown,,false
3258,0xcecb75b4f6e1199ec70c14d72d65ced48f8a8cad,5,0,Unknown,,false
3259,0xcec97aecff54372f767567312283e15499153e86,5,0,Unknown,,false
3260,0xcec2f26823193bc06f3ca43d41b76f0e5a862d12,5,0,Unknown,,false
3261,0xcec225c96bce3812e5b90cd5c96ce6a4be700613,5,0,Unknown,,false
3262,0xcec0f6fec379b296f581868ef80f7966f98cfe9f,5,0,Unknown,,false
3263,0xcebfe600adb695299a5880e53849ead8ac2dd09b,5,0,Unknown,,false
3264,0xceae0b9b8437c91a973304c50bd10bdab3afabb2,5,0,Unknown,,false
3265,0xcea925d65b88ef00efc5d400d777c09922b0b8a3,5,0,Unknown,,false
3266,0xcea57b35a08ef8f7c694452bbfd4e328e4a871ec,5,0,Unknown,,false
3267,0xce8746fb19f2f013d1cf6c5acae6ca6552c4461b,5,0,Unknown,,false
3268,0xce847e441a1e9a13e13bc4a0a96f532514d1f9f2,5,0,Unknown,,false
3269,0xce76fd65f1ad738931c7fd9c38762150cd694732,5,0,Unknown,,false
3270,0xce67c06d6e719af01823e74feb896b03ae3b12bb,5,0,Unknown,,false
3271,0xce67becb2a64cba7956e2d5b2a53a75c67c7c3dd,5,0,Unknown,,false
3272,0xce65a1bc01951e3ea7d7a3ae034b42044abdff6e,5,0,Unknown,,false
3273,0xce5f34396062c0b5e5d408fbc93ad820cec9f0e9,5,0,Unknown,,false
3274,0xce514fc32344845f3eaee5682ffeb958e0827b47,5,0,Unknown,,false
3275,0xce47a90d32a963b29be00a2653acf589135efb3a,5,0,Unknown,,false
3276,0xce3f3620c3072538fa80bcd003589ead46bb6f20,5,0,Unknown,,false
3277,0xce376157512ef60f597c24e31f0076d3877ad9de,5,0,Unknown,,false
3278,0xce2ff8241fce1bbfb34a6019a375e099905939e1,5,0,Unknown,,false
3279,0xce23c0b26d9ae3afa35598b36f4c00fe5dbdadd7,5,0,Unknown,,false
3280,0xce233a0d57e37d7db5e6e4c8dea8e6ccf64b2484,5,0,Unknown,,false
3281,0xce213b4d1b6cc4f43a89759c4777b341ee0f4582,5,0,Unknown,,false
3282,0xce0399dd5244d69f1f1a2e7da31bcace53c9f129,5,0,Unknown,,false
3283,0xcdfb29fef80f76211d73140e4372e41e19ff7e0b,5,0,Unknown,,false
3284,0xcdf31a3bb457f8218729b329f7f625aa8e552d7a,5,0,Unknown,,false
3285,0xcdf257460a37544c0359ef1e0ca1b6576b014816,5,0,Unknown,,false
3286,0xcde97defeb2a452fe660d7012bfd9c729aa2f4cd,5,0,Unknown,,false
3287,0xcde729b4d4dabd856ca2489544b532b4ed5ada87,5,0,Unknown,,false
3288,0xcdd3712b8851eaebca416420872f7d7ff8780e5a,5,0,Unknown,,false
3289,0xcdd18bacd73f6d9e4eb9a5e8469beb28aa769c1f,5,0,Unknown,,false
3290,0xcdceb11d44e76b354370ed445a8ad86bc4e41496,5,0,Unknown,,false
3291,0xcdc08c10437c7bcfbcae794c8bcef7e1cb4741e0,5,0,Unknown,,false
3292,0xcdb171f1223c6de770996ec44e6e1031f4fbdaa0,5,0,Unknown,,false
3293,0xcdac2a32816f037c20f23fb84119b1bc7a5be399,5,0,Unknown,,false
3294,0xcda38d248d96ce9ba82a38a3a9e6b8ffb1fe643a,5,0,Unknown,,false
3295,0xcda07510a00483a0e2e0bea9dfdc9cef10a96bde,5,0,Unknown,,false
3296,0xcd99d7207ad18e15b26450b7f6985d953fd51e41,5,0,Unknown,,false
3297,0xcd8c1f601980ffd4b842c2c753cecc2cd2342dbd,5,0,Unknown,,false
3298,0xcd85514ee5878214313c8f9a1d7a87637896ba8d,5,0,Unknown,,false
3299,0xcd729ad6c73345efa7693e4cccb692bd5b2ee601,5,0,Unknown,,false
3300,0xcd6f5b3fca7dbc5281fbac4206b3992164e4a5b7,5,0,Unknown,,false
3301,0xcd5fa81d397f6c56e82eeb41ea8724447d8e391c,5,0,Unknown,,false
3302,0xcd573ce8c9011b6608c501a08bfd0396a5a1b613,5,0,Unknown,,false
3303,0xcd5243de752f447144805426c7cceba7d8d3acc6,5,0,Unknown,,false
3304,0xcd4d73b340118bbaffaa52f0938294c5d17b0dad,5,0,Unknown,,false
3305,0xcd47b09dc26469db0c5c2be011b530cf98842970,5,0,Unknown,,false
3306,0xcd45a4587e80f385818a8b2cf6e869f1398a52bf,5,0,Unknown,,false
3307,0xcd3952295a7cfbc7d931074fe4f802dabc24c879,5,0,Unknown,,false
3308,0xcd3631455fda99880780be5c54d921f6d3079a2e,5,0,Unknown,,false
3309,0xcd122b3e27b9e39ce9edaac2ab5caf8270d35e98,5,0,Unknown,,false
3310,0xcd0c47e665a7673b4e3af34f25063d90a94598fb,5,0,Unknown,,false
3311,0xccf42c92d60208ac600b445b1ae490f63dd88ad1,5,0,Unknown,,false
3312,0xccf25c32dbf018cf67c839a15d894a941d82bf10,5,0,Unknown,,false
3313,0xcceb3268ed8c7bcf4d42facec34f91e3fc88ab01,5,0,Unknown,,false
3314,0xcce5f1b1c4c35f3720149c6d30d5f47617c27661,5,0,Unknown,,false
3315,0xccde5f7138ba6ed2db7cc24f50a5eeb70ea3d0c0,5,0,Unknown,,false
3316,0xccdba0cf69f9f0cb369aeb4158a0f2c888fac0dc,5,0,Unknown,,false
3317,0xccdb027d10a5f482cb59e48fe1a29f09f93a7822,5,0,Unknown,,false
3318,0xccd86a2119dd6ff5061fca1ee37d1b3146d1c8fa,5,0,Unknown,,false
3319,0xccd3806b2e1a812a666c9a203e6ee4236b83ef08,5,0,Unknown,,false
3320,0xccb998dbc27bc59984f16d63ae62e55b17615945,5,0,Unknown,,false
3321,0xcc96a073a3548c0b01fecfdc64b208b151255d7e,5,0,Unknown,,false
3322,0xcc8c65c9dee0430b6b040d71751548485f455ad8,5,0,Unknown,,false
3323,0xcc616f4ca39cc484492a4fc2ea14407bfe29ddb0,5,0,Unknown,,false
3324,0xcc59023bbf98b25946c192a6fb8b212b456ed10c,5,0,Unknown,,false
3325,0xcc54b20c3d876b91b2979af2b6a4f3e4388b92f2,5,0,Unknown,,false
3326,0xcc4a1e187cc9212daa93b5b15d0f041c6750b0ad,5,0,Unknown,,false
3327,0xcc3adac4a23cb1b799b04d543f80c73b6fdba273,5,0,Unknown,,false
3328,0xcc3878b143401d29961e5d4d01a635366533f9e6,5,0,Unknown,,false
3329,0xcc1ac117836bcf0662e42c7bef42a1aeb759b4e8,5,0,Unknown,,false
3330,0xcbfe28bec0d908c11eee307436378d1c942dac3b,5,0,Unknown,,false
3331,0xcbf61c99ce899519635df8e8c11fad576c088e21,5,0,Unknown,,false
3332,0xcbf1bed95305b444c3e7243edbeb8dca7d4a50a1,5,0,Unknown,,false
3333,0xcbedf7e167fea55092b4a2c6605493114346e9e9,5,0,Unknown,,false
3334,0xcbe5b93296c152f690beaf3fb83521c0a2ada48a,5,0,Unknown,,false
3335,0xcbda9b181ed2a47021dc169a545b0475720dc5d1,5,0,Unknown,,false
3336,0xcbd835cf1eb94ec6bb0d03902dda071f7869d3d5,5,0,Unknown,,false
3337,0xcbd7d50133d093bc0d0112d3b1514c159f433ea4,5,0,Unknown,,false
3338,0xcbd3a0f773c838c84e95646d32beec89ef6b4f76,5,0,Unknown,,false
3339,0xcbd1db0f59c4cf7c507b16f837d79ee62bea95b6,5,0,Unknown,,false
3340,0xcbc8f6c5d5e2377b7f71355b22005594fbf2c2f2,5,0,Unknown,,false
3341,0xcbc339bfe96dc578a7cf5a720fbc245d2f1cc26a,5,0,Unknown,,false
3342,0xcbbbe7cb3a5333256e8dc5217c802812e39d4946,5,0,Unknown,,false
3343,0xcbbab85ced6907183d324a165b1c509505e927b8,5,0,Unknown,,false
3344,0xcbb9ed23b18259af563cd9e06d5f2f6b716f59c2,5,0,Unknown,,false
3345,0xcba2f969a24a20aafcdde79caa18946cf9d495e3,5,0,Unknown,,false
3346,0xcb9b636720db4bdd520869e3814589da0ff69100,5,0,Unknown,,false
3347,0xcb8fb7c508c8fe7a746a7ba8ec4a63396aa69970,5,0,Unknown,,false
3348,0xcb8a8562e8edea62aad0197967b4086107c09f01,5,0,Unknown,,false
3349,0xcb86795238e22b792683673d1bd81f8e297fe0a3,5,0,Unknown,,false
3350,0xcb83649e2820e6938024ed2fbc1caae45064534b,5,0,Unknown,,false
3351,0xcb681ea1ee8c770dfc1e4aae890a85b0eb4ab252,5,0,Unknown,,false
3352,0xcb640e0cb63924bd3a7ba4fce983cd999c560635,5,0,Unknown,,false
3353,0xcb5e0c9a8632c45eff003256e02144cdcfe2749c,5,0,Unknown,,false
3354,0xcb48b121007889435eee6e0b31379e1d6629b1fd,5,0,Unknown,,false
3355,0xcb464f9867b6f9c14d387a74081b8a94f60bd4c7,5,0,Unknown,,false
3356,0xcb45c7fcf1448a083e8b3b9f9f2e09df4ac1e562,5,0,Unknown,,false
3357,0xcb43dabaf91c39658c1dfec1e0cfa3860c5da82e,5,0,Unknown,,false
3358,0xcb41df90a0b211bce0329f72ee1bcca913177059,5,0,Unknown,,false
3359,0xcb32d6db54aa739829742badc4ea0b965a225eb2,5,0,Unknown,,false
3360,0xcb26d1cd5c21684a9f0aefb6232018be765266d8,5,0,Unknown,,false
3361,0xcb23e549a953f6e3427959a25954870c453d0be9,5,0,Unknown,,false
3362,0xcb1c61a56afe6c90aa6728f0fbf9ccbb7b03c6d7,5,0,Unknown,,false
3363,0xcb18c8da5beca1bccddad06d7a122bd8b99e0498,5,0,Unknown,,false
3364,0xcb0f1b3ad5133ab97d7ddcd5704bcc66cd32b5ac,5,0,Unknown,,false
3365,0xcb0b2d1c831b9e08393bf3653709e38d649d7b60,5,0,Unknown,,false
3366,0xcb05748f0aac31ab16e0258a9eab1e9a51e84ea8,5,0,Unknown,,false
3367,0xcaf5d350c121c269a533d3734607ea11f8800abc,5,0,Unknown,,false
3368,0xcadd3556c9a24f75180b88c432bbc280d281cd2b,5,0,Unknown,,false
3369,0xcada14e282c115702645966f9f2ae8f895053e44,5,0,Unknown,,false
3370,0xcaceca51e4abc73137856a908a6473ba7fb08dc7,5,0,Unknown,,false
3371,0xca9a7bb24970de191f2132a466c945c7637c29dc,5,0,Unknown,,false
3372,0xca9475b3133b7f2ee15c74a048a581277d203007,5,0,Unknown,,false
3373,0xca910d8c0877a996725ab4f65c135233453d3811,5,0,Unknown,,false
3374,0xca87058000b2a4551660d0edb7253c495fb0a11f,5,0,Unknown,,false
3375,0xca84418ba446058dcb61e01ff0e866c50959e19e,5,0,Unknown,,false
3376,0xca7a779a8bdb7bb62ab2692e7cf2cf1a5b2a68e2,5,0,Unknown,,false
3377,0xca79996107685deaf960d3de18d76f6235a333de,5,0,Unknown,,false
3378,0xca725c048db789b15839e069d9c0ad14ee229856,5,0,Unknown,,false
3379,0xca6520268a8d356ae727b988f25a4915fbff65ad,5,0,Unknown,,false
3380,0xca6199f61c1c0c0315c28939a725984aa0635eb3,5,0,Unknown,,false
3381,0xca55bdcd03be92cb7ab8c01ad7e9de2b8a741174,5,0,Unknown,,false
3382,0xca4dda9c2b027cbeaed4a38207b036e2d5aed355,5,0,Unknown,,false
3383,0xca45eab8f0731dbd4df049b8fc0ef33702a41d11,5,0,Unknown,,false
3384,0xca31cc7868a50748bc50aba47eacf9ff9709157c,5,0,Unknown,,false
3385,0xca2cea91731847b5463d03172178173ab64a0abb,5,0,Unknown,,false
3386,0xca2a724989cef857dc3684ed7b7a7c24e80accc5,5,0,Unknown,,false
3387,0xca2515819c9d1a41146be215abde30432fb0f86f,5,0,Unknown,,false
3388,0xca1cd917469c76f6881c6452fd78d8d4dc3be888,5,0,Unknown,,false
3389,0xca1c403ff27c24549824cb795e7fa5365da5fe82,5,0,Unknown,,false
3390,0xca064a14df4b668bb05b93dc70e757708d18faad,5,0,Unknown,,false
3391,0xca05e33f45d528bf7f64b4190b2c9c5a44b07bde,5,0,Unknown,,false
3392,0xc9f685c4cb236cdd8589853712d5df1ed4b2c106,5,0,Unknown,,false
3393,0xc9cbb6986db380be453cbae3a5eec85446af3083,5,0,Unknown,,false
3394,0xc9c760ee770ed690774dfb2dff5a7c4f495001e3,5,0,Unknown,,false
3395,0xc9c305502baa99733e60a3837e97ab19c10a1b00,5,0,Unknown,,false
3396,0xc9b8d6750c15cf22ed9248f9f804c418e3b382a1,5,0,Unknown,,false
3397,0xc9b591ee4e12392b2a83e9bd4b3d9fe38339a119,5,0,Unknown,,false
3398,0xc98f4ad4842b9cb0fb3c0615a85bad9e8d9eaed8,5,0,Unknown,,false
3399,0xc989df4c6abf1d8bd0b88c63ed247a81bde82c1a,5,0,Unknown,,false
3400,0xc980e49e0d9e5ef498a7aa95d7d3b6f8355f9d0d,5,0,Unknown,,false
3401,0xc977e37500a7cc758eeb6084ec189b61f9c21338,5,0,Unknown,,false
3402,0xc9755603ab6a90dd6cc5d8a78d6eedeb766ea2c0,5,0,Unknown,,false
3403,0xc96fc687de2ba194eeed9c44fde42b53560149ef,5,0,Unknown,,false
3404,0xc96b77fd9bf693728442816f7c2b2d8824fba1d0,5,0,Unknown,,false
3405,0xc96959bc28fb64cc000bf12decfe9965af28088f,5,0,Unknown,,false
3406,0xc968104bd490ef043d4b47704a95f8f98aa15466,5,0,Unknown,,false
3407,0xc96719537c6a4924cf94a1ec150642440c19814c,5,0,Unknown,,false
3408,0xc9640e75e9c136bee56c7302a2adc17a27d3d21a,5,0,Unknown,,false
3409,0xc9532c17a0959ab5a6ce708924a798786fab2873,5,0,Unknown,,false
3410,0xc94c6de098dc812efd0f7282ac54dc7465de7516,5,0,Unknown,,false
3411,0xc94b90c11216d30c2482bdc021378c74c44eb66a,5,0,Unknown,,false
3412,0xc94a33eee758291d66bf5280bb02005ec0a05acb,5,0,Unknown,,false
3413,0xc9498397bc72c1ccfe1cad572afbbe06cbf14962,5,0,Unknown,,false
3414,0xc948a851167c1db8a7b50eb7f990da7e428cb9cb,5,0,Unknown,,false
3415,0xc93d1ddac2009336ee3fb42cd7d4df8ede107eb8,5,0,Unknown,,false
3416,0xc920e9d5dec638f4f3acb401ce500d0ad74bfd8f,5,0,Unknown,,false
3417,0xc91caed248e018ad8d8834eb817ee9b7778482d5,5,0,Unknown,,false
3418,0xc91836de41735fcab0e2b68847611dab85505264,5,0,Unknown,,false
3419,0xc903f31876f3a89495cb4c30e99f295407f82f69,5,0,Unknown,,false
3420,0xc8fe6dbdf6cc64d9d24532dc4b8d2de39eb488e5,5,0,Unknown,,false
3421,0xc8f79ebe0dc6d5ebc1599c36d2374693e4e77a15,5,0,Unknown,,false
3422,0xc8e83602fd96a39b39d5473dba4cab676e968b2a,5,0,Unknown,,false
3423,0xc8da2356361f8adbb0a7821b58cffa753036a20c,5,0,Unknown,,false
3424,0xc8d2f03ad75d41188774f485101282dd235ee1e4,5,0,Unknown,,false
3425,0xc8ce74c5628b478d8f4f0d88454ae90b091cb465,5,0,Unknown,,false
3426,0xc8cd5f9f4638de8a24f4607b43e2be9728e7e5c9,5,0,Unknown,,false
3427,0xc8cba1f685c0d1f015406ebfabbf79e477a33b5a,5,0,Unknown,,false
3428,0xc8cacac36472a9b8c17cd739dcf0d645b86b5a0d,5,0,Unknown,,false
3429,0xc8b4eb153f4d08b7f125e47317409d10a0bf98f7,5,0,Unknown,,false
3430,0xc8b3e2a6c558333c0f35f96cc756fdae68a59248,5,0,Unknown,,false
3431,0xc8b334dc9a0417232c62c3df84311fa8abf3d0c9,5,0,Unknown,,false
3432,0xc8aaf7e80ff75d51089c6803b7a7502ccf02d271,5,0,Unknown,,false
3433,0xc89bcf2ceaf09a123e616c96aa8af081c3de69f8,5,0,Unknown,,false
3434,0xc898cc7a884ec867e38734c35959e6146d4f4434,5,0,Unknown,,false
3435,0xc88dc38e9319b34b80b573433a4ec11eed8fec9c,5,0,Unknown,,false
3436,0xc88c3d0a42b1216081fb45e027cf9f22b942a9ad,5,0,Unknown,,false
3437,0xc87666cc1fee814abbafa63be69ebdacaa5de798,5,0,Unknown,,false
3438,0xc86d6ec99e9f0818a60eeb620d5e7ba089672dfc,5,0,Unknown,,false
3439,0xc8672f1d7a37018953e48106bad923dd1053b7e9,5,0,Unknown,,false
3440,0xc8601e216c402a499fa458405714e2d62073e54d,5,0,Unknown,,false
3441,0xc85f2cf953edd9a4cce5c62c631968b9475d6ef1,5,0,Unknown,,false
3442,0xc84fca0492c49c0b80eaa9cb1f59a0b5eacc0d92,5,0,Unknown,,false
3443,0xc84d08a69e765fafd9c435c714eafb316dea13bc,5,0,Unknown,,false
3444,0xc84bfa6b11a8a7fff377b00d91a673e39799ff3d,5,0,Unknown,,false
3445,0xc829539031df24655e8a424d6b781dae3c34e8a9,5,0,Unknown,,false
3446,0xc81631751d2436aa174b56d70cf713229d7690a2,5,0,Unknown,,false
3447,0xc8161697df486b6ded604b93b093b0d792fe33a3,5,0,Unknown,,false
3448,0xc812e876b5b6deae8a2788da318071714d5a4c98,5,0,Unknown,,false
3449,0xc806335a856a20b43d26f7c8921048768f177426,5,0,Unknown,,false
3450,0xc7f40e5162df4a6364d5dbb595ffb6cfbe3a1978,5,0,Unknown,,false
3451,0xc7f392b07f610aa1f7d1be951131bea432fdccde,5,0,Unknown,,false
3452,0xc7f277bd7e10f43273ee9afcf7335f5fef506d41,5,0,Unknown,,false
3453,0xc7eab3a14aff770b29398e290366f213b57d4c4a,5,0,Unknown,,false
3454,0xc7e08f968850af368adb5e5e59eef5130e745492,5,0,Unknown,,false
3455,0xc7db42a6a60ed919a931927f0be3af88c9ca37f7,5,0,Unknown,,false
3456,0xc7c7db269ed966913f89cbf1bbb3cb3b3000c744,5,0,Unknown,,false
3457,0xc7bd0a7a268501456f8f6918fa2e0ed0bb337949,5,0,Unknown,,false
3458,0xc7b069d48858203a86777469b878e30cd9c77a1d,5,0,Unknown,,false
3459,0xc7ad89b8706cbadffee6e0404791a86760b0b0a9,5,0,Unknown,,false
3460,0xc798710797131ebe9ef91c4d7788697f034c3333,5,0,Unknown,,false
3461,0xc79540dcaa6016ca578a8c125cb64074994678e0,5,0,Unknown,,false
3462,0xc7844ec2204b11da9ef8747baa1730a0d59cfc62,5,0,Unknown,,false
3463,0xc781a0f5c8efb880fd4911d037f6073d0f903eec,5,0,Unknown,,false
3464,0xc7775bfb39feec458470114afc0dbdb499ebd53e,5,0,Unknown,,false
3465,0xc76e0a8f687ac7c0765e441e08c55171ccbcbb2d,5,0,Unknown,,false
3466,0xc768c0fed029f0bf280da6735e967c66de205357,5,0,Unknown,,false
3467,0xc76804e789f0914a26210c4a09ec1e6afcfece7e,5,0,Unknown,,false
3468,0xc7651f82ea477e179556893895ec11778b539401,5,0,Unknown,,false
3469,0xc757b7aad3ca154cc324ee5d8bb0f7f7cb465d1f,5,0,Unknown,,false
3470,0xc74c15807b791200eff9cedea12a37da9295c7c3,5,0,Unknown,,false
3471,0xc740736d030cf378bcd369f7b9946e70772bcd2b,5,0,Unknown,,false
3472,0xc7401bc237d30ccd4109c1b82791db2ce179ec63,5,0,Unknown,,false
3473,0xc73dbbf1636f5f2ec66c5f6508778e90b5db8920,5,0,Unknown,,false
3474,0xc735aa9589fb5eed742ea9fbf191b445570d2119,5,0,Unknown,,false
3475,0xc7358dcc1d2738ad3f05b0f0b6a27b90fdca44f2,5,0,Unknown,,false
3476,0xc730fb6adf08531e2788cf84f7d5b633d2e16415,5,0,Unknown,,false
3477,0xc726f7cc22e9ce8c63cf4cb6236f4b0cccd29a6f,5,0,Unknown,,false
3478,0xc724a60591be99a392c27b345c6c5650cffe7c8d,5,0,Unknown,,false
3479,0xc72002eda7ca7ac77ff9f7751be620242ed957e1,5,0,Unknown,,false
3480,0xc71dcf9b67f9cfbc062b0a199ffee05614b3df00,5,0,Unknown,,false
3481,0xc719d8ebde1704abdcae8a888fe8f71eca9a1f19,5,0,Unknown,,false
3482,0xc71606c6a8de76ca633dc4f84ba45de43a7d1c62,5,0,Unknown,,false
3483,0xc711cba8a45a54d6758d7f8f1b8f3c369112e31c,5,0,Unknown,,false
3484,0xc70860ad3fdabb73fc755cbe5576492580a16c2c,5,0,Unknown,,false
3485,0xc6ef4db4c89f2f916d05451e30ebe66a3bb973e7,5,0,Unknown,,false
3486,0xc6e19fc109c0e55c8b25526453e238d7bc50534a,5,0,Unknown,,false
3487,0xc6d81af474d3e2abe5386310e07d67530e467f59,5,0,Unknown,,false
3488,0xc6d683568ead1e51391d757219b91e543cbbf7d7,5,0,Unknown,,false
3489,0xc6d186a95270163557b6b1d5e57ab326e61ea803,5,0,Unknown,,false
3490,0xc6cd39cf5fd0890bbf500c53b2f0b9417e9b5d55,5,0,Unknown,,false
3491,0xc6b2f0114c49a51956a3335b5b9d6a0121ac42ad,5,0,Unknown,,false
3492,0xc6adcbfb8df649447fd86b9eb59c5736cb036ec9,5,0,Unknown,,false
3493,0xc6a6fe36f17c91985ab17b3e22bc3c3e3db34349,5,0,Unknown,,false
3494,0xc6a21886e3a100c410d5177f744a698f15245218,5,0,Unknown,,false
3495,0xc69930496409df334c67f306615253eec2a177fb,5,0,Unknown,,false
3496,0xc684ca6f632dfb1648b1608a2972425931092c84,5,0,Unknown,,false
3497,0xc670e620ed06657535bf645e1a46f0828c978979,5,0,Unknown,,false
3498,0xc667daba1cd020c9f995e1db8d3c1480be9ba994,5,0,Unknown,,false
3499,0xc666e1664c09790d9052a0ac1416faa61f55318a,5,0,Unknown,,false
3500,0xc661b3f9ab9d9e08ec7b5f3195f3a97b60ac0bd5,5,0,Unknown,,false
3501,0xc65b33503849dea1407aaef3dd02a1d39a0f3201,5,0,Unknown,,false
3502,0xc6515fdab85db5e5b800bb99adaac139d49893b2,5,0,Unknown,,false
3503,0xc6274e1a2388ffaff43cbdf6788fa03cfe34e96f,5,0,Unknown,,false
3504,0xc60f3b387c1397b5eaa3389f761869fca97eb140,5,0,Unknown,,false
3505,0xc60c260ebde608b26ee5f483f98704ab31533924,5,0,Unknown,,false
3506,0xc5f1dec6aaf401b111d0588613cd61faea779f53,5,0,Unknown,,false
3507,0xc5dd0e475de1c99b0c0c9c16b639618a2b7c4f86,5,0,Unknown,,false
3508,0xc5daf0c295ab9ddcc9978740dadcb36a1b280e65,5,0,Unknown,,false
3509,0xc5dad0b7837a7ec1d97763726d0fad9cd8d8eb1b,5,0,Unknown,,false
3510,0xc5d54be7c3fcb8205f16a7fd527c9705c938f418,5,0,Unknown,,false
3511,0xc5cdcbafe29eb8f559cf94aa2139d562cf423fb1,5,0,Unknown,,false
3512,0xc5c4c626656612c30f51524b10f370d41c2c0cf4,5,0,Unknown,,false
3513,0xc5a9d98cbcff4d00a81d3aa209cb054a126e7051,5,0,Unknown,,false
3514,0xc5a78fc384e60cb8bb66e844193c0ff15def9284,5,0,Unknown,,false
3515,0xc5a36fde51eef815bf9fb084ef7b8cd94fc9134a,5,0,Unknown,,false
3516,0xc597e8ea0833d6a987bca5fbc9754c140c1f0bf5,5,0,Unknown,,false
3517,0xc596ece8b80372d5686123ddf9d44ff0082c964d,5,0,Unknown,,false
3518,0xc5813b0973493e1279201737ab7d2d5bc61b020f,5,0,Unknown,,false
3519,0xc56aa649db4c50c976356de11eaed00a4a09542b,5,0,Unknown,,false
3520,0xc5609597cbe39a73f6960a5841d315b539904a2e,5,0,Unknown,,false
3521,0xc559bea0b3da2a5203fbef638d1324847c452442,5,0,Unknown,,false
3522,0xc554aad6aa9b674e75b743631b17ad92d0e198bf,5,0,Unknown,,false
3523,0xc54964a359529507a306b66d3323790d655722a8,5,0,Unknown,,false
3524,0xc5450b9f5447324ff85b95958d1d3dd5e70c3a8c,5,0,Unknown,,false
3525,0xc53f5acd68f0975c7ba7021e023f1c138935dd4e,5,0,Unknown,,false
3526,0xc53df33647d5f2ba7e13fca2cba174d59029493c,5,0,Unknown,,false
3527,0xc53b0cf126dc0f36b2ed64d4d5a67a13bd70786d,5,0,Unknown,,false
3528,0xc53a3f50d756f24a7d0a0d7a8635226bccf31d49,5,0,Unknown,,false
3529,0xc534c052f8bb135b94ad15b84fd21e5f82f1476a,5,0,Unknown,,false
3530,0xc520a2c0b7791e6b13107e8d2de46b4b2ad561e4,5,0,Unknown,,false
3531,0xc516d93631b530912e74be6fc76002ae4efa9d1a,5,0,Unknown,,false
3532,0xc50c0e895c1965072db513f8957efeb273ad695d,5,0,Unknown,,false
3533,0xc508a5f3d0438e6dbe5ae10099083faf21cdacfc,5,0,Unknown,,false
3534,0xc4ee4f876538160cf717b12848832d89ffd41a04,5,0,Unknown,,false
3535,0xc4e81b16f148d4c29e133931bbbd470997491bd4,5,0,Unknown,,false
3536,0xc4d1f7cf5042d27dee6f719d3c743f06c9adf66c,5,0,Unknown,,false
3537,0xc4d16dcb4e5e7be2d5671a0d47d7e2f62ce26e0b,5,0,Unknown,,false
3538,0xc4cd896a4731f42cbf3d6363c1a2a08177375519,5,0,Unknown,,false
3539,0xc4c952cbdc6b58a52ea945550eab73ba6aed3328,5,0,Unknown,,false
3540,0xc4c5925647deb95cd152ab59db4d2f0ad05fa35b,5,0,Unknown,,false
3541,0xc4c4d1f5af21214e1a9fb5bda88cc56842eb23ad,5,0,Unknown,,false
3542,0xc4c41c6472a8df596b7ecc6a45cfc99b8f58be2f,5,0,Unknown,,false
3543,0xc4c3fe911cd57f590d812704b4caa08e51b110aa,5,0,Unknown,,false
3544,0xc4c0d125015b67c198ed581f64bff2a57c684d0f,5,0,Unknown,,false
3545,0xc4ac8ee8eb2556f3b08cd5c733376c4c56dec631,5,0,Unknown,,false
3546,0xc4ac0a5903a0bc72134efc56c0d81aa47a26c8b4,5,0,Unknown,,false
3547,0xc4a7833f79915f15817b3d0f821ad55995acb285,5,0,Unknown,,false
3548,0xc4a7130d802f7151d1248c0af603d24870c450fd,5,0,Unknown,,false
3549,0xc4a2a3dd7c1f6a87793acf54b0a2d137576d7bf2,5,0,Unknown,,false
3550,0xc49f93b1fc4e07eef25e1754e2ee340f80fc4be3,5,0,Unknown,,false
3551,0xc498086b8b6aaf1ca579057ff64f029dab94a019,5,0,Unknown,,false
3552,0xc491b0cbe45b2a427baa18d6ccbfa166dbbbc02f,5,0,Unknown,,false
3553,0xc48c1922a13b4a961369c90261f633e7b50f56ef,5,0,Unknown,,false
3554,0xc483fb364860eb6f133728f35d360c5274b0629c,5,0,Unknown,,false
3555,0xc48090f832cc9e8d3fac66ae2fc87608d1e262fe,5,0,Unknown,,false
3556,0xc4697ca52050937018e776174f32a93488208f4c,5,0,Unknown,,false
3557,0xc459dfdbef1ee9ec7e95f9734a2854eb8a5433cd,5,0,Unknown,,false
3558,0xc4531c98a8e107419e288ce0b8dcd09f92988cf0,5,0,Unknown,,false
3559,0xc43a925ea4e3b5ea7a355c0a5feb34f1bc5943bd,5,0,Unknown,,false
3560,0xc41ebf2293a3edc116fad5e7bf14d6a236705df4,5,0,Unknown,,false
3561,0xc419b584269143fe672f5ea3d9d802a071f3cbfc,5,0,Unknown,,false
3562,0xc416a6209071692af69bb08f266a0e5784ec6f9a,5,0,Unknown,,false
3563,0xc410576f15025c2fda6e46a9077f516cedbf7cd9,5,0,Unknown,,false
3564,0xc408e6365883fb4223f8c63ba35d218251e9db6a,5,0,Unknown,,false
3565,0xc3f4fbe084b77785aa5133e2a7dac466de554da9,5,0,Unknown,,false
3566,0xc3effad03d64782ff2c19c5bd79d1a836112d8a3,5,0,Unknown,,false
3567,0xc3ecbbd036f7a7a879765e8bd8a4a3bcd7981a9a,5,0,Unknown,,false
3568,0xc3ec0a8a1440e2e7bad6c69df0834c039f4a9fc9,5,0,Unknown,,false
3569,0xc3e8bfb70421f4b04862836ba037428d02e7f4d4,5,0,Unknown,,false
3570,0xc3ccb3511266cf62d9d0982a97050b77231722e9,5,0,Unknown,,false
3571,0xc3cbf3bb6e0859aa5b92c22552369a8057edd690,5,0,Unknown,,false
3572,0xc3ca53d4b49f36592a3f99034f77ef25456333bf,5,0,Unknown,,false
3573,0xc3c35a1ff0fb4b620406a048f5e172f2c621fc1f,5,0,Unknown,,false
3574,0xc3b7a7eb08f38bf6042c5f3c43212a48da45b9c9,5,0,Unknown,,false
3575,0xc3b5483246107d3a9fe2b6d147f10b828649644b,5,0,Unknown,,false
3576,0xc3b4184fde7ef0be2dc523b044081dc857690d3c,5,0,Unknown,,false
3577,0xc3ad63e352ba71d3ca1dc804bb1d29b8b38936b5,5,0,Unknown,,false
3578,0xc3a883f38086193b83f4da516259093f7d0c4f0c,5,0,Unknown,,false
3579,0xc3a6905afd4a12637c4c917492b38128463a4e1a,5,0,Unknown,,false
3580,0xc39506ab30fb98f0f8288710a0b711065e14afb4,5,0,Unknown,,false
3581,0xc383df070efdf622bd1fc3a60c75862370073486,5,0,Unknown,,false
3582,0xc366cc10943c85bbda22e75c94e41a81d9077c15,5,0,Unknown,,false
3583,0xc35955f061820ab02a0da761e1ffb3116ab6d809,5,0,Unknown,,false
3584,0xc3563a4b6b67b6c46d71af38c66de7f5da0dd5ae,5,0,Unknown,,false
3585,0xc3522b4e2b32790819f42b1448653a54f2592a8e,5,0,Unknown,,false
3586,0xc350d06c5591489a9d32100151bf239a81c4bf1b,5,0,Unknown,,false
3587,0xc34fd02f85357a863fe4a7bf729c0695338aad89,5,0,Unknown,,false
3588,0xc34ccce02a7fb46ec480cc353740e14518f30e50,5,0,Unknown,,false
3589,0xc32c3bf5712381a326ead45cfc5d787c24ed0185,5,0,Unknown,,false
3590,0xc31b111bc5b5ca40e9909ef51b2eed6433eaff18,5,0,Unknown,,false
3591,0xc31aacc8f98116cf7d5d17dc711343151d676a6a,5,0,Unknown,,false
3592,0xc30ff17c2d3c57c355ea97767b3b3aeb6e258630,5,0,Unknown,,false
3593,0xc2fae4f5eb6ef17118aa1f44b1da46d91805c2d9,5,0,Unknown,,false
3594,0xc2f27d654a9d6bf0a41c652e2a280eafe068f319,5,0,Unknown,,false
3595,0xc2df24635d1f83a8cc75995aae2574b5445d1550,5,0,Unknown,,false
3596,0xc2db4da509a2910294164bf22642e0467765a3a9,5,0,Unknown,,false
3597,0xc2ab1748dc3984a7bd63ffbc0645514dfc80d637,5,0,Unknown,,false
3598,0xc2a909303cdcae0339189bf8d2a2bf59aef092f5,5,0,Unknown,,false
3599,0xc2a3f5e0c56f0293d684f14dec98f89d818caa75,5,0,Unknown,,false
3600,0xc2934b4bfd8ff44e80476a9481c9d6ba002e2aa8,5,0,Unknown,,false
3601,0xc28d93d2c13805fe4377afc97652952c9f61b962,5,0,Unknown,,false
3602,0xc287b2f3883608fa6f42eb01caff1ff4cfb4cbc9,5,0,Unknown,,false
3603,0xc27a98df33017e39eb3f0cea56d2b159d66d30fa,5,0,Unknown,,false
3604,0xc2741e1fbb93123f1287a61ac6b59fbb590c689d,5,0,Unknown,,false
3605,0xc26c7a6e8d5f54e4bf3b08a75154a5098cb7a765,5,0,Unknown,,false
3606,0xc26b071d3909d1459a7b73134656d4afeb1498cc,5,0,Unknown,,false
3607,0xc26768535284bdd5d6a3c335c49e91b80f53f0d8,5,0,Unknown,,false
3608,0xc2637a2569706f911bf1cee1b205b06923300c1f,5,0,Unknown,,false
3609,0xc24c875bc36a82351d533ecc2bcbae26bd062cff,5,0,Unknown,,false
3610,0xc24b00e2b115620f125449fdac80ab08c31feed7,5,0,Unknown,,false
3611,0xc2420243248d33dd68b6985f28f0648067d289ea,5,0,Unknown,,false
3612,0xc241151be891e21979094aea0bc5b25150e6aabe,5,0,Unknown,,false
3613,0xc236e3ac73a1eb8fba34771f0e34b0887f9e7eaa,5,0,Unknown,,false
3614,0xc23477e9d3b0af641fbf4e2e92cfb5f96a074330,5,0,Unknown,,false
3615,0xc23016f048a9c0c07e33ec84ed110d3fd04eff34,5,0,Unknown,,false
3616,0xc22e7ab80375dab1a19d5374d599f3e77979d223,5,0,Unknown,,false
3617,0xc22104324c61b755d81a984a7bb1a84062f6c1ff,5,0,Unknown,,false
3618,0xc210edd56412e8f5fdfbaa41f95cf2f3e402d4eb,5,0,Unknown,,false
3619,0xc20d772e4b3783d892cf3ad6fb95441e625eb980,5,0,Unknown,,false
3620,0xc1f4f90a4fdafe1c646dcd91c2ded0006a8380a9,5,0,Unknown,,false
3621,0xc1f3a43fb29543a939978dbddfc1de1dd59c4fc3,5,0,Unknown,,false
3622,0xc1f08022a7cd707147fbda5af2a4d016526677c4,5,0,Unknown,,false
3623,0xc1e5d3ed49f918d4f5e12757e13f44bca2a23533,5,0,Unknown,,false
3624,0xc1d18b5a48bfc2891a8d672e4150af658b79cca1,5,0,Unknown,,false
3625,0xc1cdfdcb3596249a8e72a1709376e81b9d8a89bf,5,0,Unknown,,false
3626,0xc1ca5b9014856577e5d93d740bdb069a37ee6ee5,5,0,Unknown,,false
3627,0xc1bbb5c9902a953be4e9ff5bb85602da71597ce5,5,0,Unknown,,false
3628,0xc1ae8896cc34182effe895ff4b8d0092187d46b3,5,0,Unknown,,false
3629,0xc1acbe15cd143e5c65d7bf8ee4e6611ade8a2d12,5,0,Unknown,,false
3630,0xc1a44a45269d5699cd5ec9dce1f25615ce42eb68,5,0,Unknown,,false
3631,0xc19258db8916c96903131ae9063a0fe751060301,5,0,Unknown,,false
3632,0xc190a96a8fde277abaccfefbed7c7eaa58c4d718,5,0,Unknown,,false
3633,0xc1855825eec5a74f25dcb357f83b904ac6bf1efa,5,0,Unknown,,false
3634,0xc17c1ae9a584a7079693ec681d5de68cbec919ae,5,0,Unknown,,false
3635,0xc1760485e697661b01496f08dcbc0e67fcb06aa4,5,0,Unknown,,false
3636,0xc16fe82430a2b141c89fa0a4adb718c4ab9d9af2,5,0,Unknown,,false
3637,0xc1595af4c17cfbe7042aa958efd8dfbbbedb447f,5,0,Unknown,,false
3638,0xc1530243f65b2d3521c681849beae9bc662465b0,5,0,Unknown,,false
3639,0xc14f7cd1821b044b697a4ee542f42e0ea59760ff,5,0,Unknown,,false
3640,0xc14cb25bc380ad1f5cafb40557af525c97360a8b,5,0,Unknown,,false
3641,0xc148dd117f7dd334117fed8516d7dd6d99e90e67,5,0,Unknown,,false
3642,0xc14728e5b6478d7eb9136579d1de3795c6d885c2,5,0,Unknown,,false
3643,0xc12868d95fadf43144d0c38232955e33e13ec3e0,5,0,Unknown,,false
3644,0xc124f42cdb6eb4f8b2a6d45911256a582cffbbaf,5,0,Unknown,,false
3645,0xc114ea8cdb4c754b1efa221b42d6a46095c975c0,5,0,Unknown,,false
3646,0xc111010b6f4634b585e038e6dc30972e1d471c5c,5,0,Unknown,,false
3647,0xc10d0e55d089350af38736e965c45843d6e6b121,5,0,Unknown,,false
3648,0xc10c9fdc6924b2d16bd1db330e3d0467561fe805,5,0,Unknown,,false
3649,0xc10a2aca88e899042a3bb41a33ad7036471bc57b,5,0,Unknown,,false
3650,0xc1086f8a37bf69d74fac06f2aa27df609a245b10,5,0,Unknown,,false
3651,0xc101e83b3705f4ed51debca484bc211f94a2d218,5,0,Unknown,,false
3652,0xc0f8b6131929f1805685d2c60b6eaf4d05d88193,5,0,Unknown,,false
3653,0xc0f3134c69a95c1a28c9c1188b28e5ac40711be1,5,0,Unknown,,false
3654,0xc0f1e8a332b48a276ca94e58c9bee1431f76c34a,5,0,Unknown,,false
3655,0xc0e578eec2f9d5de659ae77f847358bbc23c8f7c,5,0,Unknown,,false
3656,0xc0e571385b5c8a7dca0e9d333ce9f35aeab22d80,5,0,Unknown,,false
3657,0xc0e201fdd08b5ea057007a82bfa56433b517e01b,5,0,Unknown,,false
3658,0xc0d7b04a7fb4e824756edcb4766c3c5547e22896,5,0,Unknown,,false
3659,0xc0d1241e0ec44569f3b0c552a0ff7ea9cd0601fb,5,0,Unknown,,false
3660,0xc0ca284a4c0e19198b69187426d1eea038306ac1,5,0,Unknown,,false
3661,0xc0c44feb1987f86c58bf6ae69a2380be21768e83,5,0,Unknown,,false
3662,0xc0bab780ce26b5d1f36da4a7cf5605d30caddb9e,5,0,Unknown,,false
3663,0xc0b00ac391c9bdb2fc462d8342f78d2a087928ab,5,0,Unknown,,false
3664,0xc09a97f212d665f3c6228436942e3c411f3d4e87,5,0,Unknown,,false
3665,0xc08e442bef0d4767b88fca6b588f797b9b954d95,5,0,Unknown,,false
3666,0xc08a7e31790d1951e31abe9439fbc75cf4f4dbd9,5,0,Unknown,,false
3667,0xc07897ad480c5901c407a5a0299d2aefb09947ef,5,0,Unknown,,false
3668,0xc0639d9f3d8133a6e4e86b6ff38afab4e4f56ec4,5,0,Unknown,,false
3669,0xc05d3293541d5fed675c8b28fa5764f49b1e019c,5,0,Unknown,,false
3670,0xc04f593bd44d3c4be735c9a1ef35cb3fd33f9ef3,5,0,Unknown,,false
3671,0xc03fe9fccbe52469d3730f6de793fd8c730c1156,5,0,Unknown,,false
3672,0xc0309c6963c3c91b59401b088a12568171e6281a,5,0,Unknown,,false
3673,0xc01ceeca789f9debc69072f948288a6cab96b54b,5,0,Unknown,,false
3674,0xc013bfe65a81a8f277a9a020a9bd91d8d0c245e5,5,0,Unknown,,false
3675,0xc00ac29592be5821fb56114bd470efc45946e3ec,5,0,Unknown,,false
3676,0xc0061fb54bf5508afdb6e5a2245c35f071834f2d,5,0,Unknown,,false
3677,0xc0017e97742a5c83a4c014148889ad50a0b94cb4,5,0,Unknown,,false
3678,0xbffdd90f545c4caf69a767639e4a63183f799c2a,5,0,Unknown,,false
3679,0xbfd65ec3982b9cb85c793748116c5f4241ec35b2,5,0,Unknown,,false
3680,0xbfd1ec0e8bd2824780749ba39e8ce544d91c23cf,5,0,Unknown,,false
3681,0xbfc5c89342fd4a2b446ba14c69674746ccbbf2bc,5,0,Unknown,,false
3682,0xbfb76c696ef4a55ed6a6b441967faad54ae95407,5,0,Unknown,,false
3683,0xbfb73239ba18bfdcb1062aa7bf0b720ec8258d39,5,0,Unknown,,false
3684,0xbfaf005ffe337f515445eeee4b141f9ffec7870a,5,0,Unknown,,false
3685,0xbfab362cc8de03cbdb4c2b67be0dc890aeed3615,5,0,Unknown,,false
3686,0xbf98918ca2aaa2689c881b4e305e8ea26ff41e7c,5,0,Unknown,,false
3687,0xbf93d9aa4030076f1ae9a6de10944fc4c4e1dd8b,5,0,Unknown,,false
3688,0xbf928a7e7318f193945befacd094eea2f1937638,5,0,Unknown,,false
3689,0xbf8d2723e39b29da8a581e208b0f854e0433d5b4,5,0,Unknown,,false
3690,0xbf7fdf3ab5f933a83865ea6923c7e15000e99ba8,5,0,Unknown,,false
3691,0xbf78340f707161b733b3a4ef3f25d231b45a716b,5,0,Unknown,,false
3692,0xbf764bd51cf6b8e08d271720071505a20bc2f7cd,5,0,Unknown,,false
3693,0xbf700001854306589bf3bda27a377ed89b2564e9,5,0,Unknown,,false
3694,0xbf6ee6778b424bc8c94c35a64e9946167d1119f0,5,0,Unknown,,false
3695,0xbf665db11bf09b2446fa36827a0d830de9334ba9,5,0,Unknown,,false
3696,0xbf658b96a32b8bb75157eb8f5443b537f06bf361,5,0,Unknown,,false
3697,0xbf64fdc447674fff9d3c2081b877f9ce2474dc21,5,0,Unknown,,false
3698,0xbf58bc8712ec48cd447ed113311f5635f758b5c3,5,0,Unknown,,false
3699,0xbf5785ca006d9339e3dcf1e3442ece01ef9fb02b,5,0,Unknown,,false
3700,0xbf4e2dcb42e68c998ca6c5bf280e6a217b1c7db4,5,0,Unknown,,false
3701,0xbf287c03f7d001fbb5533ff4f7d799afee2f62f5,5,0,Unknown,,false
3702,0xbf26c766ab334e6ee68148b495f0b9650495029e,5,0,Unknown,,false
3703,0xbf253b0f1884ab0e8f224463f45ac0787e79e7f4,5,0,Unknown,,false
3704,0xbf18636f501c2c16786d18e522c7a2f83f16f851,5,0,Unknown,,false
3705,0xbf180a899b18c7dfdf2bdcf200c95e0d3495bc87,5,0,Unknown,,false
3706,0xbf11bead1669ce6bd976b45f6d1308799f06d24c,5,0,Unknown,,false
3707,0xbf02e91b2a23e79209401e63f1b23a7580b6f723,5,0,Unknown,,false
3708,0xbeefa1a4049bf5de5b677aead1390c4accbf6ca4,5,0,Unknown,,false
3709,0xbeeed2ee5c0030dbaf57a9893bbc482fdd7a8ffd,5,0,Unknown,,false
3710,0xbedc76c2ee615abd55602fded68c49e0019acc13,5,0,Unknown,,false
3711,0xbed74aa52c41cb1a79fe51effa065dc47b44b363,5,0,Unknown,,false
3712,0xbed235bc602e0f86ded7b7395e714ec3f642ef83,5,0,Unknown,,false
3713,0xbecd9ee7f7f03e0f94026cbe73f13b65d45532e7,5,0,Unknown,,false
3714,0xbeccb98baef47b583da6921d78a78967c891e4b9,5,0,Unknown,,false
3715,0xbec40597c78375a9a07760daeb8ae5f9b89389ed,5,0,Unknown,,false
3716,0xbeb9f5c9f6a005738f48ba169a9d7e47c797a079,5,0,Unknown,,false
3717,0xbe9967438a9d93dc5db59ab7ac996335c7fdd522,5,0,Unknown,,false
3718,0xbe94161e5273062f98f0710f71d229da487504d1,5,0,Unknown,,false
3719,0xbe926e0a53f58a9349702ba8a5cb05fba902ce9c,5,0,Unknown,,false
3720,0xbe8061f64e2e528a771a2cb0699d115b51a25180,5,0,Unknown,,false
3721,0xbe7cec761d98f084af12cc7a94d0197a2d7a7151,5,0,Unknown,,false
3722,0xbe6e73a847134c63fa1b36d566b46344dca3df00,5,0,Unknown,,false
3723,0xbe67f811f289c86cd194f907ca0b678439d66560,5,0,Unknown,,false
3724,0xbe637f5ab608788629541f0d61f76fa3f484e11a,5,0,Unknown,,false
3725,0xbe4040ba918750bdbec6efb1e50b3738ae5c896f,5,0,Unknown,,false
3726,0xbe2c9eaeee197900abbdc5e34a9c100b35fd92ac,5,0,Unknown,,false
3727,0xbe29888b5497f7e8ebce10a94479594a60ff9fc0,5,0,Unknown,,false
3728,0xbe27b46f5498b0e9f947c603452b503118a814c8,5,0,Unknown,,false
3729,0xbe276eee1d31fea57033c293e89f8fdf01f2ae8c,5,0,Unknown,,false
3730,0xbe2560653447f7e5178e5e0202de071b48a74b78,5,0,Unknown,,false
3731,0xbe212d68488a484a608020a50210f32c0a3bec92,5,0,Unknown,,false
3732,0xbe05837e11b8bab912b64c528127932b39d15444,5,0,Unknown,,false
3733,0xbe034e7d73ba0b32d51c95a01a07e3ee04034b65,5,0,Unknown,,false
3734,0xbe015a8e5e24bd00971dd1faa5ee46037a343907,5,0,Unknown,,false
3735,0xbdf86da8f1a116c78f8fb8fdf9afe6506deaabef,5,0,Unknown,,false
3736,0xbdf06607b16585c1e3a23de23cc9b01f778ac17d,5,0,Unknown,,false
3737,0xbdf020a83d5fff437b80649e1ff2c3f9b238eba5,5,0,Unknown,,false
3738,0xbddd23327bae722d04b1cb181a2604d4e888ed77,5,0,Unknown,,false
3739,0xbddc6d99c9cdf2b2de82b49282bb22c4a513108b,5,0,Unknown,,false
3740,0xbdd6f97f32ec6104082ee2926edfb83b61c37a5b,5,0,Unknown,,false
3741,0xbdd27ed68b289eee97463a2b92f2dbdb16390cbf,5,0,Unknown,,false
3742,0xbdc11e0ac7c3a2039183e654cf97f4f9470fe5dd,5,0,Unknown,,false
3743,0xbd9c030f233ff85ece8c46749a4b62c820b728cd,5,0,Unknown,,false
3744,0xbd8fc2ad2d1abacb586525dcc6c4d8182794c641,5,0,Unknown,,false
3745,0xbd8306145064b0136286e4b8d84909f85c8963d1,5,0,Unknown,,false
3746,0xbd77df57b32af981d54abc17dcf9a947c2dd0e2b,5,0,Unknown,,false
3747,0xbd6791afe82b84e2b3d5e751987ec853c53f0b9f,5,0,Unknown,,false
3748,0xbd50bed4614fd42fd086f52400fdd8da768c8032,5,0,Unknown,,false
3749,0xbd4cd7dabfd4b50f75b887218d8e78152f0c9e3d,5,0,Unknown,,false
3750,0xbd4633223aa99e43864a4591580ab87a2327745c,5,0,Unknown,,false
3751,0xbd3f86572dfb0718370e75ec3126b8e056d0429d,5,0,Unknown,,false
3752,0xbd3c1955a2013ab3e7eececbbdc8d2ae6d267236,5,0,Unknown,,false
3753,0xbd3864b476d3d5f2c25c31b658eeffa83697a2eb,5,0,Unknown,,false
3754,0xbd269bd4d1096c5c2d911da561b9427e8efe431f,5,0,Unknown,,false
3755,0xbd23738a492327e9d3ce148d877b2675409cf2cb,5,0,Unknown,,false
3756,0xbd1f1fd97472a9d39f6eb4b8b6862659c60d2771,5,0,Unknown,,false
3757,0xbd0ddad494ad37c4fc5ee22e6000f25b2f7980a5,5,0,Unknown,,false
3758,0xbd0a7970fb951ad654b5d98749b6998a3c583760,5,0,Unknown,,false
3759,0xbd068f94090926d3cd875c8c44510f5aa3024266,5,0,Unknown,,false
3760,0xbcf7e3cd9e215c2a84c2742e8ad09504a3574be9,5,0,Unknown,,false
3761,0xbcf188dcb6f7bc2abfef8f7d76bd45b02c1bdf2c,5,0,Unknown,,false
3762,0xbceddb20f34808be467dd094f2e0092807f099db,5,0,Unknown,,false
3763,0xbcd25cb7b38ebb568d104cbd7b18ec335fa82976,5,0,Unknown,,false
3764,0xbcbff41e94a5dfd33594dad4d1fec26030587d90,5,0,Unknown,,false
3765,0xbcbcf0996e8cb8a56776df097dbd9ff7a8cd0436,5,0,Unknown,,false
3766,0xbcb67ab67cde0ad7a7c61ac30793152ccfa16cbc,5,0,Unknown,,false
3767,0xbcb5ec44875e7c671a6ff4580b95809288face4a,5,0,Unknown,,false
3768,0xbc902447ce059edcdfdd77a9a8a806a91eea9506,5,0,Unknown,,false
3769,0xbc8c6687d1156e302171232c3dbbadfc0f504dac,5,0,Unknown,,false
3770,0xbc806a9df8325509b4c0653dd845392f5a228dd8,5,0,Unknown,,false
3771,0xbc801e510bed9479f9bcfcf202d55c6a6643b294,5,0,Unknown,,false
3772,0xbc4b0489be7fdac64c4f7bb11a01a43742d8cecb,5,0,Unknown,,false
3773,0xbc4870e6a0ab33c282370ebe501339c2b36f4eda,5,0,Unknown,,false
3774,0xbc46917b10e0667cdc08495671dfa97e1daf48f3,5,0,Unknown,,false
3775,0xbc41fdd149ee7af5392985c00646f089fa9a3f6b,5,0,Unknown,,false
3776,0xbc3cea2b86c4d1d1dd3bdd7cc0f407c6d5620cea,5,0,Unknown,,false
3777,0xbc301d045c555fc114040a97935538b9caefacac,5,0,Unknown,,false
3778,0xbc28dbc17c574b20f266df322c7e0683370b3057,5,0,Unknown,,false
3779,0xbc285f356d8cbbdaa7ba2167a47da5808d9d0b61,5,0,Unknown,,false
3780,0xbc26394032a0e72a006072e5ab7fa5a62fc32b5e,5,0,Unknown,,false
3781,0xbc2453b016419c0bcbdceebf4f39595f22c83aa2,5,0,Unknown,,false
3782,0xbc201eda221bc9afde31e57576bac57992669d26,5,0,Unknown,,false
3783,0xbc0c0d7d79876396ea2ccea527b8400eeb1697c0,5,0,Unknown,,false
3784,0xbbebd2ba60d28f0560a0313e365148be0974b648,5,0,Unknown,,false
3785,0xbbead34f887365b40a01cd44d2897495cde656bf,5,0,Unknown,,false
3786,0xbbe7a24ced74aaeddee18ca1a236c7a1eab5c8bb,5,0,Unknown,,false
3787,0xbbe0a22f9333a2c5cd5961efc42b16d2508a9565,5,0,Unknown,,false
3788,0xbbdc92fe44ff0bf24f2b2c6fc7ed31406a987e69,5,0,Unknown,,false
3789,0xbbd06bab6641e455438f5a8c29a532627c1cc370,5,0,Unknown,,false
3790,0xbbc6822c76081c2d099889a04627c0c2a71e17e7,5,0,Unknown,,false
3791,0xbbb3cbd5dd6a406d921c59f48df5747d5afe6db8,5,0,Unknown,,false
3792,0xbbb19fcb48d39b66555e48793f1fe05b01761a9e,5,0,Unknown,,false
3793,0xbba8cf0cbb19f2e17bfd8daf7350a4377bb39fc8,5,0,Unknown,,false
3794,0xbb955c16db78f72aa188b61686e723d9254ffb8b,5,0,Unknown,,false
3795,0xbb878cfa8e18f6855f3160af6b8ad69d5d018f38,5,0,Unknown,,false
3796,0xbb83141f0e5e0c7dbfef78d5c17395ecdff2d1d3,5,0,Unknown,,false
3797,0xbb822e029fecd3761dbd9c7d0915a711cc032c16,5,0,Unknown,,false
3798,0xbb76614af58924e464efb2ea5a5f94ef23390d6b,5,0,Unknown,,false
3799,0xbb754c98b31eb3d0adff753444750d9ea7705181,5,0,Unknown,,false
3800,0xbb73cb830e58a632e5401af61358090075f4adeb,5,0,Unknown,,false
3801,0xbb6dbd60ce4505a388bc2f6b122cb9c660b32d79,5,0,Unknown,,false
3802,0xbb6741a8014cc1188ae2a552fc0710ccf742355a,5,0,Unknown,,false
3803,0xbb60c71d33e82f93dbd68b41c5f9dfc37c43c660,5,0,Unknown,,false
3804,0xbb543ee06a37defbb157d44a78246d506849b69f,5,0,Unknown,,false
3805,0xbb5378b698eda30f1f481a72f02d7548eaa06fd7,5,0,Unknown,,false
3806,0xbb482cc3aac3da5e90b5ec0638b5f44c4d08d05f,5,0,Unknown,,false
3807,0xbb351002bb479fbbd61b8b6e3e5bf7e1819ee1b5,5,0,Unknown,,false
3808,0xbb3128dd0e825224cb807ff7859f4bd72f1bc8b5,5,0,Unknown,,false
3809,0xbb2cb0ae6e58539179a9c882ad110064ab3c7aab,5,0,Unknown,,false
3810,0xbb1ed9fc2c2e525de8ff9b0a31839ef733c651f2,5,0,Unknown,,false
3811,0xbb1c1aa2541207c174324968973cb2d6db776a4f,5,0,Unknown,,false
3812,0xbb17cb1921a0a2ea6f27615ec753f9e4f5b326c3,5,0,Unknown,,false
3813,0xbb14ed4dbaa3925879de9379382612599e979382,5,0,Unknown,,false
3814,0xbb07bbd01bc6edaae070ef8711fd25afc301e321,5,0,Unknown,,false
3815,0xbaf054b85e13ec6d88a450704925781385794aaa,5,0,Unknown,,false
3816,0xbaef49cd1ad8cc2425485cc6624fe2a532d55790,5,0,Unknown,,false
3817,0xbaed635d33bef78aa5046f59ad30417b66898b9c,5,0,Unknown,,false
3818,0xbada9b4ab25429956885b45095109af10859d28b,5,0,Unknown,,false
3819,0xbad68b565d4d79e0585f99ec20eacea12234cf05,5,0,Unknown,,false
3820,0xbad4674cac72d60eb47ed8099375c1c5247a94b1,5,0,Unknown,,false
3821,0xbac34b4a9b750bfd82190afb25f44eace8bad0c4,5,0,Unknown,,false
3822,0xbaab53c8e0c3408584f4103336acdeb286df88b1,5,0,Unknown,,false
3823,0xbaa9513f627c9c2c5f7de1341addfda1eacdaec2,5,0,Unknown,,false
3824,0xbaa5bc88fd87b6fb8f5a38c99ad4a5712905ce70,5,0,Unknown,,false
3825,0xbaa15d10514219c3292431e47425760b787351d3,5,0,Unknown,,false
3826,0xba97a514180a24a509771be13511035706946b1e,5,0,Unknown,,false
3827,0xba8d05e824b0d5bdecab4863bf319e48a9928e22,5,0,Unknown,,false
3828,0xba8481468d25708c7af6dc445198b0eba3d3bd09,5,0,Unknown,,false
3829,0xba80ae646fa99abef1fcab1b60d7bcfbe40f88c2,5,0,Unknown,,false
3830,0xba772e42a75660caa88e8dbec16789c562df6a57,5,0,Unknown,,false
3831,0xba7464c9fa720fd3ad4874964ff5d61b3f095072,5,0,Unknown,,false
3832,0xba6dd9165901904743368a77a3d420213e077b0f,5,0,Unknown,,false
3833,0xba5e6680bd703456cf3be7de6c42b2dccab48208,5,0,Unknown,,false
3834,0xba5035c47741e797a73ec93ad4ed7450cb30f511,5,0,Unknown,,false
3835,0xba474fc8b6368863813571e517488da1ed0f180f,5,0,Unknown,,false
3836,0xba46b4f9c12cc9b6c166cddef5fc441ebfaa2c86,5,0,Unknown,,false
3837,0xba38553c272203ea862c144b5bae2a60afe2da92,5,0,Unknown,,false
3838,0xba36f03d9a1c99f79cdaabf69b2aa46ffae2f324,5,0,Unknown,,false
3839,0xba2e6951edc6537ccf1c4809fa82ffbc4ee06135,5,0,Unknown,,false
3840,0xba2c8121b6882cd94de2c75356a1f35241d6a585,5,0,Unknown,,false
3841,0xba2bc54669e38b3af51a65fcaed63c3fb1e6a9da,5,0,Unknown,,false
3842,0xba265a2e6f20024158a0c0c09adb9cc60f9f23f6,5,0,Unknown,,false
3843,0xba08e8754b882de68df1eda9e46fa15f2ca65718,5,0,Unknown,,false
3844,0xba07ca7e9f93a36bd6bf72a06bbf75031ce156b5,5,0,Unknown,,false
3845,0xb9f5b4a24237c16cdced723540fe9eab850d841b,5,0,Unknown,,false
3846,0xb9f1028aed74fc2d0a7a5f0499e6229885f57b0f,5,0,Unknown,,false
3847,0xb9f1012c756d98de9ee24a66c45476cf078b91e2,5,0,Unknown,,false
3848,0xb9e6fcefd9186930d07e88de13862fe815688a66,5,0,Unknown,,false
3849,0xb9de85e561a530c2bdd28c6aaf89717f9e13b788,5,0,Unknown,,false
3850,0xb9d861c1faa9df64ef639179c577f0774e1dd0ca,5,0,Unknown,,false
3851,0xb9d0d7910cf5193c16c20637a8e4fece8dbb3013,5,0,Unknown,,false
3852,0xb9d0ba99fac9d5de1d7ca09fd5358feaa0a577ce,5,0,Unknown,,false
3853,0xb9d0693d5031cce601ca949e80df0c47c8a36a22,5,0,Unknown,,false
3854,0xb9cb4e8123f0cb4494cd0b59c08ffdddcd2a28f4,5,0,Unknown,,false
3855,0xb9ac70fd683b7ecd0ac55436a095a76a99fbf84a,5,0,Unknown,,false
3856,0xb9a7691570a9eea548e088a4f5c16781563b420c,5,0,Unknown,,false
3857,0xb9a6e1eb20bb63ed9c1f117e90b59c6654f9df03,5,0,Unknown,,false
3858,0xb99804bd2984185c0f20c6ff2bed3d86ea31486d,5,0,Unknown,,false
3859,0xb98e50fdd8f1b844e7ee4b957524becb08492599,5,0,Unknown,,false
3860,0xb9899421e67d7b4329bd39ce5854b501f1e2c793,5,0,Unknown,,false
3861,0xb971d2b2473a6d41bed61853eabcb8f343be42d8,5,0,Unknown,,false
3862,0xb96f7623d7e42f397ae9a047aa8aa7c18090b48b,5,0,Unknown,,false
3863,0xb96d93ead94ccc9d025cc3430f25a92ce7959f35,5,0,Unknown,,false
3864,0xb96d6c031a80e9274960f0cd082719f0a7ee3953,5,0,Unknown,,false
3865,0xb96a206abaa51176c8fedc1cea6be3285196c750,5,0,Unknown,,false
3866,0xb9675480d820e8c92fd38c2abac98579f98c04d3,5,0,Unknown,,false
3867,0xb95c3085a4376d16b97204b68787f1abef4a105c,5,0,Unknown,,false
3868,0xb95bc2110427969d1d327946c6de3f04fd83ee8e,5,0,Unknown,,false
3869,0xb95520e9f0b3c608fca5f6da754b0f3daae7524d,5,0,Unknown,,false
3870,0xb93ce78fbaa7efa802f6b209344f10c4d70e693d,5,0,Unknown,,false
3871,0xb9208e4476bdc8c8360b68a25ec25497df2e8f27,5,0,Unknown,,false
3872,0xb91fd77235b55ff9cb8b87f6ae198d3a32253274,5,0,Unknown,,false
3873,0xb9165a259fa9dcbd99d28198d0938e76f7bb426a,5,0,Unknown,,false
3874,0xb91488593cb92ef2541eeb3325c4527c513cd951,5,0,Unknown,,false
3875,0xb91428b6d9a5486cbaa97228d12baca06adaaa61,5,0,Unknown,,false
3876,0xb902984869cb3fe96efcdf46b10f3bf990d3377c,5,0,Unknown,,false
3877,0xb8ff45cb97da7706466137ff63e9e07f01b41cc3,5,0,Unknown,,false
3878,0xb8f8eacbea0eef2cc23d41e08b283da241ef1ea1,5,0,Unknown,,false
3879,0xb8ef8cce7b3992fe226b86708bd327529273b4e9,5,0,Unknown,,false
3880,0xb8ebef4acc08a043b397f6e5dce060587a679fa1,5,0,Unknown,,false
3881,0xb8e784df5f920e5cddcfa09db0639ff7423b523e,5,0,Unknown,,false
3882,0xb8e5069bb5fc6c722786bcee93070bbb591ffe8d,5,0,Unknown,,false
3883,0xb8e1278a0292f6342a54e722df082f23e13a5d15,5,0,Unknown,,false
3884,0xb8d60b4b792897b3297dde851098eb9ef6490985,5,0,Unknown,,false
3885,0xb8cd789b787fbbb9d09c398fad0fac30d3b96424,5,0,Unknown,,false
3886,0xb8cb6e1bc92d8be23dbe1be1d94e6bd71f05bce7,5,0,Unknown,,false
3887,0xb8cb336a32e3b2487f0760e91fcea11455dd6319,5,0,Unknown,,false
3888,0xb8bf9c9ffb1d268ad19c6edd9fe491fb951fa165,5,0,Unknown,,false
3889,0xb8aeb6a89c4d21a6b6a09c10b0b13af0af0ba6a3,5,0,Unknown,,false
3890,0xb8a40a0b72811b59c70ba659bbaa5e80a7af9ab7,5,0,Unknown,,false
3891,0xb8a09d340556a0821fe46672cd0111cb3b318838,5,0,Unknown,,false
3892,0xb89da50d24f9a6168e7a3110420b5e3edaba0e9c,5,0,Unknown,,false
3893,0xb89bbc846c05f0fdad9ad74ab20f667b6e1f9120,5,0,Unknown,,false
3894,0xb8944c6cb5e0d1d1faa488815c7d3d669079d7ba,5,0,Unknown,,false
3895,0xb88e7e86350dc58f7589dad20ea6638e1c7ebcca,5,0,Unknown,,false
3896,0xb888595645fda574ff16d09e9156b5634b5bff19,5,0,Unknown,,false
3897,0xb888320a47bb053bdbb07f1b70c1c9efad8acdc7,5,0,Unknown,,false
3898,0xb882ea8342e2dc701192ebed7e05143b948b8f8d,5,0,Unknown,,false
3899,0xb87e6847586141a635b5e3fbf24c599806aa6806,5,0,Unknown,,false
3900,0xb873ec01cd30ea5d05a0ebaf9d9c9d140306c431,5,0,Unknown,,false
3901,0xb86e32c1e760c9d51b0b257b4fdac8743ec416c9,5,0,Unknown,,false
3902,0xb86ca89a0047382343e890b25dcc75bc8b35e984,5,0,Unknown,,false
3903,0xb85c6b967c5615e5c9499eebab52d0779d96b8ed,5,0,Unknown,,false
3904,0xb84b89e363f3727f6b8640d52ab23fe1349cf80f,5,0,Unknown,,false
3905,0xb84108a55e53a13aa69dd10d00b818104b43e467,5,0,Unknown,,false
3906,0xb83a1fd43a8dd7928353c0de7cd54eb9873a72c8,5,0,Unknown,,false
3907,0xb82f8336eef08fd6aa569cb576968c35fe1389d5,5,0,Unknown,,false
3908,0xb82e4196a291693d2a3a8eff83d82ceeed34832e,5,0,Unknown,,false
3909,0xb82c2a8d94bde627a09d47a755beb2a053ec9cac,5,0,Unknown,,false
3910,0xb825f1c3551694d4118088c6b7a46e0222b2ccd3,5,0,Unknown,,false
3911,0xb81ea558b857196e139c28505d0d8498fab51ba8,5,0,Unknown,,false
3912,0xb815e0d45d0e9727577f908cb88faa2481a9c4ef,5,0,Unknown,,false
3913,0xb810134b13ad6a9e8d2b0a6c1921ced792fd991d,5,0,Unknown,,false
3914,0xb80f79fb4eec0aef85ff80bd1edf719c9cf95e3e,5,0,Unknown,,false
3915,0xb80e7e90b649c74e8e8d78e94c73598643969c82,5,0,Unknown,,false
3916,0xb8015bd9d68dca8fabd93370a68580fde092807a,5,0,Unknown,,false
3917,0xb7f5a64fec69d527407c6f5d6f0e1acab4ada313,5,0,Unknown,,false
3918,0xb7edac53af63692e0a52da4f3410995e82f8314b,5,0,Unknown,,false
3919,0xb7e7acfa9ed331f0ea8adeed3f90fda678b95942,5,0,Unknown,,false
3920,0xb7e3eaa24842698bc872bf622286e06991e64848,5,0,Unknown,,false
3921,0xb7d87c6ed33762d83be36fce33f18172f82105eb,5,0,Unknown,,false
3922,0xb7cf0ede815f07506ae6a484ef810afead8b8ebd,5,0,Unknown,,false
3923,0xb7c9c088053f73b6110ec3882a136a673b6b5d0a,5,0,Unknown,,false
3924,0xb7c4f4b1354b79e52494b7f728e516700b4b5cf5,5,0,Unknown,,false
3925,0xb7bf11ee8b1af2d2419995606b8d87d0681c6226,5,0,Unknown,,false
3926,0xb7b411c012fe2d7264b40b9d257fad26592f92ab,5,0,Unknown,,false
3927,0xb7aea0add5b51dfdb4da0c15d02ba80f935b4188,5,0,Unknown,,false
3928,0xb7a9a4a07996f7fee4c410fdace49bbee723f4fd,5,0,Unknown,,false
3929,0xb7a6223178a150e037f673b586f4003658848d52,5,0,Unknown,,false
3930,0xb7a003e57a2508387a59290f07149d89e7ddcf3b,5,0,Unknown,,false
3931,0xb799df1d372ee7ed3678e1040d29749d0af0418e,5,0,Unknown,,false
3932,0xb797f1706dba901f3ca477f9b4c879013076f8fe,5,0,Unknown,,false
3933,0xb794dea8d3d6ebc75c642600936e45eca3ca059d,5,0,Unknown,,false
3934,0xb79187a68212cf8998365a84f3d41e29eb4a7182,5,0,Unknown,,false
3935,0xb7910efd3de7593eb2bcd90c08acff77294507e6,5,0,Unknown,,false
3936,0xb789feaf7227eef82498c780be7e8732b21f5142,5,0,Unknown,,false
3937,0xb789b2bcbc9f3a6ba821d193f1e7bb9254282020,5,0,Unknown,,false
3938,0xb784ae7d2b6a2fb374f0e72cec3b20339d909577,5,0,Unknown,,false
3939,0xb77674db87aeeeb10e8fc40f89b9cfeae4aeb0b7,5,0,Unknown,,false
3940,0xb7723f67011e47b8c4bd0390444f6ad238a01c90,5,0,Unknown,,false
3941,0xb769df1a9977187cff17fc2ea9e82b5f6af2c1c4,5,0,Unknown,,false
3942,0xb762712ed28f27eae58013f392cb149f7c1e36e0,5,0,Unknown,,false
3943,0xb75be5c2df679b4e528e5045578281fbf345afe9,5,0,Unknown,,false
3944,0xb75516f0cfd74d49cf029041ad227dd3aa218852,5,0,Unknown,,false
3945,0xb75098c1a4087a5ce1e96f9a33d13930e4c54389,5,0,Unknown,,false
3946,0xb74da3f58e90fc75755021c322888f2e5b5cbf0a,5,0,Unknown,,false
3947,0xb73bb77cc7f231d43e87186afd3f03e807a41166,5,0,Unknown,,false
3948,0xb73a45c11b9c0669814abc87f1ebec180bd1ee43,5,0,Unknown,,false
3949,0xb7196ef43f630badc7999a51db68050e1226c080,5,0,Unknown,,false
3950,0xb716abea25f080e0d3e146e21a463e20eed6c096,5,0,Unknown,,false
3951,0xb7142ad807fb8a5d9fee2bc2d47c50c7c13b4772,5,0,Unknown,,false
3952,0xb70ff2c90ac3b64ff7aba20a0b7d3ba3b8330c77,5,0,Unknown,,false
3953,0xb6f7fc3e962f9bc31f95c8d70688ac37eb8b3218,5,0,Unknown,,false
3954,0xb6f510d7489b4f23968b9344a247c3db398e4be0,5,0,Unknown,,false
3955,0xb6f3c6196cd2da611db410a63793987efd660f12,5,0,Unknown,,false
3956,0xb6f2cecc54ecad010c7b208487bdbf32bcc77bfd,5,0,Unknown,,false
3957,0xb6f08bff89c87c8bdcda9ae5eacdd8e803ab8848,5,0,Unknown,,false
3958,0xb6ed80e13c2901aa18fa470d7a4930777ebe2f14,5,0,Unknown,,false
3959,0xb6ebff7d4cb929c29bab8c9a9855b54033a46847,5,0,Unknown,,false
3960,0xb6e4b8833942d841dc9aaf9763a986eaf3056f38,5,0,Unknown,,false
3961,0xb6b6e9b1511b473689e3531caf13cdeac9c60910,5,0,Unknown,,false
3962,0xb6b204900b9fd82542e08568c2a3b80e117bb7a0,5,0,Unknown,,false
3963,0xb6b05f232ef1aa6ec62de3e057ad09eae868438b,5,0,Unknown,,false
3964,0xb6af19464963e7a52364a0f7b0411a5ea7d94c3e,5,0,Unknown,,false
3965,0xb6aadb01bfd7932631ab833cb7a96ba381511c79,5,0,Unknown,,false
3966,0xb6aad017fff1c2f999a57ca50a73bc6318474429,5,0,Unknown,,false
3967,0xb69b822b252acb5149f627a5d3198af9c4838282,5,0,Unknown,,false
3968,0xb696f48908a9f5b744d0de94664c04d126933019,5,0,Unknown,,false
3969,0xb68ca00e40f2f90d632e6dca15908474707998fc,5,0,Unknown,,false
3970,0xb675a656ff2bbc3f94932b477b2f9c26d678cc3c,5,0,Unknown,,false
3971,0xb662e6dec564478233ca942201f2d7442542242b,5,0,Unknown,,false
3972,0xb660c539b3d17df0c348fb3b512f3795f223c483,5,0,Unknown,,false
3973,0xb653726ea8a5cfc00bea9fef634bbf718ea7dcf1,5,0,Unknown,,false
3974,0xb64e2995855fd18ad2c9e8813ef251628cb9f205,5,0,Unknown,,false
3975,0xb633f3706af6034d38e274cd194ac91d262502e7,5,0,Unknown,,false
3976,0xb62ab411e4e22330bbf169093636abaebc152a97,5,0,Unknown,,false
3977,0xb62a4140b5b854ee9ed68793baf4c5d6db6ea0f4,5,0,Unknown,,false
3978,0xb6253ce546c7beb0f74328845ecd317ee2f84370,5,0,Unknown,,false
3979,0xb624ffdf9a805a5fc67e9ba4ec40b1948aebafde,5,0,Unknown,,false
3980,0xb621631f336f14bcffbf9a8f07d61550df01bde4,5,0,Unknown,,false
3981,0xb61f26d77d6ee44940dfc0811d480cb51a1248d0,5,0,Unknown,,false
3982,0xb617ff217fe11a26fdc910415940f35d892e1743,5,0,Unknown,,false
3983,0xb61510f177984ee37e88b989902ada03d50def73,5,0,Unknown,,false
3984,0xb60b9cbabf4f3ca56da4c6c4e1aa389ba63898f1,5,0,Unknown,,false
3985,0xb5fb768458ff04065c7a2c880965d29bd1a51072,5,0,Unknown,,false
3986,0xb5f973a8bce5707febed830c2f8c32d813470ce5,5,0,Unknown,,false
3987,0xb5f95b64e9f4ed3dcd375b3a7e8a8a4485aadb84,5,0,Unknown,,false
3988,0xb5f7e26c171783bfd29e32f64711c117c1137acc,5,0,Unknown,,false
3989,0xb5f36741ffdd1fe553830c56aefe3d4ee976e94f,5,0,Unknown,,false
3990,0xb5d422861d2f396febc1427a956f5b36627b1302,5,0,Unknown,,false
3991,0xb5ced3889b9df1a714010d1495e7c5f82764d72c,5,0,Unknown,,false
3992,0xb5c17717440fa0f595dad57f0d1b68e4c8fa1502,5,0,Unknown,,false
3993,0xb5b9c885b8e05a752230233dafa02b65dbec0f26,5,0,Unknown,,false
3994,0xb5b8e08801e931b4c701edff4690869b0bd9111f,5,0,Unknown,,false
3995,0xb5aac7df5ec1b12214f4ba879f7f552a77bd6d8b,5,0,Unknown,,false
3996,0xb5a76c90f2b47ab7f750409cdafdc5878fb306ac,5,0,Unknown,,false
3997,0xb59f87fc6f89cac12390e0ac10f90393cde19e63,5,0,Unknown,,false
3998,0xb597ddf0cf663c8697ec0aef8ac5fda5bc0860f5,5,0,Unknown,,false
3999,0xb5969883ab0fc7eaad825ddc81b7f3a70c446387,5,0,Unknown,,false
4000,0xb5924dff88c22e0edc0458029a6870c073699007,5,0,Unknown,,false
4001,0xb58584bb9d1968bdd41ff2591965687f821bf0c2,5,0,Unknown,,false
4002,0xb5686e44fe6f47b1de2019db158b0d9afb934714,5,0,Unknown,,false
4003,0xb56516cff4d5c4be9fc18c55e9eaa33d4e4f3f3a,5,0,Unknown,,false
4004,0xb55da51c20438086ebd36f72a45dd72b77221da9,5,0,Unknown,,false
4005,0xb54b6b3df5d7c09c386670134bee82b2f948711d,5,0,Unknown,,false
4006,0xb543a03368567ae2768472a80ec41431612011fe,5,0,Unknown,,false
4007,0xb538a12aa78c409935f8d92754a81af07bfca777,5,0,Unknown,,false
4008,0xb4fc74ccfa41d6e6659a52cbde9024a90fa37f53,5,0,Unknown,,false
4009,0xb4f5d72464783662e9bbaf8a8ebbb7139c8b1e87,5,0,Unknown,,false
4010,0xb4f4d7046e2d58882d44bd9fae9cc60df4270ddd,5,0,Unknown,,false
4011,0xb4f0eb857a7cc432793ee3cd7b6a47be8d9d99d7,5,0,Unknown,,false
4012,0xb4e884148b6ea4d512ee38b11178bc3e66a52c87,5,0,Unknown,,false
4013,0xb4e08f969c15035a5ab950600b7a183029cf7e0c,5,0,Unknown,,false
4014,0xb4d3065fe2b831a8b5271b98b9922a42ef1b9fcc,5,0,Unknown,,false
4015,0xb4c07cc39eca70915314d92a6920eb80ff040697,5,0,Unknown,,false
4016,0xb4bea2c6c9394f345c16e85bd7a97d02c73e859e,5,0,Unknown,,false
4017,0xb4bc026568e2db1fee18eb11df924e2d5cb28515,5,0,Unknown,,false
4018,0xb4bc017be2dbad968b501496f078c016b8a827f3,5,0,Unknown,,false
4019,0xb4a100f65f6a60f6286ff43195221c757849923c,5,0,Unknown,,false
4020,0xb497c222f943ae1ad677122bdc3d5ea5aedbb132,5,0,Unknown,,false
4021,0xb4942dd18b2fdf27a38317d580e3975b978162f0,5,0,Unknown,,false
4022,0xb4908a3ce2adaddbccc44db97b72e74a2653bf32,5,0,Unknown,,false
4023,0xb48fed17264fa7f68b9539569fc82605d114fdd4,5,0,Unknown,,false
4024,0xb48b56f3fdab393816dff7defbf574fa21cd6f3d,5,0,Unknown,,false
4025,0xb478ec729f19defffddb5335f6fe6c514617b297,5,0,Unknown,,false
4026,0xb4694e7ce8f9bbffb659156fc91e4a4e42af6707,5,0,Unknown,,false
4027,0xb45e5a77afb6dfd57f3981566512cc8465e57549,5,0,Unknown,,false
4028,0xb45bf8e9c0b47dec7e2fbb3cfdf79fb41abbe3a4,5,0,Unknown,,false
4029,0xb4561d1d6a1426fe0e5a91bd661fab6db59026ba,5,0,Unknown,,false
4030,0xb455a566b63094878551789d9c14549fc7d984df,5,0,Unknown,,false
4031,0xb4530b0284756b184e61f0e489658dfd4dd011c5,5,0,Unknown,,false
4032,0xb4526e9032eae5feb36b636c7f54ddc5d20a4a84,5,0,Unknown,,false
4033,0xb44d093c5a7484db21e1430a428fc77fa2f2d58f,5,0,Unknown,,false
4034,0xb449f74bc9d941456097075369f9f28770ef50d8,5,0,Unknown,,false
4035,0xb436c6d20fe2f3a312edc3209315749397028f47,5,0,Unknown,,false
4036,0xb4338346092b3500a07a964da25f11b7be855a7b,5,0,Unknown,,false
4037,0xb432abcfa4f30f11d6322982cd248eb04b24c75c,5,0,Unknown,,false
4038,0xb42d9cafb8b51e047538a3d35702db91592e6089,5,0,Unknown,,false
4039,0xb42981ca3d9e7c98fe646e6bb712bc44d29a0fa9,5,0,Unknown,,false
4040,0xb404bbcd76930e8dfa6aecdf9518a868d979b25c,5,0,Unknown,,false
4041,0xb40384de22439223bbe4e3b9bcdd7db11ae30140,5,0,Unknown,,false
4042,0xb4003a5dfb46953048f022a249f40d60d3e32567,5,0,Unknown,,false
4043,0xb3fe50e20b9af1607e9ba26d675dfb9c4c577e18,5,0,Unknown,,false
4044,0xb3f68ae53e3f540032053c8032e9902f63f60b2b,5,0,Unknown,,false
4045,0xb3f2654989e9ecea09a1ab1e47fb50292eda8938,5,0,Unknown,,false
4046,0xb3efa0a61b34e71817f50af4d44c89cc4a20d64b,5,0,Unknown,,false
4047,0xb3e6242d496fba5b58dabdd0f800e7cee370818d,5,0,Unknown,,false
4048,0xb3e09e32da1b22fe92822a6637232a6bfbe7cdd2,5,0,Unknown,,false
4049,0xb3c9498a63ff9b996aac8299c99f03dad11d1c77,5,0,Unknown,,false
4050,0xb3c82612359fa9afb1f0150fc7e246a1aa7d5449,5,0,Unknown,,false
4051,0xb3b9c34a2cbc2e2b80f4ae251366ef8723e79d2b,5,0,Unknown,,false
4052,0xb3aa52242c74cce4b0050d8b72e3c3e7763562ea,5,0,Unknown,,false
4053,0xb39f6db652b71110cf0b962fdadfe4ce34f0b628,5,0,Unknown,,false
4054,0xb39c646212a8054970e2934a02e9418dfb804c61,5,0,Unknown,,false
4055,0xb39a7b4d2a35100a94e222fe20910e721006deba,5,0,Unknown,,false
4056,0xb38ce638c6109fcb17162ca59859ef0c1e6fb4a5,5,0,Unknown,,false
4057,0xb382a72a7eed438d4744bf5d2f199cf9a5f76bd0,5,0,Unknown,,false
4058,0xb37cf6c0e2c0ac2311b8a2424b8f229cd8cb868a,5,0,Unknown,,false
4059,0xb37765da4c551fc7d8c414a861646c25f56b1ac9,5,0,Unknown,,false
4060,0xb33ed258fa1e4ce15d31add3e2aa82a267588b3e,5,0,Unknown,,false
4061,0xb33b5d786166a630aef8432ce8b5ba486a6e2795,5,0,Unknown,,false
4062,0xb327b9c740fd20e28241bd48e73807f55aebc624,5,0,Unknown,,false
4063,0xb318835eadce618bc3b1d1f62b5fead459c73631,5,0,Unknown,,false
4064,0xb30c63efd3dc9336c3805e312c3c0fc520f28d48,5,0,Unknown,,false
4065,0xb3080fe8183e8e89b46ea5ac12ae8130be798daf,5,0,Unknown,,false
4066,0xb3067d8306bb600cb0aec420c5ebe30548f4463c,5,0,Unknown,,false
4067,0xb2f8b2cdad79d88d0d25be1f9b2c8d5a6e401a0d,5,0,Unknown,,false
4068,0xb2ee038422214782a314fcbfc9e24629dc5695fc,5,0,Unknown,,false
4069,0xb2e875701671ca5f7466ab311b3636e05afbf6a7,5,0,Unknown,,false
4070,0xb2e7448314e9da25ff9c399a6a890a1ef126f4bb,5,0,Unknown,,false
4071,0xb2e667947a94ee9d97d561d79728a47c993765aa,5,0,Unknown,,false
4072,0xb2e1892a3862198b1e7971ada8617c024c16d26f,5,0,Unknown,,false
4073,0xb2d8e0e6498bda44ecc7534e26a56cba6f2c1b6c,5,0,Unknown,,false
4074,0xb2d592eb81571ff9a0cd0304ccec0bc0e5de9f7f,5,0,Unknown,,false
4075,0xb2d075b96b2b8a2a22c8a69648c9eac30b8c45dd,5,0,Unknown,,false
4076,0xb2ac7727e388fe4a4888b22910335b70a274d473,5,0,Unknown,,false
4077,0xb2abb316e7485a7577b528a958a58ecd563eeb1e,5,0,Unknown,,false
4078,0xb2ab679d831a8ee1cce982fb464976fb19703d9f,5,0,Unknown,,false
4079,0xb2a897111779ecf04b4d3a16e63a8b251be08ab1,5,0,Unknown,,false
4080,0xb2a2f67452427b9ef08e0d631c9717456f8b2745,5,0,Unknown,,false
4081,0xb28b179aad86a86fd2bc3c5a704c715e48a884d0,5,0,Unknown,,false
4082,0xb271326363b14207234d1e117c499d04e07cead6,5,0,Unknown,,false
4083,0xb270cd7a078c618df3bcc40002784b4990a08468,5,0,Unknown,,false
4084,0xb26cb5d8c65b4b9988fe15bb3f6ad622d386c1b4,5,0,Unknown,,false
4085,0xb269aa299a507459c919031ef7b808357d37b7b6,5,0,Unknown,,false
4086,0xb25dfb488b3db1cb0deeec7513ca4ca16e74c192,5,0,Unknown,,false
4087,0xb258f8cb030a066ed0a428e28501664619c32624,5,0,Unknown,,false
4088,0xb258d09e5314ed243327098a4f69ed3dc534224f,5,0,Unknown,,false
4089,0xb2532d74b6b13eec132ad8229cd6c0a21cdbb2de,5,0,Unknown,,false
4090,0xb24ef1c58b0e71a2a38d5162b4f6829388d16919,5,0,Unknown,,false
4091,0xb23bed123b331fae34e097b77b8d76fea7d13a13,5,0,Unknown,,false
4092,0xb235bb98c468eb95a5d8e7d0cad286430cc006ab,5,0,Unknown,,false
4093,0xb22f24d7957026e40144cadeb3c54126bfc00235,5,0,Unknown,,false
4094,0xb22a8d464e0260654e4379eae9686ef14e80937d,5,0,Unknown,,false
4095,0xb21e2e3c5b726b7f90a9c3c48821b0815d56eae2,5,0,Unknown,,false
4096,0xb21c782afb79fde9778936ee2699945e15d02228,5,0,Unknown,,false
4097,0xb213599e0c3e024d5a7d6c120329165cf854c703,5,0,Unknown,,false
4098,0xb1e4b09c567352a60b2abb63f0dedc07fd39ccc1,5,0,Unknown,,false
4099,0xb1dfdd17253dfffa7f28e38094870f3404b5a201,5,0,Unknown,,false
4100,0xb1d815fa0d4288e8bc2153b9c8aa2005ff2dad52,5,0,Unknown,,false
4101,0xb1c88fd779a5b725a8af23cdbf8bfb3c4e950e47,5,0,Unknown,,false
4102,0xb1c74c79fcd7015bea54a1f04f5a8f302a694ce1,5,0,Unknown,,false
4103,0xb1bde234575ae97bce5130d6afc3b34e8a5a39f2,5,0,Unknown,,false
4104,0xb1ad0cb0187c27d34a4460f2e38433b458a3fe22,5,0,Unknown,,false
4105,0xb1aae0f394e40eb22fdfbd0478b044a12aa5839b,5,0,Unknown,,false
4106,0xb1aac63f50e5919f6adf32e337262855b0e9c110,5,0,Unknown,,false
4107,0xb1a2e400c9f3fff924837bd49ea1d96f35efd9f9,5,0,Unknown,,false
4108,0xb1a09945b1810f4806ef3164bb64977cb360196d,5,0,Unknown,,false
4109,0xb19fd5023cd06f96f48b2d9f1fda88419bc6e7fb,5,0,Unknown,,false
4110,0xb19a8cb1ba08a1533dcd72b5abb67c5e81f7d3f5,5,0,Unknown,,false
4111,0xb198f5516be1c6a95f61ec5e735d6a669bca089c,5,0,Unknown,,false
4112,0xb194d787c7a98e17046a913a7242ef384368a175,5,0,Unknown,,false
4113,0xb18f0832977fb15658d2ace524ce78d1b17088e7,5,0,Unknown,,false
4114,0xb181855716fd314391a944ce7653580183c4c48e,5,0,Unknown,,false
4115,0xb17f57f0c2d6fc4f8969969d12d7335c64aa94b6,5,0,Unknown,,false
4116,0xb167fd74b521ec5895fd91fb407599254ec15bed,5,0,Unknown,,false
4117,0xb162bd1be3d6f418d1184b1acffe26369a3a4687,5,0,Unknown,,false
4118,0xb1448a698d42655205f2b51f0acf29a428006b59,5,0,Unknown,,false
4119,0xb133894ee5373299531e30dbb5b01ec3741a1dcc,5,0,Unknown,,false
4120,0xb1337340e3153a760ce29127df717051c689193a,5,0,Unknown,,false
4121,0xb12c626f47b232ea0fbc128311d54c36bf287592,5,0,Unknown,,false
4122,0xb112f688141963aaa24187627904520f3da6012b,5,0,Unknown,,false
4123,0xb10eac37a9829f147c171ff74e9d1e319419dd97,5,0,Unknown,,false
4124,0xb0f80841293aa141d22a82a5d3c5240becbfa868,5,0,Unknown,,false
4125,0xb0f557356b0ef32a5e6f5df25d58d3dfb6012fe2,5,0,Unknown,,false
4126,0xb0eeca1326e2f1c1b9a1f4dec34a92ff12357ce1,5,0,Unknown,,false
4127,0xb0db5857e507c557ecfcf7bdd7d0ed0fc1f8e418,5,0,Unknown,,false
4128,0xb0daec5251b79d8023d5565e42e68dd2ff9e4f92,5,0,Unknown,,false
4129,0xb0c906be6a1da1588b8f621965ac0d8f9ce537fd,5,0,Unknown,,false
4130,0xb0c3b62ea01f0ab2b3005ac9ea355b9634677086,5,0,Unknown,,false
4131,0xb0c04fb19202db9cd7bec4553419a3e3d23efcde,5,0,Unknown,,false
4132,0xb0bb3ebaaf051b51660685116001b3d46708153c,5,0,Unknown,,false
4133,0xb0bb00296070325424727a0cbba44123c3854959,5,0,Unknown,,false
4134,0xb09f7fed3b2db425c8d77b96799d1bb0b232ac2a,5,0,Unknown,,false
4135,0xb0991a73fb62699c5d8cafc806101a91aa51ed25,5,0,Unknown,,false
4136,0xb092d266a1defb02cb421b7369eb0015af5fd53c,5,0,Unknown,,false
4137,0xb08f411371e2b34c4a8ed32304ea3d00ac5d9686,5,0,Unknown,,false
4138,0xb0896a19f2c3689dc2ae03a226dcdec5dab393a4,5,0,Unknown,,false
4139,0xb0873d056eb51b6f54ad2994a95c2ccf76bc3ae8,5,0,Unknown,,false
4140,0xb07ca7ca99a4d654b1f6b71a5bcf333784d2fcea,5,0,Unknown,,false
4141,0xb078b505aac7fd372d3d5dad22495e5c20de2189,5,0,Unknown,,false
4142,0xb0711d92a28392fe94e84c427c76a24c4ec2826b,5,0,Unknown,,false
4143,0xb06f6cff32acbc769d7ff68068fb70fd068f9420,5,0,Unknown,,false
4144,0xb067a487ac43199fa34ffabe01a144868b5e91c3,5,0,Unknown,,false
4145,0xb060066949472725e168015861a4d5b24434506a,5,0,Unknown,,false
4146,0xb0453a5d1bba4e1db28e6b0940582856796c2b6b,5,0,Unknown,,false
4147,0xb04328e8fac7ed81d6b38f81d6c6c8838edab2c2,5,0,Unknown,,false
4148,0xb0347d5b5c2a5d6d4e06b4a7e5b600bce75aaeaa,5,0,Unknown,,false
4149,0xb01390f347ee60fb499735f49b5e37c0b9dd507f,5,0,Unknown,,false
4150,0xb0038e962e81fa2af29a3e59b981db10d54ebb09,5,0,Unknown,,false
4151,0xafe6ed4c8c9748ba31ffcb1f64c6331a926f97b1,5,0,Unknown,,false
4152,0xafd60d8660bedc81080eb0b597a387df64b95820,5,0,Unknown,,false
4153,0xafd487968a76efc16e67ac7f9ced788976ae26a1,5,0,Unknown,,false
4154,0xafccc32f5d56425abbc4f81566825b58cedaf4de,5,0,Unknown,,false
4155,0xafc11ee2db34449420f94188d942ecd24999d869,5,0,Unknown,,false
4156,0xafc04dcc790579f79fb7fbdd7df7fbd8802c56d2,5,0,Unknown,,false
4157,0xafb32d16f4383b86929d41a0eeeefa7ce668f562,5,0,Unknown,,false
4158,0xaf93106e26f129a647d35adede0827fed97927cd,5,0,Unknown,,false
4159,0xaf8e0d05cbb53dfef9699cf0d2315e17c9c9e491,5,0,Unknown,,false
4160,0xaf86b52834457ef80771e10d9f69e824b61408cc,5,0,Unknown,,false
4161,0xaf84851539cd7de8db14cd44ce678761be1d72d9,5,0,Unknown,,false
4162,0xaf7d9ebb271b5136d0c47a90f15e39c78465cc48,5,0,Unknown,,false
4163,0xaf7cea373fcccc993978fc3b12c1b14e219e4454,5,0,Unknown,,false
4164,0xaf7acf7dc21ecc8711bbf593008444dcfd728b74,5,0,Unknown,,false
4165,0xaf792cd4afc9fcd694523875a6cd8ca5381ceea2,5,0,Unknown,,false
4166,0xaf6e4b7ee5152d89cfee537c3b1a9c7d42c36882,5,0,Unknown,,false
4167,0xaf6e31b209a4237d6e8f42f91c439750f6f47822,5,0,Unknown,,false
4168,0xaf5be91020290627abbe9c9f2ae28dd5c278a52d,5,0,Unknown,,false
4169,0xaf555f5dea6f0a6a10d3dc042496ec4889add7f8,5,0,Unknown,,false
4170,0xaf5519d95c4186f2bb4fcd8d3c5de5aa525f1766,5,0,Unknown,,false
4171,0xaf51244348fddf820678e132ca6255f0de44663e,5,0,Unknown,,false
4172,0xaf50dd7674d36b2ff2845725c2f4e935d9832cee,5,0,Unknown,,false
4173,0xaf4e57d17c990ec14d89a0321eb272626aeaa94d,5,0,Unknown,,false
4174,0xaf439fbe7e8082cbb7c13ff3a6aeb62e4c83e727,5,0,Unknown,,false
4175,0xaf42c5e27cde1460ac07adb31477687300602a02,5,0,Unknown,,false
4176,0xaf4075b45d8cfa8f1b590bf32344fa35332e5c83,5,0,Unknown,,false
4177,0xaf2441ca9906de1083d36523178ce34982317f45,5,0,Unknown,,false
4178,0xaf1ef191237081ad19eca8e73de5a55f68685b5a,5,0,Unknown,,false
4179,0xaf1ea1c489e9a6216d9ad2470ef0ca7f57773915,5,0,Unknown,,false
4180,0xaf0a9327e95e3adbc5a0b475cfe5603d990f47b5,5,0,Unknown,,false
4181,0xaf0a392ddaac70c3b5f872335d154bf3e6b5a77d,5,0,Unknown,,false
4182,0xaf03021e5e1c82b624a02c978fe42b93d6b79fe9,5,0,Unknown,,false
4183,0xaee49ca3640417498fb119a318f5833eac746feb,5,0,Unknown,,false
4184,0xaee03d346dc3b904e8cd94920a90e2b21e112ded,5,0,Unknown,,false
4185,0xaed98c5d3444ce72bcba681498f394f824676455,5,0,Unknown,,false
4186,0xaed72421b6f6ffff199930bd7a450b403c272215,5,0,Unknown,,false
4187,0xaed0c8d4ae5bca11e25bca4a8d7a757522ed4faf,5,0,Unknown,,false
4188,0xaec747363e9d23dfaeae3464363a94c758392bb7,5,0,Unknown,,false
4189,0xaec6b731aa3ec5cec925c6a128be95d381add4c5,5,0,Unknown,,false
4190,0xaeb0cca49a16afd9b3ea7389550878bad88204b6,5,0,Unknown,,false
4191,0xaea90541d6759c556cabdf7b0a4eab30c263fe3d,5,0,Unknown,,false
4192,0xaea6fee51bd9fd3e13c696b7d240267ab7e75941,5,0,Unknown,,false
4193,0xaea5a50da6337284ccda1d9c870374d01d7e5249,5,0,Unknown,,false
4194,0xaea31197796fd9103048264831bd3e7fd5a18ec5,5,0,Unknown,,false
4195,0xae9860f19a71de383dfa05337a877ce751f4b5c4,5,0,Unknown,,false
4196,0xae8e1d2d51b0dca56ec1b02446e11c9a6b3307a1,5,0,Unknown,,false
4197,0xae8c2a24fdf8168607d3b3167a228c3f3a140493,5,0,Unknown,,false
4198,0xae87e81dc438f4b1bf060123e1e0d1c950e67f51,5,0,Unknown,,false
4199,0xae75d4ea21a11fa17f7a8a0790e781595dcc7bb6,5,0,Unknown,,false
4200,0xae6d1b625eb0de067f2cfa115447f924a07be955,5,0,Unknown,,false
4201,0xae6358d853abfa8b09f0ebd822f3f4978fe95180,5,0,Unknown,,false
4202,0xae60e7a50afde3b8fe050bea0a7d548c4ee430d0,5,0,Unknown,,false
4203,0xae5956f60c8b36c5f43c3b865e2b25bf3f298ace,5,0,Unknown,,false
4204,0xae4a7f8bb272ea3b0cd6eeaaa6a0e717e3f86d40,5,0,Unknown,,false
4205,0xae34e477131f44ba1d1eaf40114e602bfd881673,5,0,Unknown,,false
4206,0xae27c3b4cc601dbbdb9fae41402ac6faff0e2a03,5,0,Unknown,,false
4207,0xae0c94e1f7ad6aa41f8f7b87c30d0cbd01df8599,5,0,Unknown,,false
4208,0xae09c82c91bafc082666bdd47a0e106e1d7b84c5,5,0,Unknown,,false
4209,0xae04fe606abd9addd388bc24678b2652950c9ff3,5,0,Unknown,,false
4210,0xae03852814f049352348464ecafa0576781e2624,5,0,Unknown,,false
4211,0xadff50d73cd0cf1d94c73d6c65c376cc9eee2a03,5,0,Unknown,,false
4212,0xadf266c957a56faffefafe32c2d0cdd0f46aa013,5,0,Unknown,,false
4213,0xadeeb793b44393ebfa3184e78dcd69df8ddeac45,5,0,Unknown,,false
4214,0xadec00951615a62f3328edc57d6e3f99e642fb36,5,0,Unknown,,false
4215,0xadeb94432d26bbb797ae173783bec25f02d03b64,5,0,Unknown,,false
4216,0xaddb2bdd88f810a84392773ac9f433aff10b8dd9,5,0,Unknown,,false
4217,0xadd64c81e4ab0677512f395d348050176ae67dab,5,0,Unknown,,false
4218,0xadce383fe836abaecf10ce3da00aeae67f5a3590,5,0,Unknown,,false
4219,0xadcbd985a803464a0ff59a4ad9d6cda4dccb92d6,5,0,Unknown,,false
4220,0xadcb169080943a44642f052af531607687811228,5,0,Unknown,,false
4221,0xadc7157749935a5a1b93fa654cff3b1ed17f773e,5,0,Unknown,,false
4222,0xadbe29d4fb72b1ea63c2a41e621e1772b9f3b1aa,5,0,Unknown,,false
4223,0xadb5f93698dd593c423bc4c44ed34da4336c8f44,5,0,Unknown,,false
4224,0xadb5d2d546e006bef8de76e6ca7f24177e8d9c7b,5,0,Unknown,,false
4225,0xadb250029fe3c3e599633121f0367ba217e933b5,5,0,Unknown,,false
4226,0xadb0f0b2e3323db3cef5ef50d3326fc11d387773,5,0,Unknown,,false
4227,0xada32bffb5821844bcbff5df4a54021f0c0513c5,5,0,Unknown,,false
4228,0xada1517d5cca6712fe24174e2ff6eee5393ab306,5,0,Unknown,,false
4229,0xad8af7c2443590689e858d318b371a11d7e0974e,5,0,Unknown,,false
4230,0xad8839bd6a69383768e7b2cb1f9a2c5658b6f41b,5,0,Unknown,,false
4231,0xad86e3b99b7d888cfbd23a92b8e700bcbd465dc7,5,0,Unknown,,false
4232,0xad6abe2755851d50467eaecbad9ecdf637c3975f,5,0,Unknown,,false
4233,0xad69e72b3ff807eda4e409b2eb1862a2aedad9dd,5,0,Unknown,,false
4234,0xad6181cfe55d93e3e12584ccae1162094a7f53aa,5,0,Unknown,,false
4235,0xad5a3880ad4226bb662bf8892101c244f9da4c78,5,0,Unknown,,false
4236,0xad56d29a63b8ec4afe0ef8a788b3a5f155c5fa70,5,0,Unknown,,false
4237,0xad4b187370f44048ff5bf03a6538fc412ed62bf6,5,0,Unknown,,false
4238,0xad4898d82fcbddd682bc61ab7bc38f9d660cd6ce,5,0,Unknown,,false
4239,0xad44814320d440f01a4647a60784f56687ee0d5e,5,0,Unknown,,false
4240,0xad3f302c5d0f4be35883ed1ef01a25412c0d005b,5,0,Unknown,,false
4241,0xad3e706825bf450b5437e9382782e8f4c26dce56,5,0,Unknown,,false
4242,0xad3a84db411c13f732aaa2e83381cac1c41eb436,5,0,Unknown,,false
4243,0xad3957dfbb47a331c02c49defe5fcad3beb206ab,5,0,Unknown,,false
4244,0xad33444c57f19d61facff765f576f1904df858b2,5,0,Unknown,,false
4245,0xad2db99a7d27a7384418bdec9ebeca3cbd271901,5,0,Unknown,,false
4246,0xad28f4be119e780b0024d5e41e69beba99c9741d,5,0,Unknown,,false
4247,0xad1d4f5ea8b53be50567a0a4c529d3e3238fd6d8,5,0,Unknown,,false
4248,0xad09d4e0a0b724b67136b0740013f7bafcef95fe,5,0,Unknown,,false
4249,0xad0121e7bc14e469faf54385034f8c8ce4c35395,5,0,Unknown,,false
4250,0xacfce57adf5f2a8e3dbd072dd269a7d5c7014967,5,0,Unknown,,false
4251,0xacf1da1518618ee0306182a3cc40505987ae2074,5,0,Unknown,,false
4252,0xacec255d4380912d41f385af665c9abc6d1900b0,5,0,Unknown,,false
4253,0xaceac3efa5bcd30761dc8be5b588751a524bb580,5,0,Unknown,,false
4254,0xace0eed4fcd72e21ff8df8a66f0d1c949ad80538,5,0,Unknown,,false
4255,0xacd9e193a6fd685035898cf30a1ff70fd59b5647,5,0,Unknown,,false
4256,0xacb76462971b4f7f36927daac4b752bc7aba6e0a,5,0,Unknown,,false
4257,0xacac30c45dbfb3cbb63907c4f576a4c80b953593,5,0,Unknown,,false
4258,0xaca948e9e957b6a13595c07af0fda7a3e0987139,5,0,Unknown,,false
4259,0xaca7a102244975bfa6e074bca5e3f78023896a66,5,0,Unknown,,false
4260,0xac8bbb7bdff2ea9f53ae256f51c06e6aebef3d2c,5,0,Unknown,,false
4261,0xac86b5332b83f3ba3d9a2ecd1d2005a41aec9c04,5,0,Unknown,,false
4262,0xac81f6a8caef06d5105c7f591e93b02f4ed99173,5,0,Unknown,,false
4263,0xac817d6638d439c726ce7c39c5f49e924acfe04f,5,0,Unknown,,false
4264,0xac7d119e367cbc27d3e8133e6a2f0ad09b507f54,5,0,Unknown,,false
4265,0xac79392cf74dcd9fdd4bd26ddc36cf0aefcc04a8,5,0,Unknown,,false
4266,0xac6db39c6b0e7a51de45f0e7755f30b43cfc2795,5,0,Unknown,,false
4267,0xac6c9a04c18c500dbb6e3f32d3578f0825c590ea,5,0,Unknown,,false
4268,0xac5154721d0584472d119db7ca6ed5aa4d389b39,5,0,Unknown,,false
4269,0xac498bab7bb712d672b6728fa006b51ec2f1fd43,5,0,Unknown,,false
4270,0xac455002270359388d842df7d33a795e51d94a95,5,0,Unknown,,false
4271,0xac4521caa3e5c780128397964d86a2c30652be9a,5,0,Unknown,,false
4272,0xac4039c6fbf940fe122cb47c9d75ce905d44eee9,5,0,Unknown,,false
4273,0xac3f677805b4e1adc242f85d094323bed6396ea5,5,0,Unknown,,false
4274,0xac3e0ff2f60164043d2deeb5dacc75b802f744a9,5,0,Unknown,,false
4275,0xac37baa43976be5b373fd62e8cefb41f26116714,5,0,Unknown,,false
4276,0xac37520256f3b13c7d47facd4aa2fd42057963f1,5,0,Unknown,,false
4277,0xac3598c20bb28901f2a6fe586bb985edcc9fd1c4,5,0,Unknown,,false
4278,0xac215e6e2f127ab16587e96ce0d9d309bdce322f,5,0,Unknown,,false
4279,0xac2052c365af82f7a4322c612d787d083ee45e4b,5,0,Unknown,,false
4280,0xac1ceaa55da503664600cb0e7ff5a4364dd26299,5,0,Unknown,,false
4281,0xabfc3d493f19fe2e97c0e87ceb0813727965cf34,5,0,Unknown,,false
4282,0xabed35632333138c0b827b40ac9e373c75299898,5,0,Unknown,,false
4283,0xabeb6753bbe1d2c8acba263fcb8be9455321bf4d,5,0,Unknown,,false
4284,0xabdae2873fcbf8ea8e44f71019f1e2e712c47b56,5,0,Unknown,,false
4285,0xabcb1a61c44339e922829430e5c79f18f3fee63c,5,0,Unknown,,false
4286,0xabc3c5c2294112fb917e4bed5befce7a8dc8486b,5,0,Unknown,,false
4287,0xabc257f285019cadbfdc6352c0188bb75dcb1790,5,0,Unknown,,false
4288,0xabbea8b2b4e8da5d9018bd97290b679b2212db00,5,0,Unknown,,false
4289,0xabb60aba25ca8b2fa6ca36fae6394a22acf743b5,5,0,Unknown,,false
4290,0xab9ecd527b61ede97add904be3b3afe5ea8c435b,5,0,Unknown,,false
4291,0xab9c1dc34f7b60db9b5833c9dc92d692d469e6b0,5,0,Unknown,,false
4292,0xab9837baedaa755211c9109660664a223911221b,5,0,Unknown,,false
4293,0xab8bb428ac063729778769c0264210361a7bb1b8,5,0,Unknown,,false
4294,0xab7a62155b859c9df133bf72c89b0349512940d5,5,0,Unknown,,false
4295,0xab789139fbb590a31ba151c683c9764b136b5e1d,5,0,Unknown,,false
4296,0xab74771f7723a388570b7d690e22d1f693e24b9e,5,0,Unknown,,false
4297,0xab70bccfa33a33d8ae4fd7a3770a20aa2d005b38,5,0,Unknown,,false
4298,0xab6d87e36c3fd25b3b9c7f4e9b8ac2ae9135300e,5,0,Unknown,,false
4299,0xab653f544a1fb09645e7ef69beb3337ed7f51cb4,5,0,Unknown,,false
4300,0xab5f186ae6094bd39b7c69747e10ab99b9e9215b,5,0,Unknown,,false
4301,0xab4808b6b08040f55509690c062ae188ebe213b8,5,0,Unknown,,false
4302,0xab47c4820fb89af5c6daa3db4e8036ab762387a9,5,0,Unknown,,false
4303,0xab2fae8cb678474cf6835185eaa0d2de3d33942f,5,0,Unknown,,false
4304,0xab286d2be9e223e07a9c6c83f167b0020abbf45f,5,0,Unknown,,false
4305,0xab21432a1d51751d61920aec5fe7807c53e6036a,5,0,Unknown,,false
4306,0xab19a250f1e195a1be45219f9e65a50b793864df,5,0,Unknown,,false
4307,0xab0fed20299a55f7ead58c3efb504c6630d9d4a8,5,0,Unknown,,false
4308,0xab0b4b6ffbab0ca8e99a7301ea69b8adf00e2ca6,5,0,Unknown,,false
4309,0xab096bf233a85423e0cd28ea005836069725958e,5,0,Unknown,,false
4310,0xaaf30d905242bc30b12296204d2f0f6ae7165ab1,5,0,Unknown,,false
4311,0xaaeb971ddeacee718306771794d8dc0e466a0ff7,5,0,Unknown,,false
4312,0xaae773341cd2f146ff375087d569cbcc4db558d6,5,0,Unknown,,false
4313,0xaae5c07f7ace920a5f71e3bc5649fb269888cd54,5,0,Unknown,,false
4314,0xaad302fa75eb7c73cdf1cda277a86293417021b3,5,0,Unknown,,false
4315,0xaad1062601c4a598b2d2bf752c1c099554427343,5,0,Unknown,,false
4316,0xaab6e1a790fef5e19b3117c5c49b57524fdf7544,5,0,Unknown,,false
4317,0xaaa0dfccdb6a20aafcba32e133b42602fcee7138,5,0,Unknown,,false
4318,0xaa9b7f3af17d3eca04a37328fd5ccc5ddf3c426b,5,0,Unknown,,false
4319,0xaa9ae764885196d0e53caf49edb4c2b8cf995893,5,0,Unknown,,false
4320,0xaa93e47e3cb8f83aae7ef5e0eee2f93a96ae7ac5,5,0,Unknown,,false
4321,0xaa8392ce3e16d9fe0b2e133ecca07bd5fec56695,5,0,Unknown,,false
4322,0xaa79a5a031e40a606ae765b8a17cdfeb0165117e,5,0,Unknown,,false
4323,0xaa6651aff26aed332f633bb0bc190d4bbe437773,5,0,Unknown,,false
4324,0xaa586df9d274d495aa0af9d8f8b9298d35386858,5,0,Unknown,,false
4325,0xaa513ce144c82d2452f59a3ddfe113c64ec1dd1d,5,0,Unknown,,false
4326,0xaa46d21899b2666a82ef5f827191b06afd68af45,5,0,Unknown,,false
4327,0xaa434abff69da964b2354a7b710ff12ec29e8e70,5,0,Unknown,,false
4328,0xaa300f28853262f39b33caa0e1e2da5f088c310e,5,0,Unknown,,false
4329,0xaa22e04afe6554a17208dfa59466c419a347f57a,5,0,Unknown,,false
4330,0xaa1fb406f63272954183719a627a9331064c1828,5,0,Unknown,,false
4331,0xaa17c35b6b41bf90664c53b33c3081658273f8ce,5,0,Unknown,,false
4332,0xaa04a1b529e2a9115ee3248d7d918f0622f3365c,5,0,Unknown,,false
4333,0xaa0349eef513b2667fd14b4729503fc2bfa4ed72,5,0,Unknown,,false
4334,0xa9f93b308f564efe691f922cbc177e3aa46c535f,5,0,Unknown,,false
4335,0xa9f358b5ddaaa7705f798f3569a431df85746865,5,0,Unknown,,false
4336,0xa9d31cbe9f7e4365dd602bb35ac148322419af11,5,0,Unknown,,false
4337,0xa9d01da33a16d517f295f0003fb63932d36ae312,5,0,Unknown,,false
4338,0xa9c7e3fe6652b7c49d4163526accea1f0614ad7e,5,0,Unknown,,false
4339,0xa9bff018530944fa6793866802fdebcc25fb3fcf,5,0,Unknown,,false
4340,0xa9b6d29100018f5c635a8d41c2fcd46c43add936,5,0,Unknown,,false
4341,0xa9b42b279058659f80e57b82e91318052e82c224,5,0,Unknown,,false
4342,0xa99d5265845196987321eac8a9e571f3293aaabc,5,0,Unknown,,false
4343,0xa9906344b4152ab281f2724f4307b73f5451b4ea,5,0,Unknown,,false
4344,0xa98a44e5d88e074021a6793f054f9941e9cbfe15,5,0,Unknown,,false
4345,0xa97a1dcdfd51555ac35b3d0bc97b188e9b0a1092,5,0,Unknown,,false
4346,0xa972a30469ac13a8954384d7f654a9170ae921f2,5,0,Unknown,,false
4347,0xa971f95b9147ad90bdd208947be4e8e4e4a919e2,5,0,Unknown,,false
4348,0xa96bc8e51ca6222ece4ba6032696ee5ffe65797b,5,0,Unknown,,false
4349,0xa968117723577276c8aa621d5a5f229ca8375487,5,0,Unknown,,false
4350,0xa956c002ece25334ee3bcb9fde65b84e9029543e,5,0,Unknown,,false
4351,0xa955ff3531b996e7809840a62bbeca34f2497b3f,5,0,Unknown,,false
4352,0xa94e67d1f97341b2aeae3055ff6e834f9daba19e,5,0,Unknown,,false
4353,0xa94d84532509b9c8d27ca23e0f525d1a84d59816,5,0,Unknown,,false
4354,0xa9301b8ce96966981ae6571414cdfa0223db501e,5,0,Unknown,,false
4355,0xa911563f40c69b12556cdc908f3eba3d66c8ab6d,5,0,Unknown,,false
4356,0xa90d2891e33215b6d90a2628e95e6472f4235f98,5,0,Unknown,,false
4357,0xa9011b9eded70aab57a41433edd417adef862add,5,0,Unknown,,false
4358,0xa8f31e2730ca1e0c1ef84fd2f6d57f4123653d9b,5,0,Unknown,,false
4359,0xa8e2d4387620d55348b1d8bf4694087ac4c18c8e,5,0,Unknown,,false
4360,0xa8d70085d8302f751f622ee4dc9c9c7df43e39eb,5,0,Unknown,,false
4361,0xa8d5b952531ac83217c704d59b9e273ca1868034,5,0,Unknown,,false
4362,0xa8cc0dec8daf8c0c55c7387e00dc5d71d31fb17b,5,0,Unknown,,false
4363,0xa8bf507de21a24e012246640072908d14d1a84a4,5,0,Unknown,,false
4364,0xa8ad04ec4bf5205d8590130e88b07eaf829072d5,5,0,Unknown,,false
4365,0xa88e3414f7c96669d9126429a062ab71cb8a7334,5,0,Unknown,,false
4366,0xa8891ba39fc4b109251dbb6db90abe1e4213083c,5,0,Unknown,,false
4367,0xa883466c6e911a19730d4ffdbe51f4e2eb01a51a,5,0,Unknown,,false
4368,0xa88275145ef3cda6e3e29dab9f506f169a94c735,5,0,Unknown,,false
4369,0xa8768279cad9863feadfb65c355b9a95b2b3bfa9,5,0,Unknown,,false
4370,0xa865b16a0d283bc3ed06117e64d02347e198ce24,5,0,Unknown,,false
4371,0xa85e135eb1696230554cda0e236cf8fc046b7f79,5,0,Unknown,,false
4372,0xa85474c26fd3d08a07dd1191a0c08b1c53106f5c,5,0,Unknown,,false
4373,0xa8494f696478c01ed9e1d18c367c8608301634df,5,0,Unknown,,false
4374,0xa832354a923dfda8d7a40e2cc2875d1db9df95d5,5,0,Unknown,,false
4375,0xa82ee7128bef95661c963ec29673bdfca3f7762a,5,0,Unknown,,false
4376,0xa82e9c3c0db0917e8e538ecc262b50e93fead698,5,0,Unknown,,false
4377,0xa82c65ffab37df822b7c369382f094ee77180277,5,0,Unknown,,false
4378,0xa82b1518b6220dd20de5b2cac011b65808cf14a6,5,0,Unknown,,false
4379,0xa8252acb2fb0914a831e1a8274dacddcfb4f5f0c,5,0,Unknown,,false
4380,0xa823d08d4e5cc5b55c3e280b97bfe9f169ab8ca4,5,0,Unknown,,false
4381,0xa822bd008aeccd47129f2c64970a391c3bbbc0b7,5,0,Unknown,,false
4382,0xa81e6175d5068e55e55b64cca957e42fb5a6eea3,5,0,Unknown,,false
4383,0xa8168f14b729f103f351dd9437783332a56d5840,5,0,Unknown,,false
4384,0xa803a2dbdb83c3858b9053d7a1c1cbb0b13e15bc,5,0,Unknown,,false
4385,0xa7ecd136e2ef180078be55bf85a99e2f0886d54d,5,0,Unknown,,false
4386,0xa7d8be117f4c7606da617ee3093ecc46d48e7e88,5,0,Unknown,,false
4387,0xa7cd408cfd7ece43312c3e5f3c82e29eb754f666,5,0,Unknown,,false
4388,0xa7cb0d19e57f0c032657b89c16e804f0d66dfa03,5,0,Unknown,,false
4389,0xa7b57b842c431192d1c41ff947eca1b7795b5ede,5,0,Unknown,,false
4390,0xa7b251916b4c79aef3c9794c4438ee505ef25873,5,0,Unknown,,false
4391,0xa7a68c565dd7d1774a505fb9f597033c8e0e769e,5,0,Unknown,,false
4392,0xa79bcdc91088de20d0e2eacc50709683da4b78eb,5,0,Unknown,,false
4393,0xa7996247068b77bd69608a1efef4f32cbfe84ada,5,0,Unknown,,false
4394,0xa7993975017b50d0f9d608adf5c1c0c06e5b813c,5,0,Unknown,,false
4395,0xa79336ea3155d4941f1a9939b00fcff0ee9862c9,5,0,Unknown,,false
4396,0xa7890bef1d914dee116d5d24673da38f79f91068,5,0,Unknown,,false
4397,0xa785b4c446c053c1e6d843d86624633fb483693e,5,0,Unknown,,false
4398,0xa783667c09c8cd9d5eaf0cca2b6a6718c29cb4e0,5,0,Unknown,,false
4399,0xa77fff7a60935a309c8a90fecfe63145f372461b,5,0,Unknown,,false
4400,0xa776f7f6ec5103d5158bd5c55fb2c1142ad6b041,5,0,Unknown,,false
4401,0xa76d587757e886d5b816844b09b37e4c3c6a18e7,5,0,Unknown,,false
4402,0xa76d31888851d770b1e45e2d2ecef27512c912fa,5,0,Unknown,,false
4403,0xa76340c8ee65f0737686a79c2c501fe466082a65,5,0,Unknown,,false
4404,0xa75b1f4a6383dbc44a137bcb1301983987a62539,5,0,Unknown,,false
4405,0xa749b82cc1db82d3b806981843e8387bfae9afdd,5,0,Unknown,,false
4406,0xa743408bab419fa7f19394e27494740254a66563,5,0,Unknown,,false
4407,0xa73139e5e380dd2a27481113c5e3fcfede7440ce,5,0,Unknown,,false
4408,0xa701b94c33184ea5a83f83d38817a0c425513992,5,0,Unknown,,false
4409,0xa6fc1457422af0281e389626be801bb6e4bd6997,5,0,Unknown,,false
4410,0xa6fba4957959a3dcb6317d0121240e41e6e57c0a,5,0,Unknown,,false
4411,0xa6ee1d74c63c35de5d32e37eade22cd1554f236c,5,0,Unknown,,false
4412,0xa6ecf7223c19d42c92164c08cfda234bfbdb0289,5,0,Unknown,,false
4413,0xa6e8cc5fa5e558b099c4a6417b45e1fec42bf519,5,0,Unknown,,false
4414,0xa6e11ad7f35b9e2ff4c2933bb44f199d6280e9e1,5,0,Unknown,,false
4415,0xa6db2104e25988eb34dc45119ad4de51190c06dd,5,0,Unknown,,false
4416,0xa6ce24c4ca2148bf101b307c42ec5e4243c066c3,5,0,Unknown,,false
4417,0xa6c14e0065833cb34a7261474e22f194515903c5,5,0,Unknown,,false
4418,0xa6bc2248c3be161efe76929f4b2b596d0e1bb765,5,0,Unknown,,false
4419,0xa6ba2ffd14f2edfa7c6f735a58e18cf7052652f3,5,0,Unknown,,false
4420,0xa69d258f44c25bdae78894a3740508989f724058,5,0,Unknown,,false
4421,0xa692d8050edd42d0b4184ff8ad89362d0e4148d9,5,0,Unknown,,false
4422,0xa680a7187a39c1725102b4138c749688318ab2a4,5,0,Unknown,,false
4423,0xa67603ed4db0a2f62e654c00e39f0f7c7ae38bc3,5,0,Unknown,,false
4424,0xa67239dce08c0518e0028fb9b2035f1f5ee23da1,5,0,Unknown,,false
4425,0xa671f91fe476f45b3388ee7e9bc9de4ddb48ec5e,5,0,Unknown,,false
4426,0xa66c770a1c8583549907952a4c2b94bc262a6a5b,5,0,Unknown,,false
4427,0xa65e01a4f5ccd8b9d813bd01af283d14e0af8a37,5,0,Unknown,,false
4428,0xa65775d91222b74f02ad8b533c3887e62803d945,5,0,Unknown,,false
4429,0xa655e04c3fa7a33bf20f3521cfbf07c985d5c877,5,0,Unknown,,false
4430,0xa65361f532e9149c6864101a68283fae7f9ecb44,5,0,Unknown,,false
4431,0xa652a56f7cbfd87179539239082db676edf57683,5,0,Unknown,,false
4432,0xa63f950f52a565982e8e09132a74d8ddca9b16a7,5,0,Unknown,,false
4433,0xa635957c63029817e54f8c63e573a9a9418f4758,5,0,Unknown,,false
4434,0xa6306b4736048678a5433f4d56c15e84ad56b4ea,5,0,Unknown,,false
4435,0xa62756fb2e6d5bb19fc5b43a986a49feb0a456aa,5,0,Unknown,,false
4436,0xa622c61f1ab0345a1c45cc88f95041c153e941d9,5,0,Unknown,,false
4437,0xa61f4ed0df6ebed5be361a358ae5cdebd3d6d7a6,5,0,Unknown,,false
4438,0xa61e724ba40c71f0a1b5aa9949d18024e4f040e3,5,0,Unknown,,false
4439,0xa61cb12c1c524c157c398c20e6d6cfa3e0e7b105,5,0,Unknown,,false
4440,0xa6131c46a862051e53a588fb10d10fcc8e947dd3,5,0,Unknown,,false
4441,0xa601db4f30d626cbb891a1835b7494ef99463b9c,5,0,Unknown,,false
4442,0xa6012a13a0eb30e494024cc4bd2e1a73de8427e0,5,0,Unknown,,false
4443,0xa5ffee735d0be92053556ca93bcf27da33a560ed,5,0,Unknown,,false
4444,0xa5fa1a08a1ade40b58fa729381f59b941e8c7f18,5,0,Unknown,,false
4445,0xa5f710185896e3e2807efbd0ee55695b5a63e43d,5,0,Unknown,,false
4446,0xa5d6baba5f5fac0a76d484aa5cd4aa8658005eb4,5,0,Unknown,,false
4447,0xa5d64990842dc5bd8021fd58af87b76f9fc9d946,5,0,Unknown,,false
4448,0xa5c8bcc8513928d9b456a530227273365319917c,5,0,Unknown,,false
4449,0xa5c46d05a079976a0d82fa6835f187b54623b676,5,0,Unknown,,false
4450,0xa5a56071f295a36943f5ad83b77b61b417ecae40,5,0,Unknown,,false
4451,0xa58674a697b7699d5a3d0081888f085dd3d59a28,5,0,Unknown,,false
4452,0xa57d5c5d96ca5bd1e98d7f5b9d876fc9fb290fab,5,0,Unknown,,false
4453,0xa56dafa34c0d704ecc70015dbe6c60b5ba7650ca,5,0,Unknown,,false
4454,0xa5626fdb8f14ccd8c83de3c29e7bd8bf3bc8de2b,5,0,Unknown,,false
4455,0xa561edd066004c4259f5a9ee9c3744770b277f29,5,0,Unknown,,false
4456,0xa55e49f07cdd8d7afbaefaa9974d21091432a747,5,0,Unknown,,false
4457,0xa55bcbf20d4431ef91ebf55dfa60058951293c30,5,0,Unknown,,false
4458,0xa557b8d9a8b20cfb02d2412833eaa81059bb37c6,5,0,Unknown,,false
4459,0xa555f5ef0722bab36452ce5c8f701a125e0f0940,5,0,Unknown,,false
4460,0xa543d9bafcb5eac3e4ca402de8b8a26701f4e840,5,0,Unknown,,false
4461,0xa53fd3419a39b102a5b7bd01e57913e50cfee1e6,5,0,Unknown,,false
4462,0xa53dc158e2ef6885dd9dbe0bfab6c033d9f95f5a,5,0,Unknown,,false
4463,0xa52609adfeee939da0a09b595acbbccbf973e3fd,5,0,Unknown,,false
4464,0xa525420f10deb9a1d6e2fb0ee84028bb62796f18,5,0,Unknown,,false
4465,0xa51a5b81eb2cabe0b2114d7a667351dd33803a64,5,0,Unknown,,false
4466,0xa50d7a16fda3a7fc23e114c84742f41ab26cbf32,5,0,Unknown,,false
4467,0xa4c291ed80e748247779126dbadaf91b222713f1,5,0,Unknown,,false
4468,0xa49feb1521957bbbbfb1b501446c906618eea768,5,0,Unknown,,false
4469,0xa49f9a2d9614cd978c3f41c4f79cb5a8ea882ea9,5,0,Unknown,,false
4470,0xa498255edbcacd0972d1ef9d8bbe575ec9838862,5,0,Unknown,,false
4471,0xa47bf86fbcbbdcb4dbf725868c0aa801b1a17d08,5,0,Unknown,,false
4472,0xa475d20ad3a3dc27efa10601f986bb86c9f00207,5,0,Unknown,,false
4473,0xa4721ac93f65012c8f43f4c7cca23d11b164b311,5,0,Unknown,,false
4474,0xa4719b998997da7de027d608cfbbc23669fce5b4,5,0,Unknown,,false
4475,0xa4647c42fd6782535c5c2deeaefa109301e3ae06,5,0,Unknown,,false
4476,0xa46381674cbf8bbc983a178c83e7153567fcb386,5,0,Unknown,,false
4477,0xa462ff8eb7cdd9d80c7c9840e353700502bb0447,5,0,Unknown,,false
4478,0xa45f1528252cb13fc49438f0e8ff4ac614c9dd96,5,0,Unknown,,false
4479,0xa45afbdc1e9e607852646c11d7551fea0cefd671,5,0,Unknown,,false
4480,0xa451270970d4d4275e57b0cfd654e5a8e5068389,5,0,Unknown,,false
4481,0xa4423685aa12268c7a659020eacd6056cfdd8f06,5,0,Unknown,,false
4482,0xa42fb6f18f5ef9aaff6894d58be1366dcae6bba2,5,0,Unknown,,false
4483,0xa42efefa769dba61e3a3367ded1242bb377b02ec,5,0,Unknown,,false
4484,0xa4248339f6f32c9ba2b941a7d865d50d91b3f3a0,5,0,Unknown,,false
4485,0xa4114ec75ff51c3d2e10c58bc1d747e5fb6ccf60,5,0,Unknown,,false
4486,0xa3fc093fcc558fa87bf1b33054194ae0c2f68c19,5,0,Unknown,,false
4487,0xa3ebbc72d230285eab7d20a2531d49bf8e8fd7f4,5,0,Unknown,,false
4488,0xa3dc3bc8659a39a5f4d7d62e15e6129b9d77734f,5,0,Unknown,,false
4489,0xa3ce110ebe06188c8602ec7766a52c23a7870b63,5,0,Unknown,,false
4490,0xa3ba1d67711c03a821c1ce21c53976fdd410c1df,5,0,Unknown,,false
4491,0xa3b7be650b9d2061d46900c1b26cfbc54fb77d34,5,0,Unknown,,false
4492,0xa3acfa8620f9bbad92455afd315638324467a547,5,0,Unknown,,false
4493,0xa3a079caf41678e5c201b3adb231a5af615e2c9f,5,0,Unknown,,false
4494,0xa39ffde5b8b04be1e8fb76a0fa61444e52c91011,5,0,Unknown,,false
4495,0xa394c3023599e0b2ed428c556167550c6f432436,5,0,Unknown,,false
4496,0xa38daaa672871ed044c6221aa59228bd1b6cf707,5,0,Unknown,,false
4497,0xa3845a6b7b39607bc19d2dc97ed85e9579a2e874,5,0,Unknown,,false
4498,0xa383248e524c3c63ddc94a34451f2b2001012e62,5,0,Unknown,,false
4499,0xa3727b1e03c2fa4ea58c8bff884e32828935339f,5,0,Unknown,,false
4500,0xa36e3750bdaa961b39d103f4b62a87282824adc2,5,0,Unknown,,false
4501,0xa35d274dc23f5d69b56f3e04abd0246f5db84472,5,0,Unknown,,false
4502,0xa35afce6c182d2f921f716628f2c609249b8c43b,5,0,Unknown,,false
4503,0xa352d67bf871b25b8d6c93616ccf37301f64809e,5,0,Unknown,,false
4504,0xa349462e15f730881f0286d5d9c78e1f502f339f,5,0,Unknown,,false
4505,0xa34835b8903bbc9b43747096f9344eccc628ed48,5,0,Unknown,,false
4506,0xa343b0c80b6b349f58910fadefcf014ce8eea85f,5,0,Unknown,,false
4507,0xa341a368261baeeb52baebc6421af23f29fe8d01,5,0,Unknown,,false
4508,0xa341249fc671b8d276c1cec9eaa9114e431c430b,5,0,Unknown,,false
4509,0xa33351a95ff4381901855f631ef3659ffd883e1e,5,0,Unknown,,false
4510,0xa32bf0c316112479ad3807ec4128ce628561db5a,5,0,Unknown,,false
4511,0xa328d26c4be840decdcc0de5cf8146fb0e34adb8,5,0,Unknown,,false
4512,0xa3231f43badae8ccd75d9b24b9d542d9b1a7c4de,5,0,Unknown,,false
4513,0xa31c2636a833c061173cb90ef84d394ec79e19b2,5,0,Unknown,,false
4514,0xa319fe7ac94b10614f879c32d1f979291c1c1446,5,0,Unknown,,false
4515,0xa3124c54666d8b530a66c86c978e46df67c9b3d4,5,0,Unknown,,false
4516,0xa303d1777ab82ed1c3318650fc153332026d686f,5,0,Unknown,,false
4517,0xa2fe22fa596ed4f8b616b08e1675796cc7a7d88b,5,0,Unknown,,false
4518,0xa2fb4597aab08a05ee178275c0885827b2a46e95,5,0,Unknown,,false
4519,0xa2f98d2487b705dba4e8945bf743221fa468c006,5,0,Unknown,,false
4520,0xa2f7c1b5fa65d20601785041168f39bdfc61bcaa,5,0,Unknown,,false
4521,0xa2dad26d8ffaf045b0fab31dfd084b83fe70d363,5,0,Unknown,,false
4522,0xa2ce6f94eff6752b62ef1a0bd6e28d8e99d49d92,5,0,Unknown,,false
4523,0xa2bb6ef30dbccea1fcd562ca80c358f2f8cef1f0,5,0,Unknown,,false
4524,0xa29fb5b64135ee18006781bf2f656f396e1057fc,5,0,Unknown,,false
4525,0xa28f0f22472234743c2625eff541fe30d26719a6,5,0,Unknown,,false
4526,0xa28a7da1758cb9cb77b66db708d9be4e06ad29b5,5,0,Unknown,,false
4527,0xa2873d9ad1e4d29910f8b483e95e5bbd3b746191,5,0,Unknown,,false
4528,0xa2840de51a9eb7c5860bfd861eefda2cdb97ba15,5,0,Unknown,,false
4529,0xa27d63d330b8a8bb5264ce44b9e9d696239fd73c,5,0,Unknown,,false
4530,0xa26e5a2547edd5cdc59295a755ace87d8206824b,5,0,Unknown,,false
4531,0xa265c7b95b753409ca8d5e85bd1548363ffc802a,5,0,Unknown,,false
4532,0xa25acb685dfe4a8b839a24591328348f6f786fc8,5,0,Unknown,,false
4533,0xa257ad1602c4e5b12ffe9f5bf5e047e7f4b7d8a2,5,0,Unknown,,false
4534,0xa244f78ec1b0c8cc2f923223c63cdd3f5f4c5311,5,0,Unknown,,false
4535,0xa21a6eecdbf82ae7ec490691a97697d4d4a9f2c0,5,0,Unknown,,false
4536,0xa211dfaa841851bab495c31e05847b7dd20761a2,5,0,Unknown,,false
4537,0xa205be63bf861ff6543e8b2bade3ce4aa507d60b,5,0,Unknown,,false
4538,0xa20305bdf6f490b9d2b5976588e0d49f16c2d69e,5,0,Unknown,,false
4539,0xa1fa610a4113d10b1cfef330a732bd2c44427abd,5,0,Unknown,,false
4540,0xa1f245d4fef6c3eb1c8c6facc7fd66f31a53914c,5,0,Unknown,,false
4541,0xa1e7343895579779f5d5b1c07725013e4b30f4e6,5,0,Unknown,,false
4542,0xa1acb08427a30c2c59b7c2919217071068633f4a,5,0,Unknown,,false
4543,0xa19e092bce913c005f62d88ae411ab427615ff3c,5,0,Unknown,,false
4544,0xa19846cd3697e70e307b8f38f52c5031e1caab63,5,0,Unknown,,false
4545,0xa17417e6f3bd81e36de9560dae4b9ec1db79d512,5,0,Unknown,,false
4546,0xa16dc75665d8b0bd26eae8ea3e3b9bfc4ab92762,5,0,Unknown,,false
4547,0xa16a606c9e455809320da9b871f5f2cf6ca78871,5,0,Unknown,,false
4548,0xa164adae1b9e2e3e1cb97ff6fe10e37aa645fcda,5,0,Unknown,,false
4549,0xa15ef9cc1c70fe0544dbb98b95c7200c6fff9e28,5,0,Unknown,,false
4550,0xa159af5628a5d22957010eac85f39eda08de5062,5,0,Unknown,,false
4551,0xa14df64be5e4451faf5af9f2214cfa4bc1d87880,5,0,Unknown,,false
4552,0xa1417da5509379d953d6d560d2ceb7b3c6d2c96c,5,0,Unknown,,false
4553,0xa13efde33d81738c536b2f188e82e6e8d8036b96,5,0,Unknown,,false
4554,0xa111a4d4405639136cfe5a49926130a64e2c31e9,5,0,Unknown,,false
4555,0xa0ff0615320cd447cf4375e8b30bd678b9b3046e,5,0,Unknown,,false
4556,0xa0f9906bb827960ce6396ebac554837e32ba0b25,5,0,Unknown,,false
4557,0xa0f7f14306b519bbb27946c520bc656122ddcf33,5,0,Unknown,,false
4558,0xa0f485d625f573bad41f8e8652716c6c4ecb1402,5,0,Unknown,,false
4559,0xa0f242a1c85bf5caf302f10608d75fab5ff59188,5,0,Unknown,,false
4560,0xa0efbf61fde8d3c565779f9d9be278912fafcc68,5,0,Unknown,,false
4561,0xa0efbcae47c7d4300b2a9ec863ac819418cd954e,5,0,Unknown,,false
4562,0xa0eece52c845d6e0b129870c93f0da86447225de,5,0,Unknown,,false
4563,0xa0e6a624274fa9e77800da237a07fe7877d9141f,5,0,Unknown,,false
4564,0xa0d2e1f1ddb16cfad625f87db0876f31fb5d31e9,5,0,Unknown,,false
4565,0xa0d18c7dc3d38986f47d79eb389f0fcac42f7c4a,5,0,Unknown,,false
4566,0xa0cb72461e2f49185bd48de855f2ecfbaaaf35b6,5,0,Unknown,,false
4567,0xa0c6876a681ac898a1072bdcc93587d1641d33a7,5,0,Unknown,,false
4568,0xa0bb8a96a4e53c244cc6787be305f109c3213fc6,5,0,Unknown,,false
4569,0xa0b85ff3f1b2c6b35c8446cfaccb26f54ef60bdb,5,0,Unknown,,false
4570,0xa0a275ad5837ee2eb0fe3e91937680ee21a70c60,5,0,Unknown,,false
4571,0xa09f486ac48d07f81035df0752947c475925da23,5,0,Unknown,,false
4572,0xa09048d0e02a42c5acd687e4608ffe6f5c62d4cc,5,0,Unknown,,false
4573,0xa07516b637dd3f931c179fe375e0a028a347f5ec,5,0,Unknown,,false
4574,0xa05fc560ed4def949ef60a963b968e96a5722470,5,0,Unknown,,false
4575,0xa05547d45452928b2206453827f36687a710b918,5,0,Unknown,,false
4576,0xa0372cbc5b207ea56fe8e9aabd6ea8af8325d4a8,5,0,Unknown,,false
4577,0xa0343466f230c05c9501271cef57a117b531b6db,5,0,Unknown,,false
4578,0xa02a455831751f636293bfa168511bffffd58247,5,0,Unknown,,false
4579,0xa027ec091f754a801a967ed65dd1c71ca2a513a2,5,0,Unknown,,false
4580,0xa005f23c62a1cfb77d99d442f9ce1345d368cbd5,5,0,Unknown,,false
4581,0xa0013abdc005f5d9f3b5cab0a7af171e0cdbd543,5,0,Unknown,,false
4582,0x9ff8537ace8487bede9b6f2216ae3fc8e977fe62,5,0,Unknown,,false
4583,0x9ff7991133ec967d0e7d2436d7e164303cdeb423,5,0,Unknown,,false
4584,0x9ff56d7074a046328919ad94f283b41f9cce7534,5,0,Unknown,,false
4585,0x9ff2d710b91a9a6f8925cd4dd8ed0b1db7e82df5,5,0,Unknown,,false
4586,0x9febc74e9b7060e37e8188c60e9a5e4053102cb0,5,0,Unknown,,false
4587,0x9fea4b293bc8269ef5f383cdbcd2a2ef1380c6e7,5,0,Unknown,,false
4588,0x9fdb6bf5e6e6a8f42e2a0fd351de24df5fd29e02,5,0,Unknown,,false
4589,0x9fd950458d5a0c4a128bf004a3446a484b7af52a,5,0,Unknown,,false
4590,0x9fca9f55a50885a109a1412c353ef33c807583c0,5,0,Unknown,,false
4591,0x9fc2ab853e077881f7f200132859067a3f4d57ef,5,0,Unknown,,false
4592,0x9fb8e3370b0d810998e6e69c07350b437bcfda7b,5,0,Unknown,,false
4593,0x9f850416a53b255c00d04ad4c678225b0f9c3f60,5,0,Unknown,,false
4594,0x9f84bc3695af5c105dd0caad37f2f9c8d2a14a11,5,0,Unknown,,false
4595,0x9f7d2e0a88948a45306994d302c01dfa28b78047,5,0,Unknown,,false
4596,0x9f712c84530f409856f02719a5cefcbb6c0eacf1,5,0,Unknown,,false
4597,0x9f6d3636da3c12e63d8fa7f4d237b95e9962756a,5,0,Unknown,,false
4598,0x9f6c37d390532f91f741c6df5af5fb8c7f065583,5,0,Unknown,,false
4599,0x9f67efb6716e3a7629a0bb8876aa08ae56a09696,5,0,Unknown,,false
4600,0x9f66f85f0521c4f49f301061187b683c5ce90993,5,0,Unknown,,false
4601,0x9f59b465a4f21df606a7e6daa15d0a8395b42808,5,0,Unknown,,false
4602,0x9f34151884754e21f70973bd20e50a7a662b6b0e,5,0,Unknown,,false
4603,0x9f2ba63244066321ac8c1d5feefe14692f0caf90,5,0,Unknown,,false
4604,0x9f00130aa7fe3140ea5872bee494364228b8afd2,5,0,Unknown,,false
4605,0x9eff9674ffadf0b684a11f0a89bbc707536dcc82,5,0,Unknown,,false
4606,0x9ef1dfe56684289a38ae04ee26ee001531f96758,5,0,Unknown,,false
4607,0x9ef09048d35b311b05d04716de99ec03ce53be96,5,0,Unknown,,false
4608,0x9eea2c492f2844826ae94dfb6aefd6383b4435b8,5,0,Unknown,,false
4609,0x9ee5f7f25dd3491f00f57f39de29f8918509364f,5,0,Unknown,,false
4610,0x9edfa7a5a2732a576a7b4c4bb1ada0a7bb474d4a,5,0,Unknown,,false
4611,0x9ec6afb12aee5f0da4a2ae7eea3167ac6dc332c2,5,0,Unknown,,false
4612,0x9ec320bc6e5ef0197aa1623e53ad23fa4b42273a,5,0,Unknown,,false
4613,0x9ebac32f886ca25f8c856ffcd143e3d451a08cee,5,0,Unknown,,false
4614,0x9eb7879307f9aa5da06a11343cac48c357542fae,5,0,Unknown,,false
4615,0x9eb298ec5a67246a4c433d2c564c473727bd75a4,5,0,Unknown,,false
4616,0x9e8a1b8f09ff7be8e98b661d61ae8d922053454a,5,0,Unknown,,false
4617,0x9e772c1b761550c02a330f39ab0b63f47211032c,5,0,Unknown,,false
4618,0x9e764cc6f16587e48e7a9f0fca167ca8741b4d31,5,0,Unknown,,false
4619,0x9e739cc37d51b77df9240948d97a7d4bb1f6690b,5,0,Unknown,,false
4620,0x9e657bf6247099170cd6b50a25e987d34b95b08a,5,0,Unknown,,false
4621,0x9e5f05bbb50650e04647870c022465357c11d9b9,5,0,Unknown,,false
4622,0x9e51f6342d8ff7e0236403319e0d64c160ef4ec4,5,0,Unknown,,false
4623,0x9e49315863ccca98efe846ccbca73f89bc6c6266,5,0,Unknown,,false
4624,0x9e477de0392e98263bc3e6787f64cf4837dff824,5,0,Unknown,,false
4625,0x9e425439a4e2c88cd649472f24d02426ef6aeca8,5,0,Unknown,,false
4626,0x9e3f70103da1ce36b81d3cd9be0d4196585beea9,5,0,Unknown,,false
4627,0x9e3cfb93a3f5f529e11e325cd6cca1e397784190,5,0,Unknown,,false
4628,0x9e3a977397d5bece87ec8c5e9f011df03093136b,5,0,Unknown,,false
4629,0x9e3471ae418c44a700bd335e65277154eead1886,5,0,Unknown,,false
4630,0x9e31c57251043309f31ceda411ad031d55c01790,5,0,Unknown,,false
4631,0x9e1164ed01204f517de548a21ef18d230d37677b,5,0,Unknown,,false
4632,0x9e0cc1e420b9616d88512c533e36651ddfaccfac,5,0,Unknown,,false
4633,0x9e0bf6faa7970d650af4f9945636337c73c9c68a,5,0,Unknown,,false
4634,0x9e0ac58ef87069e8494564ea33c5954cd6587145,5,0,Unknown,,false
4635,0x9e08a443406eb617f23af064a79a09cc52258be8,5,0,Unknown,,false
4636,0x9e073d556f89192afa885c70ce218b30746d5055,5,0,Unknown,,false
4637,0x9e07128184244732fbaa26830f7ae4f430634532,5,0,Unknown,,false
4638,0x9e01662ea27f66725f2d610470485bf796202637,5,0,Unknown,,false
4639,0x9dfd9a665870c9f01817564cd71f6600b9c022b8,5,0,Unknown,,false
4640,0x9df863129b4c784e2f2ad28647e7dbce4ebd321d,5,0,Unknown,,false
4641,0x9df20c6dc6e093b15694a202223b876a6807026b,5,0,Unknown,,false
4642,0x9de3e87b4a80a0daffc548f9f31b22577e8c01f3,5,0,Unknown,,false
4643,0x9ddc5c1af6169cadaa56e2f7d57179a45a45595a,5,0,Unknown,,false
4644,0x9dd5e9ece4c71860a84341c3d38e3f2a91db52b2,5,0,Unknown,,false
4645,0x9dbac0939c81fa04f65d38edbdb2a2ec973befb4,5,0,Unknown,,false
4646,0x9db25cac3cbb1c24c6419af84f1008514ef1455f,5,0,Unknown,,false
4647,0x9daf4f58acf457e6aaa2c7fa43fffda0ececd5c8,5,0,Unknown,,false
4648,0x9da411e8ccb08177fa8321da4afc7b956c5abe1a,5,0,Unknown,,false
4649,0x9d9d8061329a25857959ce919bcb9e6a367b78b4,5,0,Unknown,,false
4650,0x9d8c9e1ae4b7dccd3a110e88ca4517bfdc3607fb,5,0,Unknown,,false
4651,0x9d83af2b2a2ab4481ce25621f1e250efc22bd4e6,5,0,Unknown,,false
4652,0x9d77f7d7089e2b26f21e2dbd418c8403aaec3818,5,0,Unknown,,false
4653,0x9d68efa4f4928bb0b3f7666a12ed9965822c53a8,5,0,Unknown,,false
4654,0x9d507b1828593ff6b4e0f86b690ddaf5515683a1,5,0,Unknown,,false
4655,0x9d3804de2e258cf66a1175ff8c3300e9dab149a3,5,0,Unknown,,false
4656,0x9d3611437e22a371d42743f8f33b4a8fdef3e225,5,0,Unknown,,false
4657,0x9d1e02a787b4e2599f43477487add41591a33600,5,0,Unknown,,false
4658,0x9d1533306b14ea729e4af05b2204362dea5f85ee,5,0,Unknown,,false
4659,0x9d075d68a725ef8bfea3a91cf8f046e483a0cca4,5,0,Unknown,,false
4660,0x9ce37065aaf4ec0a251881c6033625df4fbe787b,5,0,Unknown,,false
4661,0x9cdeea263349c8ed69e19180120208e26add0858,5,0,Unknown,,false
4662,0x9cd6081bb723880f0b3ad64acb81d1ab0c206e2d,5,0,Unknown,,false
4663,0x9cb3766e503b86ecca8605c47f19214c7388e61b,5,0,Unknown,,false
4664,0x9cb21332cbc4d956f56984b3170eae39ed1e6009,5,0,Unknown,,false
4665,0x9cacb827949179786035ab3409f8d6e022f4533b,5,0,Unknown,,false
4666,0x9ca92d9d297abc57d95a8a4013d2bb4d8cd84c82,5,0,Unknown,,false
4667,0x9c92fe07f77b045b013628e7ace28e5d6eea7da3,5,0,Unknown,,false
4668,0x9c83cd1914511c29fee6e9bb9c46338e681be241,5,0,Unknown,,false
4669,0x9c7fa20436dfa420688adb8b5e82236b44f7ad6f,5,0,Unknown,,false
4670,0x9c7ac8b8c9c614ad24ed1b1ceba643d5b026bd8e,5,0,Unknown,,false
4671,0x9c74df76b63ffbac1b4450bd992a9c7859356796,5,0,Unknown,,false
4672,0x9c5035fe6a08cec0d94a9d2c32817d2940d726a3,5,0,Unknown,,false
4673,0x9c43c2d8916f75e9554560cd0300aed13632b559,5,0,Unknown,,false
4674,0x9c3ac90ace6fc1531cda3e478c00c5637e3fc9c3,5,0,Unknown,,false
4675,0x9c349ef8c0f664fd5d605ce2e09ab46fccd56c4d,5,0,Unknown,,false
4676,0x9c31d286cf1d2fb34e3cc69f848a7a68d3bf26a9,5,0,Unknown,,false
4677,0x9c2fe78246e788522ab798739403eda105aa5daa,5,0,Unknown,,false
4678,0x9c21de1d39c04c8b0ae8951b0903f1a5e83d416a,5,0,Unknown,,false
4679,0x9c1e4e376ca85db5fafe5b1161de7229c58d156b,5,0,Unknown,,false
4680,0x9c126f3c9c9bf2dc29fbb6fa549726f288562cdb,5,0,Unknown,,false
4681,0x9c0e69e56ea734b32806d08fac6b83d092c3dc67,5,0,Unknown,,false
4682,0x9c0cc3a81b884a3a5a6bb00f00f143ce7e884b23,5,0,Unknown,,false
4683,0x9beb8a9b2a98475fa1fc24f85b19798fe55d25fb,5,0,Unknown,,false
4684,0x9be9b24b767bbc71bb5f5d6b365e5d6d78fe14eb,5,0,Unknown,,false
4685,0x9bdb8525864879e5b38e7e4c994511de0f257a7e,5,0,Unknown,,false
4686,0x9bd8e920af1887188e8614a39ba53040dca29dd5,5,0,Unknown,,false
4687,0x9bd6d496eb27d44055c908d7e4dfc96db274c56b,5,0,Unknown,,false
4688,0x9bd656c0b118730a1fefeb84bc91d74fe8a507d1,5,0,Unknown,,false
4689,0x9bc631c54b9c6b340323e5c26a6b36fd35f70514,5,0,Unknown,,false
4690,0x9bbf3a2e8f128b0247f7a7e9426ef1d4a0446360,5,0,Unknown,,false
4691,0x9baf3ef06b7617cb7d2acece3f215cad7f7e2005,5,0,Unknown,,false
4692,0x9ba5d5cdc306fc98d18c38e773d210e7174fa8f5,5,0,Unknown,,false
4693,0x9b971bd91ba9a0b9278e62a66c180d067b5f9f48,5,0,Unknown,,false
4694,0x9b8dcfa4d3424161a1d3b41ec120939032ec6a04,5,0,Unknown,,false
4695,0x9b8a7811213d9996056c6aba6d29fca952f11a12,5,0,Unknown,,false
4696,0x9b8a6f533208682376723ea43c5892d203addf5a,5,0,Unknown,,false
4697,0x9b8402b6994637ebf8dcc3e54473c17714565f98,5,0,Unknown,,false
4698,0x9b83bb061b04600a25e0c92690be03b111f18439,5,0,Unknown,,false
4699,0x9b6a6ec8eb15bee840104dfc88e8f5cb595294ae,5,0,Unknown,,false
4700,0x9b699c5003fc248865a979ce6ad6f87efc0f7ab9,5,0,Unknown,,false
4701,0x9b6032b7490a3e1772ff931a6bcee7f386364277,5,0,Unknown,,false
4702,0x9b584f5b81fa6c8c02600c6275dcc588039bfced,5,0,Unknown,,false
4703,0x9b54578ec98b825f2f569dc3ec7bfdee878110e1,5,0,Unknown,,false
4704,0x9b5034aa423a35b3ab52c1061db47dd5930c48f7,5,0,Unknown,,false
4705,0x9b48d8803456563fb4ec65cf10f6edcfbaeb271d,5,0,Unknown,,false
4706,0x9b4490118c345a0a019ac6bd9a92e44654a98a70,5,0,Unknown,,false
4707,0x9b4364ee809b73caff1661522e0eec7956b8cd8c,5,0,Unknown,,false
4708,0x9b41aff963bb8d0e8800ac4c7941f75cdbd164d2,5,0,Unknown,,false
4709,0x9b3444d67a09caf70e305287b3e93222f1092568,5,0,Unknown,,false
4710,0x9b33a5eb66c2dd0c3299124534c870e3536b632c,5,0,Unknown,,false
4711,0x9b207e2dae58a6e8b42b68a21815d78f053644ea,5,0,Unknown,,false
4712,0x9b1835c63f138eda9dfd89cba346c76e1db4ccd4,5,0,Unknown,,false
4713,0x9b143bb51e4f80a3c90a6ca19f4630f2cbf65725,5,0,Unknown,,false
4714,0x9b0fcb25e074f5f64adb8c65cb4570577a1f941f,5,0,Unknown,,false
4715,0x9b0e63d7aebbed9a7b3a8a8a621fce0ee0620e10,5,0,Unknown,,false
4716,0x9b0c36fc29f6ecbc48de9e4c7b09808639346a38,5,0,Unknown,,false
4717,0x9b099abcb168078467de8f425527c16e2f866109,5,0,Unknown,,false
4718,0x9afc890075ff78e49ccb31999e638711f301d9ea,5,0,Unknown,,false
4719,0x9afc352771b2f33772ff7cf69dd2eee5e435f387,5,0,Unknown,,false
4720,0x9aee03b97a0e6e6ad4da3ff724517f494824e381,5,0,Unknown,,false
4721,0x9ae9bc1bbcbddce11ceb0a8790c8f7c3b5554b49,5,0,Unknown,,false
4722,0x9acff26f734c2a8270f86cebce23435a8c744725,5,0,Unknown,,false
4723,0x9ac27ef514fab97bc42643ea109bc02dd3cad5ea,5,0,Unknown,,false
4724,0x9a9f52f2dcc50b029d196e8bcbff7d504ee51623,5,0,Unknown,,false
4725,0x9a9dd3bf002f170a6d048d146f71469aacd4db4e,5,0,Unknown,,false
4726,0x9a9d4a4cb2dd2d7b6e8d38e7227b26f5e8a79b91,5,0,Unknown,,false
4727,0x9a97d9f5e4b04a0ac63a442470454d71e491c208,5,0,Unknown,,false
4728,0x9a921e00b328c29d71196c880c8ee5a556028cb8,5,0,Unknown,,false
4729,0x9a86c487af214d0936cf624381caaa0e3c82e9ba,5,0,Unknown,,false
4730,0x9a80ab29cbf3456bf366909ada927037bb8bd093,5,0,Unknown,,false
4731,0x9a7d9ff4a6ee20b0353ca38dba00bbf785b79765,5,0,Unknown,,false
4732,0x9a7c54922c2013d67958f6ec2d61764bb87676a7,5,0,Unknown,,false
4733,0x9a5d98aee88b1aca902916731ff5ff60fed47d1a,5,0,Unknown,,false
4734,0x9a5d488bee0d0b8f3b70b0351ca564b6f12d5b91,5,0,Unknown,,false
4735,0x9a5c1bfdb23a068f90ae16946b15d0539c4a7dcb,5,0,Unknown,,false
4736,0x9a5bc8060929d91b4f21c40f1b1a105d9269abcb,5,0,Unknown,,false
4737,0x9a5b315d14add30bb133df09ae79fb42ac299043,5,0,Unknown,,false
4738,0x9a434ef0544f39c7a3e97d24aa61efd96e509c92,5,0,Unknown,,false
4739,0x9a38a262bd2c917a859fd8265a270c0ebe657f6a,5,0,Unknown,,false
4740,0x9a36ffef05e749555f2f0e2655027796de827897,5,0,Unknown,,false
4741,0x9a32716f0837475954563bd89c246a7b60ac5c80,5,0,Unknown,,false
4742,0x9a2cc9d817b4b711b1da71755ca07bbaba947979,5,0,Unknown,,false
4743,0x9a25e9d3f4be956c4bf57857013b556ec87a05d0,5,0,Unknown,,false
4744,0x9a20e1ce6b4a10da90bcd28e07eb578046618448,5,0,Unknown,,false
4745,0x9a1a23c300f3c5f3d563b6fa5b81a2ac4e212bfe,5,0,Unknown,,false
4746,0x99fd69b6386863d6287103d8a95844d707675e55,5,0,Unknown,,false
4747,0x99fd54209f2992c14222b643d9bd578b74034096,5,0,Unknown,,false
4748,0x99fb29c2d73263f1e567c7601d27d7b49d70f1aa,5,0,Unknown,,false
4749,0x99fa815ad473a099c11680b37863cd14dad3080b,5,0,Unknown,,false
4750,0x99f7f63f052a1eed93d81b824a1b8860da99767d,5,0,Unknown,,false
4751,0x99f579d158d853c6f3694e754c4cb3471057e4de,5,0,Unknown,,false
4752,0x99e89b1dee73c2bd94023470e9635ef86dc281a3,5,0,Unknown,,false
4753,0x99e4477542f8e4fd745523a97daabdfc99ddd4fb,5,0,Unknown,,false
4754,0x99decb2d792622e1f794ddb64309e22377019f6d,5,0,Unknown,,false
4755,0x99dae89c9e23ec10e074dd33e5da80ac7a57e9da,5,0,Unknown,,false
4756,0x99da939418eb71f7e5d6181a24ca4e5e23e6804b,5,0,Unknown,,false
4757,0x99d695baa5e0afe94e02e2f556577cec7a461bc1,5,0,Unknown,,false
4758,0x99d25257be81018ca7a2465cc4ba94554d4ffb8b,5,0,Unknown,,false
4759,0x99c2684181eea328e139954303396e44be12559c,5,0,Unknown,,false
4760,0x99bbcf82db9413375758c69c9c173752a7c77074,5,0,Unknown,,false
4761,0x99baa59e2877e22d8c8cbb48f39903496aaeaa47,5,0,Unknown,,false
4762,0x99b989c6c0cb32c199d38f91868c1a1e3d0bbc8a,5,0,Unknown,,false
4763,0x99b8d41ea607733611c7bd4f86bcf8e404fc290d,5,0,Unknown,,false
4764,0x99837ddffe027b5d8d006a16d7d759a62c75b4ed,5,0,Unknown,,false
4765,0x998311a358768f5afc459fad8edb3cc6d4c36764,5,0,Unknown,,false
4766,0x997376313439cca5e3e0137413efa583e0c569f0,5,0,Unknown,,false
4767,0x996341f15bb75d44cb20fecf29796db0411616f3,5,0,Unknown,,false
4768,0x99612e98e15b2aa3a15357f7bec82ba65b815328,5,0,Unknown,,false
4769,0x9950f61c145e59eef468194635ba4f77e1f74e71,5,0,Unknown,,false
4770,0x993afe319258dde9daf9b5e5016e66107ec4036b,5,0,Unknown,,false
4771,0x992f9893515dc0998522441bb33ee2fb433c42b7,5,0,Unknown,,false
4772,0x99277801962cf2c1a5295d2319aa7f495a954e02,5,0,Unknown,,false
4773,0x99268a36bcda18029abfc3f3955b6635eb165286,5,0,Unknown,,false
4774,0x99266833cf34f8d9ebbca88379cc7a2efb3c83d6,5,0,Unknown,,false
4775,0x9921b1b487c83930af9c189e4f5fd5432d6a3e9a,5,0,Unknown,,false
4776,0x991bc8b83a1fab7b7b55df1ae4db236516caf1e0,5,0,Unknown,,false
4777,0x9907c87486e757ca7656013d3f0ec7ebce604b0c,5,0,Unknown,,false
4778,0x99063fd2fee3bb2233de0bef8945b4542e88255b,5,0,Unknown,,false
4779,0x98f3aed7ea684cf44523b79b42a4f91414f22d78,5,0,Unknown,,false
4780,0x98f17c5a8a008e0b43761ccf6378e2f40c8d015a,5,0,Unknown,,false
4781,0x98cfac882ef23f996ed49f6bfb074c46bfe68e6f,5,0,Unknown,,false
4782,0x98a7477129e13c08239b74292cfa3be1a8cbccde,5,0,Unknown,,false
4783,0x988a3e0295cf9c76b974e51c1e8bbf602454c4f8,5,0,Unknown,,false
4784,0x98782f714af8ac69c8387a01a64f313e1424d8fb,5,0,Unknown,,false
4785,0x986c7efd27bc4e8127cb5a69785a81ff654cdd50,5,0,Unknown,,false
4786,0x986a592f09214c0eb574fc220a2206b527973de2,5,0,Unknown,,false
4787,0x985f8c09c38751122e18bf26214a146d391ab3a0,5,0,Unknown,,false
4788,0x98565a9d4ba03f8d89324d47e605039100dd3f82,5,0,Unknown,,false
4789,0x984d74f81cdeceeecb0160c190a4fbaa913c3889,5,0,Unknown,,false
4790,0x98479e5ec15a0bc71a3484b07b6261d30281655e,5,0,Unknown,,false
4791,0x984547253a6fd4087dfcc250c59486087be2141b,5,0,Unknown,,false
4792,0x98278c08e0186610f0e2ad7a1a5f0d26b9da57a4,5,0,Unknown,,false
4793,0x981929c360e2d1a4915e21b7a6321bf80a64cdfc,5,0,Unknown,,false
4794,0x980a6be5a5282fa56d688bf7bd0fb0dab2707d60,5,0,Unknown,,false
4795,0x97f8fa6cf315757b737f98455e9ac5908f7ac50e,5,0,Unknown,,false
4796,0x97f7bd15d5d1235717b698b80ee099df617106d8,5,0,Unknown,,false
4797,0x97f70c8f50eb0205923a2c3ce776e78909adeea4,5,0,Unknown,,false
4798,0x97f43fc936a7b71010f7694924a66d9e9b3843d8,5,0,Unknown,,false
4799,0x97f21f9fa88a404bcec0ca85720aa3ed78eacb29,5,0,Unknown,,false
4800,0x97ecc30ecc39dff9c8076e4312687c6b3221096a,5,0,Unknown,,false
4801,0x97e827a2922c545466b4b467c4983e1db6945d9b,5,0,Unknown,,false
4802,0x97defb998b6043a48ce6a559d8ed3133877099a1,5,0,Unknown,,false
4803,0x97d867c2a3bddba22dc0b470c52d766425fbab25,5,0,Unknown,,false
4804,0x97d73ccbbe3070ca341874975975b5221c5fae9a,5,0,Unknown,,false
4805,0x97ce892e31c7dee3cb73590956dddaab64e3e7c8,5,0,Unknown,,false
4806,0x97cb0c0737389bef52a10e71dc292b682af0deeb,5,0,Unknown,,false
4807,0x97c8c146cbdb8255622c8e27a1bdaa21c0aa52ce,5,0,Unknown,,false
4808,0x97b82948b91ec970d76af63805067260267a49ef,5,0,Unknown,,false
4809,0x97ac9801e52f721c651edc70c12466a38951d6c3,5,0,Unknown,,false
4810,0x97a96206850d3b21d6fc12339969d5b663921cd2,5,0,Unknown,,false
4811,0x97a154ef9c08398a0c281cbd3a30682d52525d1f,5,0,Unknown,,false
4812,0x97a0393bd01143539944be06220d3eb8d31e0fe7,5,0,Unknown,,false
4813,0x9799bda0c0fbddb6e48cea8627d815c2749060b5,5,0,Unknown,,false
4814,0x97991dc5195be76f0ba20047cc19cda76074f236,5,0,Unknown,,false
4815,0x9794e3c2cb7db90e1772e9c14ad28b8f5dc91a84,5,0,Unknown,,false
4816,0x9793d6c46ab932e9192a3680b6cafa9ec5bcbf90,5,0,Unknown,,false
4817,0x978c8fe7103b5bb9c167fb6615ae1fe2802f2e4a,5,0,Unknown,,false
4818,0x9786bb682b507489a9398e41d951bbc7b154b80d,5,0,Unknown,,false
4819,0x9786120973348dfdb6f42dad274de669ca18ced3,5,0,Unknown,,false
4820,0x977edaf2c25ecd303894439aae59a1e0457452ec,5,0,Unknown,,false
4821,0x977728aa17d1a4beea071106faaeec9592f67bea,5,0,Unknown,,false
4822,0x9760390b09e629cc5fc386dcbde4806bf6b7d47e,5,0,Unknown,,false
4823,0x975f16e8d8b9d05b5065ba6e482513a2b8876a16,5,0,Unknown,,false
4824,0x975b3ad39d96d185fabba26e4146d1ed7bd0c787,5,0,Unknown,,false
4825,0x974f7937c380c1f4825948ac7600f215237e077e,5,0,Unknown,,false
4826,0x97470bd86891d0e1a836230b4fb19e935558b54c,5,0,Unknown,,false
4827,0x97430bc2df54e8cc4ff888282d1caf9f0ae79bf8,5,0,Unknown,,false
4828,0x971b332a90e1f74ff83147dd7e2e1ac17c81aa3f,5,0,Unknown,,false
4829,0x970dee671b88e5dab38454f4805212be80f95486,5,0,Unknown,,false
4830,0x970c1c103c88adaae23271f3f6048668862cb933,5,0,Unknown,,false
4831,0x970823b4fdfeffe60d7eeef85651dd0952d12732,5,0,Unknown,,false
4832,0x96f762b0084ff1decc1c6c2d7e0fbb5c3a30564c,5,0,Unknown,,false
4833,0x96ed7b0fd0b08fd3768624e653bdecdae78b71fb,5,0,Unknown,,false
4834,0x96ec05e96b1fd52ec05db15ebeb92413d1cbff85,5,0,Unknown,,false
4835,0x96e71f8dcc7ea9702065e8a9f5647050989c4998,5,0,Unknown,,false
4836,0x96e3506cd4cf180574a6feab5ec02637449c534e,5,0,Unknown,,false
4837,0x96e0356219ac49c8c6c26211a5ba9b4ce779f1ff,5,0,Unknown,,false
4838,0x96df48ec5096068df5cbfb1ae69fc86d2b4376b4,5,0,Unknown,,false
4839,0x96d76bea26cb1f468deb6bed9c6478b42c7d6416,5,0,Unknown,,false
4840,0x96d705e7d5fcafd829893ba8e53b57f96f84f9f2,5,0,Unknown,,false
4841,0x96ce1a1de31f0f59a719a5f439c4273637366e66,5,0,Unknown,,false
4842,0x96cbb8931dde3ab32437f99b226d2b7b2315248a,5,0,Unknown,,false
4843,0x969fc46567afa27fa5345510de579966903a7bac,5,0,Unknown,,false
4844,0x969e0bf9026414fe2f8332edaa12040967df5dcf,5,0,Unknown,,false
4845,0x96973af96c9bb9223c5156db07e4d492199ecebe,5,0,Unknown,,false
4846,0x969340e44bb5c887b8516926f82da44b5f7ac95e,5,0,Unknown,,false
4847,0x96903ce81b1fc21892c75b93aa969327688bf386,5,0,Unknown,,false
4848,0x967ce97855e0309a33e2d5ed8fe1ed4b9ebaa7da,5,0,Unknown,,false
4849,0x966b6d22087617176da97213fffa9d386c96ad28,5,0,Unknown,,false
4850,0x96619b151e99df4d5af7fd65bf883f61ed897f07,5,0,Unknown,,false
4851,0x965bb0de4d19790b18c12f5b0f19496f6decd3c4,5,0,Unknown,,false
4852,0x9659452ed4ffa23f7ff929eb501a817f98787956,5,0,Unknown,,false
4853,0x96529e0618dd55353592c98cad788aacbb7c70df,5,0,Unknown,,false
4854,0x9647a7b2e2d9a818946898e0a457a578bc0fa10b,5,0,Unknown,,false
4855,0x9644d665ddc6afc0e7739fbf46a1959ba5311b1e,5,0,Unknown,,false
4856,0x964175c51e93994ed4f3a120ca6f7f6b030385c4,5,0,Unknown,,false
4857,0x964146acdbf161f22c6b398101cd9895e15f3b01,5,0,Unknown,,false
4858,0x963035d386936fe613ef678436ade60f378b4d1b,5,0,Unknown,,false
4859,0x9624b09b5def60afc9bdaa54cb8aebbeb9419446,5,0,Unknown,,false
4860,0x9617cc113dd855d788ae01b7deccd24ff5b36999,5,0,Unknown,,false
4861,0x9611de0cf89853422ed577293248b15e48e7f76f,5,0,Unknown,,false
4862,0x96070724f52a033f6a141e0e4fbd7667c5f31605,5,0,Unknown,,false
4863,0x9600b172ad7a4e022b08f21568e9587a9dfda77f,5,0,Unknown,,false
4864,0x95f0b21e185da31933bc460fe85c3b1640bf593c,5,0,Unknown,,false
4865,0x95f05f4c058a01b30779246fa8505594683ce4a5,5,0,Unknown,,false
4866,0x95c7822c802169c13c582394bcfe5d637c351012,5,0,Unknown,,false
4867,0x95c27b880dca4c9e093c88469593dd2738445388,5,0,Unknown,,false
4868,0x95afbde5259797e13887e059214937e8c4e7a4ac,5,0,Unknown,,false
4869,0x95aaddfa9d1e9ddd6d7fa41105e836700cd5184f,5,0,Unknown,,false
4870,0x9593122954c8e725f2e3bfc7d5269f39384580c8,5,0,Unknown,,false
4871,0x9584d47d390b9d72a9c50d536c4d47954b39e02a,5,0,Unknown,,false
4872,0x956961036023c64a6f96d78afaa2dbc57d1c4244,5,0,Unknown,,false
4873,0x95689bb70fa1bb83135ed05573879f5bcf1ee397,5,0,Unknown,,false
4874,0x956633d2fc69b5c2848bce5180a9ba233087cdb2,5,0,Unknown,,false
4875,0x956348f5c7b6ba09e9b7dd84b5fc5ff79af7dde1,5,0,Unknown,,false
4876,0x955ff7a79f139f254c8b497566dd209c5075e234,5,0,Unknown,,false
4877,0x95596e47f1feb08aac79738d344a883ec9f62e81,5,0,Unknown,,false
4878,0x951b819ab2c3c743310049ead25b44a27f9a511a,5,0,Unknown,,false
4879,0x950cebf734aae5998c448c14ce93eae7692634a5,5,0,Unknown,,false
4880,0x9507e28804467ce22955412ccbc3645f54991419,5,0,Unknown,,false
4881,0x94d8ac4cdf8ab0b68f91f740f7b2c04bca22b990,5,0,Unknown,,false
4882,0x94d61b511a8ce899e9f4598be07510113682a8bf,5,0,Unknown,,false
4883,0x94c86b2c39531bb37ccdcd844b79db79d7e8a3ba,5,0,Unknown,,false
4884,0x94b56b246f080217a91efc26f3f6b4fd85b3d455,5,0,Unknown,,false
4885,0x94b4b80b1e8f4e74f1733d1d9e367f3ea3cc3dd0,5,0,Unknown,,false
4886,0x949f6a7b8b7562e6b60361d6052c0b291f687052,5,0,Unknown,,false
4887,0x947aacfdcfa053343d0510671eadcb9de5829ffb,5,0,Unknown,,false
4888,0x9471126189b60c6ef0d74a6cd511292cf5bf7580,5,0,Unknown,,false
4889,0x946f44c25a7af28b1ab285526e289b4b9eec578a,5,0,Unknown,,false
4890,0x945239f7f9b892e1b50dd8002dc8f0e034cc00bb,5,0,Unknown,,false
4891,0x94503fb92e488ab0b86cd2233e42fa230f6f5f06,5,0,Unknown,,false
4892,0x944fa40011a16b5b9ac9f970f820ab927a0f4910,5,0,Unknown,,false
4893,0x943f863aa229b38f2254dda515d6754fec166475,5,0,Unknown,,false
4894,0x943c2d83fa04b5c1a377208418a5ec9043de1395,5,0,Unknown,,false
4895,0x942e3530624d8d33351f449ce76e7939f4f4439a,5,0,Unknown,,false
4896,0x942b9ac6bd04328e1cfce61c6d1fbcbf3638257d,5,0,Unknown,,false
4897,0x9421f26006d92e1e94271c8f4fa62ee51ba17992,5,0,Unknown,,false
4898,0x9421b11c6527c8ebd765a7f8c3a33d78e8a8bbc0,5,0,Unknown,,false
4899,0x941fbdc1271c3ab35d41904a49861d7b00277b97,5,0,Unknown,,false
4900,0x941c3d7a349b6971891c01b87db087e08a003e19,5,0,Unknown,,false
4901,0x941054e75839578b8af805f3acb9d887d498b32f,5,0,Unknown,,false
4902,0x94003e8170131e0dcb10c8396c3dcc8bf1113737,5,0,Unknown,,false
4903,0x93fc2dc614d80de9baab9df9c308972ff7929b28,5,0,Unknown,,false
4904,0x93fa2930fbce718c71f178cf093ef386200b2773,5,0,Unknown,,false
4905,0x93f7495ea208311b6cc93170c6bff3dc431f578e,5,0,Unknown,,false
4906,0x93ebbd2db15ccfffb833f68d16eba2c74097663d,5,0,Unknown,,false
4907,0x93cdb18e2d8a4a9bd4ede9841a57bd15ff6c64ba,5,0,Unknown,,false
4908,0x93cd97db061825230e8cb8a406ac1eba0d7ecc59,5,0,Unknown,,false
4909,0x93c429fd9839a2ab2b112a38e1ea5f40cc709af9,5,0,Unknown,,false
4910,0x93b8efd7cb1dea05bd45cbe21a9e75e62195a5f8,5,0,Unknown,,false
4911,0x93b7cc8d0ba60dbfbfac9762eab82bfb644fd25e,5,0,Unknown,,false
4912,0x93b7095a5a6f6bc9f10453379a0fcc0b6a832a2d,5,0,Unknown,,false
4913,0x939a5ed5aa3ee4d563440bed768946fec9b6e753,5,0,Unknown,,false
4914,0x938d124f56ce42e858f9440f287fadb3380295fc,5,0,Unknown,,false
4915,0x938b01572b7039e3d127e573572d1f29a71c7c2d,5,0,Unknown,,false
4916,0x9389b10bbfda0fcf26c538988ec9055419f43b70,5,0,Unknown,,false
4917,0x9387733e599567d4ab796d4806739fe7162f627d,5,0,Unknown,,false
4918,0x937c4cb3daade69c7d71302b88acd495ed10f24d,5,0,Unknown,,false
4919,0x9379a24fd07bf3eb34396c00f397f8fd54b7ebe1,5,0,Unknown,,false
4920,0x93776a9427b08d51e8ba58761d2826a5a7f3130a,5,0,Unknown,,false
4921,0x935704f1b17456f84f44cf7401e56b2ba01a493d,5,0,Unknown,,false
4922,0x9356a75cc59e3197c7b4fb36fa75e279940e8fd4,5,0,Unknown,,false
4923,0x9348bf1996decc509871bd0cae063888ae9d4281,5,0,Unknown,,false
4924,0x9343b1dd64338087ad277a7cd90337277f878f3f,5,0,Unknown,,false
4925,0x933a570438191c21587d1b8447c4680c14d39580,5,0,Unknown,,false
4926,0x9339705bf3a743e1e6d817e932135cffa61c78c7,5,0,Unknown,,false
4927,0x93330d29905a04709d3ff40dcd0c19f50eb9c20b,5,0,Unknown,,false
4928,0x932f2dc7ef3296b80fe28f90d28b61ad9611ea99,5,0,Unknown,,false
4929,0x932d1518a6081c3e7f8a2b72c2ef5831edd275fa,5,0,Unknown,,false
4930,0x93232518a5c1615a5aeb3190d587f8b49bd913fd,5,0,Unknown,,false
4931,0x93114970b5808f0f95c38785a5f0fa0492fca869,5,0,Unknown,,false
4932,0x92fc2373d09a7958da4a17f6f35b8c12a7c9b23e,5,0,Unknown,,false
4933,0x92f0c11570935ddfb5cc3135363a2a01ff8cc507,5,0,Unknown,,false
4934,0x92ecc1be87cd6249831904610a08ad5c0a93ac7c,5,0,Unknown,,false
4935,0x92e3ccc28653ecf3c1516119e8aa73631b3cfe58,5,0,Unknown,,false
4936,0x92d3418848ea13bd0d0e5525a689e28c14b07988,5,0,Unknown,,false
4937,0x92cf87a575a5f2a5d2bbe86f0693fe8a7647d23f,5,0,Unknown,,false
4938,0x92c9cde0bce42dd740870679bb144c24ac13a7a4,5,0,Unknown,,false
4939,0x92c3c15903d250b6c7935042bec4182d95262608,5,0,Unknown,,false
4940,0x92b94efd935eb0bcc4b4dd05a542d35f861c2a9b,5,0,Unknown,,false
4941,0x92a649a540a18b1285ea21e8abfa7d485a51d8ec,5,0,Unknown,,false
4942,0x92a0ab7a14f717d66ab0b19dd9816b2db20e39d3,5,0,Unknown,,false
4943,0x929f2277462aa7b7fa74bfc4ca28ce796168660b,5,0,Unknown,,false
4944,0x929dcf1d3e46e4aba4ad9ca283ad99931b180f2e,5,0,Unknown,,false
4945,0x929b2db068ab1c14d79b55737a0d1a7d16c5a254,5,0,Unknown,,false
4946,0x92985a67625432199ed50751ec1009c15fa41de6,5,0,Unknown,,false
4947,0x9287a0962cbe51aad9e1b793947dfb27ac0fa23a,5,0,Unknown,,false
4948,0x927fa268f4be2b4cadd999dac44facd739471be2,5,0,Unknown,,false
4949,0x92653769c318c481ca3a44c923ae2a0b85dda792,5,0,Unknown,,false
4950,0x925ebf3663df8b43fb61ed4d20b48ffec7c826cd,5,0,Unknown,,false
4951,0x925ceaa2d4142741b4d738a3af92378d87c7e71e,5,0,Unknown,,false
4952,0x92519be174287c6681723bd32bc0733da03d2e36,5,0,Unknown,,false
4953,0x9250688ddc53e99eab33a8d691561826895f1c2e,5,0,Unknown,,false
4954,0x9245d674d0c1e814fbd1124974e4984976ad0781,5,0,Unknown,,false
4955,0x923893f741e9bf31f57eda8c00b634c336e9f7d9,5,0,Unknown,,false
4956,0x92247adf3c179609c1d1e7618233634eaef93fa8,5,0,Unknown,,false
4957,0x9213c660731b9446b5a828e9925c0c4d8be0ccae,5,0,Unknown,,false
4958,0x92101cebdbe9dfad2d0808dec6cf7d96efba02a8,5,0,Unknown,,false
4959,0x920929f155dc9e7573b7165ab37bcd83f185716e,5,0,Unknown,,false
4960,0x9208419a4c6939e6ffbea7cdc43ab9f270d0c175,5,0,Unknown,,false
4961,0x9205a319d6482943acec7d4a54f6a006b982045e,5,0,Unknown,,false
4962,0x91fe05b870780a79bbe69250e8464692352ea1af,5,0,Unknown,,false
4963,0x91fd0a44b80f5419fe12353f9a8f2468d4762b09,5,0,Unknown,,false
4964,0x91fbabc2ae5a66d7a80d9d711ee2dbdb39846f29,5,0,Unknown,,false
4965,0x91d8a86e80440f5ad6842e397bea063a1ed3507a,5,0,Unknown,,false
4966,0x91d2821dcb32f13c7feaab285d193f0a6341716a,5,0,Unknown,,false
4967,0x91bdbe9d4b2fbf2abce98b2b139b70fbff6a9f06,5,0,Unknown,,false
4968,0x91ac4ce8101a9bd46a9a5e7f143271ff05bc931d,5,0,Unknown,,false
4969,0x91a700e8d47cc3687c95caafebc21ea2309dd48c,5,0,Unknown,,false
4970,0x91a5204cf593418d052eeb196951964683c7ad6d,5,0,Unknown,,false
4971,0x91a3e978da1b58cd41252c93a17490de1edb84da,5,0,Unknown,,false
4972,0x91969b8af773f343139baf196c9ef4533683baf8,5,0,Unknown,,false
4973,0x9187f34d015fc5f4c6138d28c986a091183fb519,5,0,Unknown,,false
4974,0x9186279aebf27af00fbf6a1b7600b23e999f914e,5,0,Unknown,,false
4975,0x918408a83ecf6b2e15b2eb270658f1433e9a0db5,5,0,Unknown,,false
4976,0x91831099376f818ad124537039710c32066f896d,5,0,Unknown,,false
4977,0x9182787c592793843d1d38e94b5b4df77cb63075,5,0,Unknown,,false
4978,0x91648c6211772d5319bc6e22d3305f17425866bb,5,0,Unknown,,false
4979,0x9147d914bdaadc1da6d20301b2ee4e08bfd23f87,5,0,Unknown,,false
4980,0x91448d6724074095152053514fb708347e0cd2ca,5,0,Unknown,,false
4981,0x91405c36942ee87bf26f0964c2ac8a9638df4997,5,0,Unknown,,false
4982,0x912af2fb28a0cb9aaf159df4f9db6f93c7fbf713,5,0,Unknown,,false
4983,0x9126eecd669d48b9e3e10ef3c57f1bc40cfff9e7,5,0,Unknown,,false
4984,0x9125d0b10a2acb34606a457809ad7fd2c03531e0,5,0,Unknown,,false
4985,0x9118a74f8deb9674aa55d53fbeb30c6cec3263a8,5,0,Unknown,,false
4986,0x91142fcd8456cc0b8cf41834b3548684d91fb6ca,5,0,Unknown,,false
4987,0x9102eca252cf35fbacc2d263c4a1431c5b8a72af,5,0,Unknown,,false
4988,0x90f4b4e189e3e6c24ee5609da23276e97142cf3d,5,0,Unknown,,false
4989,0x90f3534a4da6ed59cf34e47447d412adec109ef9,5,0,Unknown,,false
4990,0x90e3e62e4ae1fce1a4624ac895695e25aa9a4f14,5,0,Unknown,,false
4991,0x90defb2bbf2a8a8a270051f26e0c6402ecba2176,5,0,Unknown,,false
4992,0x90d5ccf274aa0c5ea0522ec36b163a66b8864328,5,0,Unknown,,false
4993,0x90d18363a410948c0a7dbb06f58975348fc80a6a,5,0,Unknown,,false
4994,0x90c8724a826366b292138027add41dc3451983dd,5,0,Unknown,,false
4995,0x90ba252ab66a43841ddb8c4ab8950d5acb70afcc,5,0,Unknown,,false
4996,0x90b377a3346ac2174502a8a1ef71aa5250514d0f,5,0,Unknown,,false
4997,0x90ab177a6e0ee470a4fed1cf4baf279a1f160884,5,0,Unknown,,false
4998,0x90a62666863f26d5e0c98ff6c0fc2f87f755b30e,5,0,Unknown,,false
4999,0x90a3b9016fc4e093c01f5efd7a4456d2b6ffae03,5,0,Unknown,,false
5000,0x908c6059df5bd35afa3ec40363bfe7c019100c80,5,0,Unknown,,false
5001,0x9083f5839e84b63ee80d406c6eda7dd6378ea8a0,5,0,Unknown,,false
5002,0x9083495b9a9d3c0b503676242961996477a6e97e,5,0,Unknown,,false
5003,0x90782f76f89be95740bd042eea2670aa1d3264dd,5,0,Unknown,,false
5004,0x906cd79338a4259190111ac911acb7db134d4982,5,0,Unknown,,false
5005,0x905d56afb5cf12a324e9bcdc4d8cb889dac9de7b,5,0,Unknown,,false
5006,0x9054282c5d5a36531da774786bb77c27008de0a7,5,0,Unknown,,false
5007,0x904463174a136d8bf3f1c730e59d92080250cb76,5,0,Unknown,,false
5008,0x901d0af56f6dceb03bfb82b55f3ee58a5d15208f,5,0,Unknown,,false
5009,0x901780bf863ec4b01436149a15f243fb8b6bad1a,5,0,Unknown,,false
5010,0x901589bf55ba6d06e6c5ba0fcfde058f24e49e5f,5,0,Unknown,,false
5011,0x900b91d45c31953deb58a8f1bb785d658627d3c1,5,0,Unknown,,false
5012,0x8ffb88695d798980840a38bb0624bd76c5189fc5,5,0,Unknown,,false
5013,0x8ff9abd32e29ab6f53a31b9f53c65af740dfe9f4,5,0,Unknown,,false
5014,0x8ff27559622a04bae308c1668dd2771cb53e07c0,5,0,Unknown,,false
5015,0x8fef0779ff0bae79dca5b7c04044c90fd4a7cf6a,5,0,Unknown,,false
5016,0x8fe728fe89e3dcfcde73fa35b31e1b29e21e8f8a,5,0,Unknown,,false
5017,0x8fe7103e937e6aab22ec0bdffee86d9cd476a239,5,0,Unknown,,false
5018,0x8fe514683958f54e036a186b5db85353c956fd05,5,0,Unknown,,false
5019,0x8fe367c2089bd09bded14029a422b7b3d12cea9c,5,0,Unknown,,false
5020,0x8fd1f16699f1dffb2645525675d03701993eb60c,5,0,Unknown,,false
5021,0x8fcb1b1127ac4afd0f6abb1d0ac6f08aa35300a2,5,0,Unknown,,false
5022,0x8fc6795e36a816fa9de1835b0f75ba297fa37962,5,0,Unknown,,false
5023,0x8fc3d4aa446d6a6d611b7d53513b6e57bcdd555c,5,0,Unknown,,false
5024,0x8fc3522f96b9d50ffff3246dd0020991ce9b936f,5,0,Unknown,,false
5025,0x8fbd959dc4e1175a8e8bf69b8eb8f3dcc50955a7,5,0,Unknown,,false
5026,0x8fb6d930bb75c2995c4abc6faafe44b8f9eec8a5,5,0,Unknown,,false
5027,0x8fb192688b2b25def80b4331fff97595c80c9768,5,0,Unknown,,false
5028,0x8fa5b69421723cbabb6b53c4f3cb1db555b0885d,5,0,Unknown,,false
5029,0x8f9f5a045ab136b4bdeda8dda1ad8cecdad65f2d,5,0,Unknown,,false
5030,0x8f97d53226506bf432a4931ed63b84727f717275,5,0,Unknown,,false
5031,0x8f9301bea93fc974b6c6af9b417fb47e802d0f63,5,0,Unknown,,false
5032,0x8f771df74e499eda152fe531ea6233e32dae6bd1,5,0,Unknown,,false
5033,0x8f73c441e3e0d0809325ae5abb8c41b24f9f59f1,5,0,Unknown,,false
5034,0x8f7204f287c47483a7064ce4208cf7c46946e8d5,5,0,Unknown,,false
5035,0x8f6fa755554d130827df99bbf13c48f24e8df4ef,5,0,Unknown,,false
5036,0x8f61a61e9195661222dc359f8b68e020698da0ea,5,0,Unknown,,false
5037,0x8f5fae59e35e157382938c40b5d71414b5224c97,5,0,Unknown,,false
5038,0x8f52debb05bbacf2a92ab71fcafc1ec60af68d0f,5,0,Unknown,,false
5039,0x8f476bad6524b7a1798c9374b14a3e0b53a27d77,5,0,Unknown,,false
5040,0x8f43bb6dfead6ff74cdfc3e65d142b78d7f8dcf3,5,0,Unknown,,false
5041,0x8f40a04df56fc942a7aa14a60da627d0fa0e0c7f,5,0,Unknown,,false
5042,0x8f3ef95c23c5ec0280e1cc508afdde6a23413b06,5,0,Unknown,,false
5043,0x8f1e7ceab164d693beec5660d83a01109d1439d1,5,0,Unknown,,false
5044,0x8f088339826515474c602be327b56410d9f42c6f,5,0,Unknown,,false
5045,0x8efafe9a179f9c588501128f73374b058b086e17,5,0,Unknown,,false
5046,0x8ef6d6b3a3c36887cf9d5467fdda064533666148,5,0,Unknown,,false
5047,0x8ef3bbde2072b5456f38733633962442ba27de2b,5,0,Unknown,,false
5048,0x8ee4ade6a3c18a2b65c471266bb7f358cb8a8f66,5,0,Unknown,,false
5049,0x8ed34cf3e750b0abcea5d449332ada67a7413e00,5,0,Unknown,,false
5050,0x8ed197c9092ef00840008c87941907081916e5cd,5,0,Unknown,,false
5051,0x8ecda48f0bae89f37be42774645d17d9a6300954,5,0,Unknown,,false
5052,0x8ebfa916182bb20ac0c5d92205df2b965cd6f562,5,0,Unknown,,false
5053,0x8eba8ca77881fe364a85b9e0074c41c34ed2210d,5,0,Unknown,,false
5054,0x8eae0d3a0bbd57810c06491910173d24a9b3da47,5,0,Unknown,,false
5055,0x8ea31628591c40df1bc4f35bc557007e6a4343da,5,0,Unknown,,false
5056,0x8e94216d2f197f65864030501988867d30eccc8a,5,0,Unknown,,false
5057,0x8e8fc494fb357fc631cce592ad904b85b0aa85dd,5,0,Unknown,,false
5058,0x8e8f6e092887998955983e1945033b45a19aa3c9,5,0,Unknown,,false
5059,0x8e8e45cc0e7d210675e58ef52f20409105114b75,5,0,Unknown,,false
5060,0x8e8376cc09d925dcf6b20cf7f21dc5ff4b896830,5,0,Unknown,,false
5061,0x8e8325db545d5e89122354f37c087a8166ff3363,5,0,Unknown,,false
5062,0x8e81473463ce2e11c5df4f77b4c568261b628c4b,5,0,Unknown,,false
5063,0x8e76742ed11599367bcaaede9b8630e4093f1b94,5,0,Unknown,,false
5064,0x8e712c5382eda328c023ff46f56ad2a774e8b333,5,0,Unknown,,false
5065,0x8e70ca7340afa259a01fa1be5ff342188f941e04,5,0,Unknown,,false
5066,0x8e6dacd024cd76604c4ad42d755bd999e528a79e,5,0,Unknown,,false
5067,0x8e6b22f3685eb0c8166f9975a2424a8667744273,5,0,Unknown,,false
5068,0x8e552cc32737440f171068451b9422d8cce627bc,5,0,Unknown,,false
5069,0x8e546bdf04da7b187190d9d65d3583fa48cf8867,5,0,Unknown,,false
5070,0x8e408f6881eb51daf44dd4077a80f3a1ea700bbe,5,0,Unknown,,false
5071,0x8e3eac76442787f97173724698467b1ae1bbfff5,5,0,Unknown,,false
5072,0x8e3ad112a2f7ca03a8311b48813b10042c1cfdb4,5,0,Unknown,,false
5073,0x8e33b13adb94ec2fadf8b0f3c0eb1d64a0db5ec6,5,0,Unknown,,false
5074,0x8e0e72bdb0cdcbb9269020752105f3568dff4735,5,0,Unknown,,false
5075,0x8e07279f93d9b81a1a9202ff97b8eac8293e8b6b,5,0,Unknown,,false
5076,0x8e0597836ca9423ccfed5e124ce51cbdedb95812,5,0,Unknown,,false
5077,0x8e0534eed8faf63b594ae1cce323e0473abcb435,5,0,Unknown,,false
5078,0x8e0248737788ef46a6f9ae7e0a3fd516fac16598,5,0,Unknown,,false
5079,0x8e019e175eb0658fe07a1a006652bff009117478,5,0,Unknown,,false
5080,0x8dda02c3fe04af7d25b835a36df157a5bb76f776,5,0,Unknown,,false
5081,0x8db727d9baea15ba4ce355fb9c5d5e57c5e0820d,5,0,Unknown,,false
5082,0x8da42952c7f8381c3fef349f3b67f1821c2a83c6,5,0,Unknown,,false
5083,0x8d9588771f86c7084b311975bab1a29c63d21499,5,0,Unknown,,false
5084,0x8d8d393bd399e8d9294f5d32737662fe1c1ae461,5,0,Unknown,,false
5085,0x8d7e69c7332834705edb24e60f04ff6cadacdc1f,5,0,Unknown,,false
5086,0x8d78c32757b53be26024009fefd049bf0f84744b,5,0,Unknown,,false
5087,0x8d76a312a8e99274bb2415140b4e2614565e5997,5,0,Unknown,,false
5088,0x8d7039d5a0d07411376630145717915fdb0a310d,5,0,Unknown,,false
5089,0x8d5fc5ac06b37ed9ecce941235a7a66831214cc8,5,0,Unknown,,false
5090,0x8d44fceaa0192fae775ae6e4814d6e7ec513240f,5,0,Unknown,,false
5091,0x8d3a3200eabb6570237d6e9968bf2fbba2e3dc3c,5,0,Unknown,,false
5092,0x8d328e0b98220ee6ef4ac3132707fa3de96463be,5,0,Unknown,,false
5093,0x8d22f66468ba06d058336eca5bc6175c57c6834b,5,0,Unknown,,false
5094,0x8d2008488cd435abf7c33c73c95a31a81612a143,5,0,Unknown,,false
5095,0x8d1ac7148ea5fdaa90025b1043eac0eb20762266,5,0,Unknown,,false
5096,0x8d195569c9afa37e126d0b5db69fde065f470e03,5,0,Unknown,,false
5097,0x8d119c0c3c5c830d0afec2b57dc771c650a56d4b,5,0,Unknown,,false
5098,0x8ce60f2a2ff353f6c0b2254089c534d7def8347b,5,0,Unknown,,false
5099,0x8ce4824019f2f4f0aa82a0fbf36906b91cfdb277,5,0,Unknown,,false
5100,0x8cda00d788b2578a221258a65c0fd49dbedac63a,5,0,Unknown,,false
5101,0x8cd5f339d6d07f0d164b313e8342bc17d02ab138,5,0,Unknown,,false
5102,0x8ca91a04e5fda8a1c42553c2fcbc1bb0b25a394f,5,0,Unknown,,false
5103,0x8ca07e8742cf09600a6f8df7af462384059d7aa2,5,0,Unknown,,false
5104,0x8c98779e4207f2b8ba96cba9f3d6928c55c7183d,5,0,Unknown,,false
5105,0x8c8d97dab3d1f52fc2d3eea916045aad11d5eafb,5,0,Unknown,,false
5106,0x8c83c846aff986d4cb44a424ba42ac78fd809b60,5,0,Unknown,,false
5107,0x8c5f32c009f578302d78a7fc5652b21a1e341230,5,0,Unknown,,false
5108,0x8c5190bc34a6211b3082c135ba12cc1f8a8361f8,5,0,Unknown,,false
5109,0x8c478f98a5b6a1c6acf265ec2e51bddaea0c6a31,5,0,Unknown,,false
5110,0x8c3f94b76297865ba7e202f53c5784041c10b395,5,0,Unknown,,false
5111,0x8c3e4a5410279f3054c7c3eea03159fba506438a,5,0,Unknown,,false
5112,0x8c3c107127608d4a03ffed5d93f55112ba2e7ce3,5,0,Unknown,,false
5113,0x8c359cfa2339655b43add92d2a92e4cb06760dda,5,0,Unknown,,false
5114,0x8c3390d9cfdbfbdebd2c84345aedd434121e4e24,5,0,Unknown,,false
5115,0x8c29c701b82f8555131f980ee2bd4cc9fb85f2b0,5,0,Unknown,,false
5116,0x8c1e68eaff477ab5d50145cb49c22b29dca8b0ac,5,0,Unknown,,false
5117,0x8c17b46693e34d18793bb56f63b7bd07316ee907,5,0,Unknown,,false
5118,0x8c0fefb3114e855441322a65b78433695ded0152,5,0,Unknown,,false
5119,0x8bf6efc44c77b33676c1106be593f5247c4d21f1,5,0,Unknown,,false
5120,0x8bee610fb5e36c92677729c7d6227f3acba6408f,5,0,Unknown,,false
5121,0x8be271ab34a3e58628e955e7d4968affd602b771,5,0,Unknown,,false
5122,0x8bdc67188c757443b6e611516a9adddcf168c047,5,0,Unknown,,false
5123,0x8bd81be30757a85a61c5c9f670ca666cb7c3a074,5,0,Unknown,,false
5124,0x8bd56ff3a1bca560c15b8d61b900f306921bccb5,5,0,Unknown,,false
5125,0x8bce67beca9085ab58bf3b24ca02cd680583c885,5,0,Unknown,,false
5126,0x8bc9ad09a8948ccad2371ef82605649da62a89cb,5,0,Unknown,,false
5127,0x8bc8ec9126739fca9b5c1b4f1770ad76bea81b75,5,0,Unknown,,false
5128,0x8bc7e988a9030e2308f81906b1156a4216a0fb11,5,0,Unknown,,false
5129,0x8bc6b29690bb0f1ab27e96dba2ae26064e592786,5,0,Unknown,,false
5130,0x8bc33799771883074e259e5486767dd3376287cf,5,0,Unknown,,false
5131,0x8bb88c42f038bb4d1305fbacdfd439e12b148e0c,5,0,Unknown,,false
5132,0x8bb37b13812ad90650b1b86d9647bd6d1d391c78,5,0,Unknown,,false
5133,0x8bafc8a82d779291e22550682ee0b82e30984f73,5,0,Unknown,,false
5134,0x8ba469ff242c70c42eb3f5a002127727f918986e,5,0,Unknown,,false
5135,0x8ba37788192083f9bf35f572d391f4803331c64e,5,0,Unknown,,false
5136,0x8ba1aff0aaf9de46c8d02d84d04718914168314b,5,0,Unknown,,false
5137,0x8ba06eb53f5e881f8bc16a07d7ca9b0fa20f616f,5,0,Unknown,,false
5138,0x8b8c3d7b0eba4e9c39c00a4cc591369b42402a8d,5,0,Unknown,,false
5139,0x8b8a7449bdf4bf45e0002d69174b38db4afd937f,5,0,Unknown,,false
5140,0x8b86614774088ef703ce626b8c7dfbe750b8e07d,5,0,Unknown,,false
5141,0x8b6ed356a1c66c79ad8fa816e1c65e98767f6f7b,5,0,Unknown,,false
5142,0x8b6d17cd15b50918d38bfe9773f34149b26b860e,5,0,Unknown,,false
5143,0x8b6a3ab7889683e6d64a73073f44bd694e6635fa,5,0,Unknown,,false
5144,0x8b5881ffd381bdddeed4b675fd70e54dbd4e6fb9,5,0,Unknown,,false
5145,0x8b4ac5c1dd790db4b15b526bb50ea5c1b4b7ba0e,5,0,Unknown,,false
5146,0x8b365454bbcee7111bfd4eb7cba4996b30d75705,5,0,Unknown,,false
5147,0x8b22917dc7aacac5beee1d1ce8e5e0622efb7069,5,0,Unknown,,false
5148,0x8b2279a13f3be756044d2feb118a1c1dc141a4d7,5,0,Unknown,,false
5149,0x8b085117a46961aacf5a4604b498e73606d92ba5,5,0,Unknown,,false
5150,0x8b010ca944a0ace215f165565a666591e31f668c,5,0,Unknown,,false
5151,0x8abac480a1883fc8a42c3eac0f1e65f76903b5aa,5,0,Unknown,,false
5152,0x8aaeb77e345f53c7e98a7520613ecb1be4ee6ac1,5,0,Unknown,,false
5153,0x8aabadc8f4c835890135ed41bae7d7c6caf1e811,5,0,Unknown,,false
5154,0x8aa9aae3b2e62dab7eb936b8e9e3f3ec59895430,5,0,Unknown,,false
5155,0x8aa511949fdbf38590c9233718c6765849bc133e,5,0,Unknown,,false
5156,0x8a9455605ed0dee8ee9abfba1189954641a25079,5,0,Unknown,,false
5157,0x8a917c33996cbfc22362ae151fba72b695f5e72c,5,0,Unknown,,false
5158,0x8a8ebefb2488aba36a9d692b51719d4d497b5a8a,5,0,Unknown,,false
5159,0x8a8b3404341e72d686b822746913494b704aaf9b,5,0,Unknown,,false
5160,0x8a852bb1a6218fd2449d71bd7d63707c4d9d7f5b,5,0,Unknown,,false
5161,0x8a813ee9bb24ba1182cee3fdf573351326f894ab,5,0,Unknown,,false
5162,0x8a7b9152f74afa3c27c136e2dfe68658ae0389e0,5,0,Unknown,,false
5163,0x8a7a1fc8437fcf3c36e0c650861d0ee240efe442,5,0,Unknown,,false
5164,0x8a72e35101650e7361b0aad2ed9333df58571943,5,0,Unknown,,false
5165,0x8a6e9d4fff608d56087185cb2a63d2e86ea73bcb,5,0,Unknown,,false
5166,0x8a69f10eaab7a4f287cd42ea32582f9b34a8b1f0,5,0,Unknown,,false
5167,0x8a61b49c10f81dd26d243507bc2a918af5612ed0,5,0,Unknown,,false
5168,0x8a5e1e90587b2f0a48a6d836a060fbb7bc20fbec,5,0,Unknown,,false
5169,0x8a590b7415496a960705c3236f0ccce562038ff3,5,0,Unknown,,false
5170,0x8a58ccae06c27d658df47da9c4f3630ee73ccf67,5,0,Unknown,,false
5171,0x8a4d723d84ac7d424efd9eabb28e6f0dc774742f,5,0,Unknown,,false
5172,0x8a4c3cf45371430634f071c7eaf1357e410a40f2,5,0,Unknown,,false
5173,0x8a42a343a6da633bc198f6ac3c7d6aa58a33a0fa,5,0,Unknown,,false
5174,0x8a36de2e1131e5b10882368e342e1a5cf8e72e17,5,0,Unknown,,false
5175,0x8a314b076f067fde228d51105048c79b6d8e50da,5,0,Unknown,,false
5176,0x8a2acf184573fa1b1f63285f66b3c16f9a7571d0,5,0,Unknown,,false
5177,0x8a21ee6aa83e3754853dba18a750ceedc04dae94,5,0,Unknown,,false
5178,0x8a0f68f8370c19c7558f7d20c695a49b988c3d3c,5,0,Unknown,,false
5179,0x8a0989bf702d8dd69adc0523eaa103eb665dd1cd,5,0,Unknown,,false
5180,0x89fef358be504699b156a8f618c45b19df074227,5,0,Unknown,,false
5181,0x89f9bf51389c17288e0aa1f28a9b52fb13a86d13,5,0,Unknown,,false
5182,0x89eb3670a45f7fc0aa7e7a0e9a4d9d690d061c60,5,0,Unknown,,false
5183,0x89e340c4622034cce460c1a6f744af9bec034ae3,5,0,Unknown,,false
5184,0x89e152874ab381c64d115e5597f66011bffd29b7,5,0,Unknown,,false
5185,0x899a5d334c81a9c00e13f7e1e02d538d1de0d5de,5,0,Unknown,,false
5186,0x897d705aa79ccd2c6bd0477d83f299a4f06f4e2d,5,0,Unknown,,false
5187,0x89699263000851ef20aa9248f9c835e3d5113d4c,5,0,Unknown,,false
5188,0x896218f39e9abd10aacb5ad224a739afd4a525d8,5,0,Unknown,,false
5189,0x895e8c0656278dc4dfd01b9bc773e3009effdc35,5,0,Unknown,,false
5190,0x895d2a966de41c2d8489e7fa97cb5d377c61b810,5,0,Unknown,,false
5191,0x89543ce59c766340d97cf4978fc56272b194b1ab,5,0,Unknown,,false
5192,0x895169a51711234dc8db3a9c70b2adebc5a9dfc0,5,0,Unknown,,false
5193,0x894e95e16ffb2a5c6e4932bab1b907483889b4ec,5,0,Unknown,,false
5194,0x89429acdfc41a8f7bb0bbe3fe0c31c601ea65461,5,0,Unknown,,false
5195,0x893b56f526780855d4d1f709a51c2a7fbb8aa67e,5,0,Unknown,,false
5196,0x893926ffd19f62ba2a1dfd7431cad8ea86d2f98f,5,0,Unknown,,false
5197,0x892dccea2a37298d62897083eb2b07511cf2ed0f,5,0,Unknown,,false
5198,0x89298d5073950292a23357b4e201e13102af00f2,5,0,Unknown,,false
5199,0x8910310ebf1da3b1a9fd8df79385a796d4515120,5,0,Unknown,,false
5200,0x890f1bc393d1ef6187d33447db3b291edc4041b5,5,0,Unknown,,false
5201,0x890a0b90568253ed97a5242cc68bdb176edba8d7,5,0,Unknown,,false
5202,0x8904c5d9cd9da96445bdae3c2d9919854b3a2186,5,0,Unknown,,false
5203,0x8901395755b1cbfd8aeff0afcaa21e9f356c7f58,5,0,Unknown,,false
5204,0x88fa06731ae17fe669e596c22b8a911f48a83c07,5,0,Unknown,,false
5205,0x88ef8b11bffc3ab208f40fcaaee48e32f8a26166,5,0,Unknown,,false
5206,0x88ebc4efaf99739d59d45e541eb9967c9d1ad978,5,0,Unknown,,false
5207,0x88eb253114a4fd50633e65675dfe935f9a66b204,5,0,Unknown,,false
5208,0x88d765a756c75cb6f7147a8312553b9b359556c6,5,0,Unknown,,false
5209,0x88cea13f7b9a5650c0eaa39836b234333d8efdec,5,0,Unknown,,false
5210,0x88cbffc48552a526119ae1662ac71c2ff9ea6602,5,0,Unknown,,false
5211,0x88cba464c4b50ebc106af251f6c9dc117707cbe6,5,0,Unknown,,false
5212,0x88bff2d22a87cac7a25b840dc308c273a461a101,5,0,Unknown,,false
5213,0x88b3c8847ddebbb5f6b407e8b0fa8a66c8906477,5,0,Unknown,,false
5214,0x88aa528bfab7c867dca0a6c297bc4076cf11aac1,5,0,Unknown,,false
5215,0x8893252fb68e4017c4ffecb9400f8b01dec0c024,5,0,Unknown,,false
5216,0x8882651f7313befc6749c1dca7abe278a3036369,5,0,Unknown,,false
5217,0x88813e54b38856ba7e04c03cd26142a7e5c40684,5,0,Unknown,,false
5218,0x8880920cc39ba7b8cb836b49c4ffe82668f8f7b9,5,0,Unknown,,false
5219,0x886b351c6e2673db8c5fb047a5cf1b512a94d512,5,0,Unknown,,false
5220,0x884ebf831616eecf2f0e02387061bb7e3d0bd52b,5,0,Unknown,,false
5221,0x8849d759fc985a302f6a522e44a5802da1422659,5,0,Unknown,,false
5222,0x88414265df0de7e08bf014b6b80ab4815507f78f,5,0,Unknown,,false
5223,0x882fc6675745405ec4bfda24438ee6ef7900c692,5,0,Unknown,,false
5224,0x8821a388aaf01d5d1f6c80957ffcdcf7605368c4,5,0,Unknown,,false
5225,0x88006cc930629adc731ffc60ebd0893e26e5dba5,5,0,Unknown,,false
5226,0x87f993e3d2b280265bbe49d2a0b1dc824efc833b,5,0,Unknown,,false
5227,0x87f0d9e388d1d93d27c8b7de8a1e1bba82b6518d,5,0,Unknown,,false
5228,0x87e4a6e4049e74bf66f486be86979a5e54c9290b,5,0,Unknown,,false
5229,0x87e0aaaad179d3f6413cfb35d970552e737450db,5,0,Unknown,,false
5230,0x87dbe0cc48960a401bfe6bd1367cee172dd79ad9,5,0,Unknown,,false
5231,0x87d96ce4775f5ee45f595c38dbbda44152f2def5,5,0,Unknown,,false
5232,0x87d64aa3deca73831b9e505b5aeca96b620bf1fd,5,0,Unknown,,false
5233,0x87d609034fcd0d2c7b52c91dc2d1b586ff227031,5,0,Unknown,,false
5234,0x87c91c6e1f140911f1cbe706d34b3dfe9bda8c13,5,0,Unknown,,false
5235,0x87c5ce7036333cd61ee63dac73a4ce0a719d6011,5,0,Unknown,,false
5236,0x87b339bd0a2d34d9b43a1271d7279c5f394b2b83,5,0,Unknown,,false
5237,0x87addbb474aa0123bf28cf7ffb2ab421c5a38053,5,0,Unknown,,false
5238,0x87ac36da2b9b044fafbc9f65cf011b1176004822,5,0,Unknown,,false
5239,0x879e578295408666e16f50a472a823d937015637,5,0,Unknown,,false
5240,0x878cb102f84396a67cb54bb7e5351f72eb34c0f1,5,0,Unknown,,false
5241,0x878a26fa56ad7f27c1481d5ef93b63c6eb042683,5,0,Unknown,,false
5242,0x877c7e218a40449f7180bc4be6d679376b1f5330,5,0,Unknown,,false
5243,0x876c887c4437d8f0a3e6af0adf2bcecbaf2656f2,5,0,Unknown,,false
5244,0x875cbc5c72f7745f65cd24d324f0d7a77c386bf1,5,0,Unknown,,false
5245,0x874212024fc934c40e369cdc993401bdf9391e99,5,0,Unknown,,false
5246,0x87385ab40b6c6d331739c2588461f8b44d0c8d6d,5,0,Unknown,,false
5247,0x873791eaef28317c2ea8307368576a49b7c718b1,5,0,Unknown,,false
5248,0x872137928cc630b2cbf2b80b2fdaff4e3098301d,5,0,Unknown,,false
5249,0x871e4fcf8f88d8805cb93e124c9e5a0fd4ed2192,5,0,Unknown,,false
5250,0x871435ca69ddd941f801f114ee48934e7d10eec7,5,0,Unknown,,false
5251,0x87117de4fb94138c3b5dff18cf19c78dc2d1ac09,5,0,Unknown,,false
5252,0x8704a117216ab48dd413313c01c693016d683c50,5,0,Unknown,,false
5253,0x86ec3416658734587640927aa15a4cae44b3c43a,5,0,Unknown,,false
5254,0x86e88b233496e3b541b52a066ee7c6fd23af0947,5,0,Unknown,,false
5255,0x86dfeff47c1132ecfefa1f4c39e234984cb72fe2,5,0,Unknown,,false
5256,0x86d97191c66c02ed0713aef88197f41b07b1a837,5,0,Unknown,,false
5257,0x86c8176e21407ae1504ca3d3f902832473825597,5,0,Unknown,,false
5258,0x86ba2b556d804154e2dd0639a112492f40fd42e5,5,0,Unknown,,false
5259,0x86b25dbeb51050f382028688bc70ca56812bdb13,5,0,Unknown,,false
5260,0x86970ae6c178e0fbf3f10b009cd9a38ed4befd0d,5,0,Unknown,,false
5261,0x869263640e8ee4e161136c90a11ef1cdf50c6a55,5,0,Unknown,,false
5262,0x868ae0a0d2ffc87921fad960d7712cd2e918084d,5,0,Unknown,,false
5263,0x86801e3f3652750cb9f77603fd6e114ab9dbd4c4,5,0,Unknown,,false
5264,0x867cd1d3aebfa3cc2f447a068668bec389c7d7a7,5,0,Unknown,,false
5265,0x866e094b3f69ed01f2292b53ef432bf5187511c8,5,0,Unknown,,false
5266,0x866a538179d52557d0374890d0dfd24ad690c3d8,5,0,Unknown,,false
5267,0x86688b32d941105910f11ca6aa7f49cdb97111bc,5,0,Unknown,,false
5268,0x864c430147e57252ef1af7367794c776fcf2d2eb,5,0,Unknown,,false
5269,0x864a4fc88cf8bb97834e5a04499d313a9da7c7fa,5,0,Unknown,,false
5270,0x8648d6903324f83898572d4673f3437588fee63c,5,0,Unknown,,false
5271,0x8642073c88160d3c432f381986216a3f89b88d19,5,0,Unknown,,false
5272,0x86405950c8d492bf1147d28ba8f7a104c8363afc,5,0,Unknown,,false
5273,0x862fac16101e5038d59e1db9b8c4e25d866120ab,5,0,Unknown,,false
5274,0x86290625058eb1ccff7aeaf4d5e2513e7a29fbf0,5,0,Unknown,,false
5275,0x862139c4e346fcf10d65bb7760058d84c93d8380,5,0,Unknown,,false
5276,0x862004378a0fe3112618bce92b9b9eaa687fbdac,5,0,Unknown,,false
5277,0x8613d43a2526ef08c535e268074f365d74a1e610,5,0,Unknown,,false
5278,0x85fa8e25e402cb6e3713ba909b2089b4d1b3380e,5,0,Unknown,,false
5279,0x85f926283e71693ad5810715d49fa62f3587ce77,5,0,Unknown,,false
5280,0x85f4531c4e4b68ca5f1dcc6d67d9f406da2136d0,5,0,Unknown,,false
5281,0x85d6bcaa3d9f9e3302aadeeba6dc8f9d6d7e9b38,5,0,Unknown,,false
5282,0x85b549351edc1fca3160ac238d4687e2138c5f2c,5,0,Unknown,,false
5283,0x85b49227ac13d50667369079a67b031f18fc5baf,5,0,Unknown,,false
5284,0x85abf183b7a46bc86e991c1b650068877c4a033c,5,0,Unknown,,false
5285,0x85abb971fb1e4d2e4f414ecee769d902a295b038,5,0,Unknown,,false
5286,0x859d6f6b6ac1e1c22d31c247491eca2e2cf1a884,5,0,Unknown,,false
5287,0x85937d9a5239c2ddbdad0ddae7293be49a6fb879,5,0,Unknown,,false
5288,0x858c33ecca52241052c702f411b62ab8de7197fb,5,0,Unknown,,false
5289,0x85855d36a2fd4734b43d7ce4c07d2ff82c4094fe,5,0,Unknown,,false
5290,0x856a8b655c9bfb70f9e5014a9279a6e3377d28c5,5,0,Unknown,,false
5291,0x8569c091d36b4e8dfb2042c04aaa89cbc9c0a466,5,0,Unknown,,false
5292,0x856226429b3518f477ca28d9417c75d9b32a4a54,5,0,Unknown,,false
5293,0x85541447cab2abf2a5184757a7624fe3d8d13aa3,5,0,Unknown,,false
5294,0x853c847e1c72c7fcf76fb650430d3b362cde98c2,5,0,Unknown,,false
5295,0x85343157e32d996c525a4c39756653f82c2549b3,5,0,Unknown,,false
5296,0x8530bcbd032b87753b41e5ec58f4d8e7ddd4124a,5,0,Unknown,,false
5297,0x85245af62690b03f7e208fe1bcbf019afff935a8,5,0,Unknown,,false
5298,0x851ce453638050399ba45d0bbd9a33d19249f925,5,0,Unknown,,false
5299,0x85199ada68779b2aae7a2bc7ce5ca46a937ccafd,5,0,Unknown,,false
5300,0x8509c85a67c3ee4c236adc8a67b97024878de5d8,5,0,Unknown,,false
5301,0x84feb654c3213248082e11f4a58cb183a30f8f8b,5,0,Unknown,,false
5302,0x84f838db7c694309b189fa24cde430d5c15931d4,5,0,Unknown,,false
5303,0x84ebda04e7bbd2aa7d4a58a0a613e294428a5051,5,0,Unknown,,false
5304,0x84d322962a9c959472dbcc12e15e71dbc602f3b7,5,0,Unknown,,false
5305,0x84cba3e0a6c8e74df9402599954d5b0321e195b1,5,0,Unknown,,false
5306,0x84c7fc50ff67cac05ce9d1727e200ad97100ca11,5,0,Unknown,,false
5307,0x84c4bc5397200a68402d70cc8da93082680ac0b0,5,0,Unknown,,false
5308,0x84aeea38044fc5aaa9876df7a2fbe74aea48d036,5,0,Unknown,,false
5309,0x8488685641ca037449a42d8d25d75716f942a62c,5,0,Unknown,,false
5310,0x8487fb7b8af033bf5f4050c73d6aac60fce0936a,5,0,Unknown,,false
5311,0x8487b4ed5ddef1dd22bcdaa2c63e4effecbd2a18,5,0,Unknown,,false
5312,0x847af0bf59d6b3faa741cc544117347b2f854540,5,0,Unknown,,false
5313,0x847794c5895b59062ef2102fcf927a4e601a8faf,5,0,Unknown,,false
5314,0x846a30b2ba268f076fe1c29ae5dc2a3ffb027927,5,0,Unknown,,false
5315,0x8466d9b15369679d465fd0e34eefed9017220fc4,5,0,Unknown,,false
5316,0x845373bdc58071d863ba873a361d4beee47e092c,5,0,Unknown,,false
5317,0x844f764ea125ef2853e09e9993b905619e7a2653,5,0,Unknown,,false
5318,0x844e9078184bb395e055059ef143a953e6708f0f,5,0,Unknown,,false
5319,0x8449754ab250f9ba7cd3f6dca0bf5467c7e02d57,5,0,Unknown,,false
5320,0x8445d0bfe45e1cbb1f7b1d5d4fbad5892ebe7222,5,0,Unknown,,false
5321,0x8439a1cba00541c473dccc20baff16e06ab77181,5,0,Unknown,,false
5322,0x842dcae0e3a5d00516044ea3ebe6655720bad353,5,0,Unknown,,false
5323,0x842c7a86c892b69218a1beb4286c66b02feb6ec6,5,0,Unknown,,false
5324,0x8425692714e41201e2ed0f678949427f527918d2,5,0,Unknown,,false
5325,0x841584521eba8790b56f6218b29ed1aa67d0337d,5,0,Unknown,,false
5326,0x8408077e007ab88e49fa99c475877735814c6e95,5,0,Unknown,,false
5327,0x8401d448966f547a32b6091b774aa9392f893309,5,0,Unknown,,false
5328,0x83f4aaebb3e517d4bde9c5e4c8055a2821eb3411,5,0,Unknown,,false
5329,0x83f1b431f0068104ca08abf2126e53041ba61dd8,5,0,Unknown,,false
5330,0x83f12bfb00029a6940ebea9a8171985cda42a200,5,0,Unknown,,false
5331,0x83d7be9ccd785912f765a71bd1060731b35e6832,5,0,Unknown,,false
5332,0x83d5b08ebb0996efe0f037979b3322ecada2ac01,5,0,Unknown,,false
5333,0x83d50bc6170be91f2768502f9fac566ddfe0ce03,5,0,Unknown,,false
5334,0x83d1efd74130446db85797defba0094a8cbf3ee3,5,0,Unknown,,false
5335,0x83ccb83504bfc64f0e4d59470aa75e0994fb0da2,5,0,Unknown,,false
5336,0x83adc4047bdf73d16bdf5cef42b495a96427a06b,5,0,Unknown,,false
5337,0x83acf1b8a6f5bb4fe2c7bee5dbc3cc7990e8d312,5,0,Unknown,,false
5338,0x83a05221659e0d4cea3deb395882e4cec1a0e942,5,0,Unknown,,false
5339,0x839dfb032f2bf9064ff27b5f76095e075dfb630d,5,0,Unknown,,false
5340,0x8395a5bd0b33b4a81aeb0f06bfef0ef9db7c4611,5,0,Unknown,,false
5341,0x83795ac74ca769ee26fdc99570696dd86d32d55d,5,0,Unknown,,false
5342,0x8367bbbc78fe7607df890a853f3ed40ecccbc200,5,0,Unknown,,false
5343,0x8356c8f42c3a20ab1e7e7168f158aa7d4f25cbcd,5,0,Unknown,,false
5344,0x83538a340ea4b233859ee870ed6c4dcbff3ba405,5,0,Unknown,,false
5345,0x8343c6b23f7a675af5d44e491f4bf649eb0f9b20,5,0,Unknown,,false
5346,0x833ce5c5f7f51ecc0ece3a4f7f5667477b583940,5,0,Unknown,,false
5347,0x833abd7b123bbff8e480fc89cbf4c1fc8498f75f,5,0,Unknown,,false
5348,0x832a0d93ea1ed25365265db8b51818cf4ad511da,5,0,Unknown,,false
5349,0x83273ae39abba2ea42d60473b7bde81cb7c9e369,5,0,Unknown,,false
5350,0x83203432c8c23ced79eaafe3e7f4b9ec83793fbf,5,0,Unknown,,false
5351,0x83162460372810a73552246e63ec8f4da32613b0,5,0,Unknown,,false
5352,0x82f632b4cba62e1480de383f63231b73c5d0a200,5,0,Unknown,,false
5353,0x82f32f7be0be2a989335fa02cf7c52a0362bc18b,5,0,Unknown,,false
5354,0x82ecf73621f28d0e1d24876186e1e1ac2fcdc1e0,5,0,Unknown,,false
5355,0x82ecd968913ede8723f37b56455fc5d21590bdf8,5,0,Unknown,,false
5356,0x82b3d44971feaa97414e1560956d9f3d457d3797,5,0,Unknown,,false
5357,0x82b1b0a0d12790594821112d17ef3cbe4e1af92e,5,0,Unknown,,false
5358,0x82ade250b74d04af899209077afee8c6caead8e6,5,0,Unknown,,false
5359,0x82a6320c600677346eabefbc25444b6be76e0976,5,0,Unknown,,false
5360,0x82a29ccd6884b19f4cc865f765cf389cef798ea3,5,0,Unknown,,false
5361,0x829b6646c8457609fdc7a7d19391343c30de2507,5,0,Unknown,,false
5362,0x82982e6762a5670815c8c8fb9d7f6c295e7a5a71,5,0,Unknown,,false
5363,0x8296c33e3e8e6e8b3f7da0aa005ef68feabc75e9,5,0,Unknown,,false
5364,0x8286fc5267c504af1b0c0e15ec5f8deb08f8d1b5,5,0,Unknown,,false
5365,0x8286f44ff03beb7430fc7451b990a3719e1ccd6e,5,0,Unknown,,false
5366,0x828617d5a16afab80e001e34ede0d44c8c2e04be,5,0,Unknown,,false
5367,0x825ba8015e941880bd6775c193733be90cbf2e81,5,0,Unknown,,false
5368,0x825aaca77dd8f62dd68d14986298d901833aa30d,5,0,Unknown,,false
5369,0x82597e587b79bb5c3c8f932c073da627249eeece,5,0,Unknown,,false
5370,0x82589ae207392b9f43f9a0c81ac6ce4dd3b11ec8,5,0,Unknown,,false
5371,0x8256709c47cc2f006877d8745ec7672789cfb506,5,0,Unknown,,false
5372,0x824b0bf41453dd3f06f43a086af7f803f5833204,5,0,Unknown,,false
5373,0x823ead541d01b71e5c2fbc80c0085a008379c22f,5,0,Unknown,,false
5374,0x82378c1f5f3f11cd760823a0e1efa140b70ecbd0,5,0,Unknown,,false
5375,0x823393cb025f4c9c61d2d81389a6c74b391c6be9,5,0,Unknown,,false
5376,0x822f33e63e187004541b238983b915289be194f5,5,0,Unknown,,false
5377,0x822cb5e52f91cb9bbb252d5253224b7b88851694,5,0,Unknown,,false
5378,0x82290fe4bbf21ece46c084cab48efbb532c6166e,5,0,Unknown,,false
5379,0x821ddc1bb16226ce706227a4a649e0ddda416f4b,5,0,Unknown,,false
5380,0x821c6dd5d528058ef6ffc11e6fda710709defde7,5,0,Unknown,,false
5381,0x8217c3a518399ae539b76fdb41fc3685a97853d6,5,0,Unknown,,false
5382,0x821038c6b621616470f10a16ccfdc3358d1d955f,5,0,Unknown,,false
5383,0x820a4b01fa0782fcff2dcd11582c0941e29ca4d3,5,0,Unknown,,false
5384,0x81e3fecdd86d558ea719562bf402660985ff1ecf,5,0,Unknown,,false
5385,0x81d83dfc3ad15a63737183375c5359960889cee5,5,0,Unknown,,false
5386,0x81d7d595110d9a8a7695b6dc47e3f9e655da28d1,5,0,Unknown,,false
5387,0x81c62d9c27563cc54193d035340806d995baed6d,5,0,Unknown,,false
5388,0x81c3d5904d3baabb29f530db83c5ef41972e0002,5,0,Unknown,,false
5389,0x81a91afe1cf081430799e3bf6276b1e963deef8f,5,0,Unknown,,false
5390,0x81a58e3e12d90689575356673460426ebdddf641,5,0,Unknown,,false
5391,0x81a53c75d5facc83abfa87863ef1ca14a45550a9,5,0,Unknown,,false
5392,0x81a44d72da6c2c19bdd378e9ed9acd76a72e5f89,5,0,Unknown,,false
5393,0x818cb32a4f76e994df61af67be4b42425b565762,5,0,Unknown,,false
5394,0x818cac9e1b386d618986874c2b4306fb70ac8c38,5,0,Unknown,,false
5395,0x818b5accd463d50ddf2a1b3c13ab7ea450c8c0cd,5,0,Unknown,,false
5396,0x817cc9ed6cfa3cb400974df910e08efdf9f5916e,5,0,Unknown,,false
5397,0x816a9ac88a49a5abd25d3fcabb8c4a5af7ba6f38,5,0,Unknown,,false
5398,0x81694fb475ba4bf7672794b0d621d08024429961,5,0,Unknown,,false
5399,0x8165773ab59d9e2b4f84cd914711ae279d37b445,5,0,Unknown,,false
5400,0x8164762877d298f0313be6db7fc29ee5995e127d,5,0,Unknown,,false
5401,0x8163c81900d333787f9c4df4ec379a50883414f7,5,0,Unknown,,false
5402,0x8161f26b52d4719dc84aa0469a78df462c73ded4,5,0,Unknown,,false
5403,0x815c9f730214a053502259dd68498ea17cdf7e54,5,0,Unknown,,false
5404,0x815a95e1f20f9aa90a1d6a2db1aa67f2781848fc,5,0,Unknown,,false
5405,0x81593d7895c715557e67d9bd9fa0836626fdad7b,5,0,Unknown,,false
5406,0x8151eb2637454f33b0ad9d8c717ab36fbbf36059,5,0,Unknown,,false
5407,0x813f73d87897bf606e20d355cfe361eeedd65fab,5,0,Unknown,,false
5408,0x81367534913f34bd854bdd60fce4ed7af8b7c290,5,0,Unknown,,false
5409,0x81179451bfaddd7bcbc624dd293e1755d990e86b,5,0,Unknown,,false
5410,0x810ae523942ff2a4af1b650185a9d76e7cd755a2,5,0,Unknown,,false
5411,0x8104f3318a5b65497ae4004abef4c7a4680496be,5,0,Unknown,,false
5412,0x80fe2c6dbb84db25d490dc468db4b8499ae4a82d,5,0,Unknown,,false
5413,0x80fa93c93a4db0f3b11cc146f400fc426d28e0f6,5,0,Unknown,,false
5414,0x80f0b2e99f63aca41f1e293f283f6f1a68d068a9,5,0,Unknown,,false
5415,0x80db29e9f767d4d40f655841529cfb3079b5ffc4,5,0,Unknown,,false
5416,0x80d72dc558014bf2696fbcdb02244551c11415ce,5,0,Unknown,,false
5417,0x80d58466f3228da660716a139b5d950427e36248,5,0,Unknown,,false
5418,0x80d1806aafad4bf80776f6963f02f9c02cdf6e7b,5,0,Unknown,,false
5419,0x80cfd8f65bc243c87f7eeaff2167885c420c12f0,5,0,Unknown,,false
5420,0x80c680df449c1244864b6c4876a4fba2987b391c,5,0,Unknown,,false
5421,0x80bcccf1d8d0052560d31ba26b628aa03f609807,5,0,Unknown,,false
5422,0x80b9c8d28ced402b3aa8c89dff22819ef3f5b9ea,5,0,Unknown,,false
5423,0x80a4067fce9b5ec3cf51b7944b665f16e33068ec,5,0,Unknown,,false
5424,0x80a0b49d1a077cf9cfcaabaf664b5815f68ef3aa,5,0,Unknown,,false
5425,0x80964da095114417165854f702d73df650b11f9f,5,0,Unknown,,false
5426,0x80943ad5073e6e1af96aae239e215ba7d4158ec5,5,0,Unknown,,false
5427,0x8092187d672c0d9c410f73fc1b62e9f4a6b4110a,5,0,Unknown,,false
5428,0x8091c2aab9aa00ea6d46668db9aec61d625fc342,5,0,Unknown,,false
5429,0x808b31819110424ab030d76d0213d47ec5f2a552,5,0,Unknown,,false
5430,0x8085a21e0921e25f66ed441fac18b51600a6a6e9,5,0,Unknown,,false
5431,0x8076ede0afb88eb5bb8285b648f5d9f363a29f70,5,0,Unknown,,false
5432,0x806839cefe8e768b291b10066ec2d641cbb14a60,5,0,Unknown,,false
5433,0x80662f5d16c6de55d111caeecdaaf6061804ca39,5,0,Unknown,,false
5434,0x8063ba67fbdc331ed6feaeaa7ed85c4721a5e301,5,0,Unknown,,false
5435,0x8052a9ea18ace0bc9a00b2297b208641b7ba7f56,5,0,Unknown,,false
5436,0x8033e713368704e123f75220d6bbfbb3f91501d9,5,0,Unknown,,false
5437,0x8030117d4cbe55f71cb1040887e84b82dffecf8f,5,0,Unknown,,false
5438,0x802e1f2847e589dbc63ded6f671b105e8f703801,5,0,Unknown,,false
5439,0x802b5bfd04cf4b6ceba0764ff14ebd01f0ec2d7d,5,0,Unknown,,false
5440,0x802ab44cf00c59262814636d7496bccb413aeb7d,5,0,Unknown,,false
5441,0x802a3b45b9a9c9020bed1ebec099fdccae5a4541,5,0,Unknown,,false
5442,0x8026409e3b396741fcc90e0b22a7ce22c8c70879,5,0,Unknown,,false
5443,0x8021a5479cf3081e9139e2ff2012216cd4357786,5,0,Unknown,,false
5444,0x801e9e7db7f4545da46bf658e14d1d9edfa37fd1,5,0,Unknown,,false
5445,0x8016c13d5c71a5d7721c88359523092be9a9f6fa,5,0,Unknown,,false
5446,0x8016b884ec0cf4f72b5b76438b94cfc948afacfc,5,0,Unknown,,false
5447,0x800f9386920550f29f3df2f92e564edf161a4dbf,5,0,Unknown,,false
5448,0x8006249f0197c317cca282bf1f41f9e53a6d35fc,5,0,Unknown,,false
5449,0x7feb0f9c07e6bedca2ab67d38d30522ecdb4401c,5,0,Unknown,,false
5450,0x7fcc22622bde8d1d9cde292448f514e2fa8b3e01,5,0,Unknown,,false
5451,0x7fbdee97c3eaf1a71720f126f9696522e83cd95a,5,0,Unknown,,false
5452,0x7fb90459f5c47b3ba8c3bb7b0ca625e0e55f34c7,5,0,Unknown,,false
5453,0x7fb41112cd71a8468472fb1e8587fad49cccc98f,5,0,Unknown,,false
5454,0x7fb3a8cc6adf185137015f076addafa3ed222630,5,0,Unknown,,false
5455,0x7f9598b4c9c6c24df81042f5c18691a05c2e7dc6,5,0,Unknown,,false
5456,0x7f81bd7ea98e7c3f634a5cada3d1a6073c4d95d7,5,0,Unknown,,false
5457,0x7f7294024659e71c8d7c805159f6588b041e4313,5,0,Unknown,,false
5458,0x7f6915820c781300fdb21461a4acfe30981649f8,5,0,Unknown,,false
5459,0x7f4e6576974c9f87353499c85e230e2e0c9cf719,5,0,Unknown,,false
5460,0x7f3953c162651c3d00c8928dab3c072076d79fe6,5,0,Unknown,,false
5461,0x7f214458a11971d2d35f1e62eb9b491c34b0539b,5,0,Unknown,,false
5462,0x7f1a1588a153f3e0fe4084884737d0c6096a29ba,5,0,Unknown,,false
5463,0x7f1345a7a696190568747f2ab7509d9a4d6586ba,5,0,Unknown,,false
5464,0x7f10a8c7a638fbcee60a8bccfa7d6f3f06a26c88,5,0,Unknown,,false
5465,0x7f0b5cc25745e3680a5924e27fdf761e9aa1b21f,5,0,Unknown,,false
5466,0x7f087ebab31ad3527fc50f56d3900d4335c60ae9,5,0,Unknown,,false
5467,0x7eead2cacdace19bf62e4852a82e91efa32ef16c,5,0,Unknown,,false
5468,0x7ee1612a9f3db3676b0842c8574cad174525dcec,5,0,Unknown,,false
5469,0x7edc7561ab1ffa3b986d4cb40a43f3f53937ba3c,5,0,Unknown,,false
5470,0x7ed5c738a93f23ccbdb4d92a07e24df86b615a2c,5,0,Unknown,,false
5471,0x7ed48d570f3fc49bf7f97480cea1d005c6a62a34,5,0,Unknown,,false
5472,0x7ec9165822e073e7c647fa12a68a028a959ecde6,5,0,Unknown,,false
5473,0x7eb836a0edbee05cea2a9eebf85db66a56f80c7c,5,0,Unknown,,false
5474,0x7eb6f06492394469fef4543746e7cb8bb7330d2c,5,0,Unknown,,false
5475,0x7eab9fa4a13a8fa9c8a055a068f70ddeea89f742,5,0,Unknown,,false
5476,0x7eab5fafa20b33345150826971a322a586366333,5,0,Unknown,,false
5477,0x7e9a99132126fafa88101e66c46a3d1c0412003b,5,0,Unknown,,false
5478,0x7e988a832caab9783681b2d3882047c7e5288912,5,0,Unknown,,false
5479,0x7e968f3b9ff8b8c7a3b9e171b033e54e3c89b73e,5,0,Unknown,,false
5480,0x7e92c6415d7bddc808cf63124ef75c136c841b5b,5,0,Unknown,,false
5481,0x7e89e27f066edba63988584e0277b03ce5a45043,5,0,Unknown,,false
5482,0x7e782c39a66d89977b3731eaf5c51115660a4499,5,0,Unknown,,false
5483,0x7e7773ad20f6c3bc87eb14f7378924361533366d,5,0,Unknown,,false
5484,0x7e6ee2d8985cd2c47178035133a594c9fe737158,5,0,Unknown,,false
5485,0x7e6123367ffe519cb11869d506a5c1dfe1859ccc,5,0,Unknown,,false
5486,0x7e5bec0b90c9c686693ceb7f7a4978cbbf315eb4,5,0,Unknown,,false
5487,0x7e48507cbf7c341e02c8bfde979b860746bdf0c6,5,0,Unknown,,false
5488,0x7e3c24e45a995f46a47f391a09efaefc1d0eb033,5,0,Unknown,,false
5489,0x7e3b8614b5c3a6fe303013a0488b2ee276119169,5,0,Unknown,,false
5490,0x7e2bad91fba6d8241db576d019161bd086ff6a98,5,0,Unknown,,false
5491,0x7e21e0d1ecc0852fe470fe2d6816299a1838cbb4,5,0,Unknown,,false
5492,0x7e1fbc677bc3404b03f1960c1290cb2f76f60ca7,5,0,Unknown,,false
5493,0x7e13507ed4c10b7ec8b59d7600cc8b008d903a32,5,0,Unknown,,false
5494,0x7e131d2286e37955a90610605d0477dd296247a6,5,0,Unknown,,false
5495,0x7e0fa00b4f17c01b80a6ee973f3064bca0c3c511,5,0,Unknown,,false
5496,0x7e0c35a2545e106cc3d72beb1b0bb9d4b558e2a8,5,0,Unknown,,false
5497,0x7df176372ce43b5cf1f0f6f6c6d540e12f5f9425,5,0,Unknown,,false
5498,0x7debd695c1ab7671a9037177dc74b1ee2ae606d2,5,0,Unknown,,false
5499,0x7de89032120ae56eb74f2378f137b5e6c41ccff5,5,0,Unknown,,false
5500,0x7de6c8b6972759a6f2d08732ee8b77d7fcf7ad79,5,0,Unknown,,false
5501,0x7de6b41f98bad9bb4f61c779189c2a3f04997e9a,5,0,Unknown,,false
5502,0x7de6abd638ccb01980498484c14e3746f1e0d89d,5,0,Unknown,,false
5503,0x7de20778419d7559278e0a1f1a60925046170a84,5,0,Unknown,,false
5504,0x7dcd112004bde253589809c1b7dbbab14b1fa04c,5,0,Unknown,,false
5505,0x7dcc2768e56a5c1a240eca9d1fe207af22a19b83,5,0,Unknown,,false
5506,0x7dc7d70d625b390f05bd7165a71ba79945623d3a,5,0,Unknown,,false
5507,0x7dbc3f3baa02f90f7988f7463feedc99486e4705,5,0,Unknown,,false
5508,0x7dae2435e667f47761901d84a6a079b02b6db4cb,5,0,Unknown,,false
5509,0x7da181cfe0d784b970978d115e98506f55a72050,5,0,Unknown,,false
5510,0x7d8d36cd675937828ccaed97b43edf64879577bc,5,0,Unknown,,false
5511,0x7d817f5c1866f2e6593fdefbc1024aaa02454de4,5,0,Unknown,,false
5512,0x7d80ce1dfcb0cff5ac9b2b22f85753fb8680495a,5,0,Unknown,,false
5513,0x7d7996b7e6296763506e1ec78f7d36d7d7f46327,5,0,Unknown,,false
5514,0x7d7619e46522247588cf1be5fa205448139f3c4c,5,0,Unknown,,false
5515,0x7d6cbf47d3fec2deb9c90a1a8080351afafd9e56,5,0,Unknown,,false
5516,0x7d48d496ec9a3bc5ef6bc1325aeec4227d3d2d9e,5,0,Unknown,,false
5517,0x7d40595001282e8066b3cbffd618a193a97503bf,5,0,Unknown,,false
5518,0x7d3862c1397e1481377e2ec5c540b06977d403a9,5,0,Unknown,,false
5519,0x7d34e010c0b4d58395b2a6ef4d5bf6a48dd55cec,5,0,Unknown,,false
5520,0x7d1a2abdf842f778bad054d5e4b62919574048d2,5,0,Unknown,,false
5521,0x7d182d59966304673fd4fc78f6b42e8247be0490,5,0,Unknown,,false
5522,0x7d0bbe39ab3aa6c27f11eb671f69e7f07b26ec95,5,0,Unknown,,false
5523,0x7d07e2415502ce7f44b031a1952022c19da08bb9,5,0,Unknown,,false
5524,0x7d06232df801d707ee534549b85e60ac2942c6b5,5,0,Unknown,,false
5525,0x7cfbf0273db1579936a5eeb77dfae97af5480c0f,5,0,Unknown,,false
5526,0x7cefac05f801866cd066be77ec423d01505485e2,5,0,Unknown,,false
5527,0x7cee9f8a1f14a2c6a1187be183e1f3fb0e12c653,5,0,Unknown,,false
5528,0x7ce5ca32172be0e472fb08e837866f0318235806,5,0,Unknown,,false
5529,0x7cd8f7fa50ea28e58e864a4ed704d21b8b53cbfd,5,0,Unknown,,false
5530,0x7cd849961ff7d0788d9be8dafbfad6f17382fcb4,5,0,Unknown,,false
5531,0x7cd7b9c2b221cfe9d0510a58ef96e31d618d58f0,5,0,Unknown,,false
5532,0x7cc395bf8428454a2872177d239b94ab0f136b5a,5,0,Unknown,,false
5533,0x7cbd9df651d60b40b58ccac042663f22d2a0fa59,5,0,Unknown,,false
5534,0x7cb9a284e3c7850ae8d7ef18e51b4e367cc79eed,5,0,Unknown,,false
5535,0x7ca37f98bace0e6b916e5f81d20fe4f05d5d5d52,5,0,Unknown,,false
5536,0x7c97988e7e1a79ecb422af4db5a9db8f9995fd46,5,0,Unknown,,false
5537,0x7c884ca486272b1cd3f5506696338be6b07cdb61,5,0,Unknown,,false
5538,0x7c8449abaaf08ead18da3f747d902260c2009432,5,0,Unknown,,false
5539,0x7c823be9747736844cc1f4212bea35361bc35f0b,5,0,Unknown,,false
5540,0x7c6f114881cb8c9b32e029a22dcc5af267056ec4,5,0,Unknown,,false
5541,0x7c6e65b3f97770217710ff35c59f34c827fb2a4e,5,0,Unknown,,false
5542,0x7c6e1c2fe3e264d27d95f49a13c2cabcfac0c1a7,5,0,Unknown,,false
5543,0x7c6aa904580badfc9af0b970f049f34d82c6f290,5,0,Unknown,,false
5544,0x7c5dcaf572f85206ac63ea6b0405ae87070252e9,5,0,Unknown,,false
5545,0x7c58fd48c32eb1d0c00d154ec98c32dd072eb7a5,5,0,Unknown,,false
5546,0x7c4be3446322c7dccd72a36857a1484c06a3f4a8,5,0,Unknown,,false
5547,0x7c4b7b0796d63156bd8246732245462793459b93,5,0,Unknown,,false
5548,0x7c4118127d3951452a85336a01fe87b0c6bb496a,5,0,Unknown,,false
5549,0x7c409053d0924d63323ea00621af2d338f694db0,5,0,Unknown,,false
5550,0x7c3d68bbe8cc01a59a249bb848509b1e8a011656,5,0,Unknown,,false
5551,0x7c3c984a152ecf60c2d8b5b4b204930e59d12852,5,0,Unknown,,false
5552,0x7c242a9a5cd72d1f3bc60f976324ba99b65d217a,5,0,Unknown,,false
5553,0x7c239046bd98474b4f7cc39af11c294f73dc90d6,5,0,Unknown,,false
5554,0x7c1b2f6cdcaddcd16be865c274a15d45ca13b6a4,5,0,Unknown,,false
5555,0x7c13a3d1f4ac5a9fd7db5895f1ecd949daa85977,5,0,Unknown,,false
5556,0x7c0ab827c7376530c1438bc7f915753dd8380c47,5,0,Unknown,,false
5557,0x7bf634dea5f1d050c1265ddc5e1e4bcecf60877d,5,0,Unknown,,false
5558,0x7bf456c3a712a61064adea4588eada4261aec44b,5,0,Unknown,,false
5559,0x7bf422592704393c78e1d6fd603171c380ccf03f,5,0,Unknown,,false
5560,0x7be586ff49a03a9fc22c9ae840c6fa3160b4c5c8,5,0,Unknown,,false
5561,0x7be4f1494350286a123921f67abe60f8455628bd,5,0,Unknown,,false
5562,0x7bde7087f23306bdfbe04a2e4c56575d40165820,5,0,Unknown,,false
5563,0x7bd5bcdf36285fe749a5eee11814b102e43604f1,5,0,Unknown,,false
5564,0x7bc8ebfef01202a0379c82cd0bfab1d61cc4d559,5,0,Unknown,,false
5565,0x7bc8cdaa393b5e637b8509eed93398594db3f1e4,5,0,Unknown,,false
5566,0x7bc55a5485bc0153826b8b0fa564d0e166e2c724,5,0,Unknown,,false
5567,0x7bbe7e5ce13b17d6a8083dd1a0f0fbcb47454c69,5,0,Unknown,,false
5568,0x7bb8674258857fe26de9d8865857cfa35333f3b1,5,0,Unknown,,false
5569,0x7b8e30d892025e37426263a2cbfdbb84893e96c8,5,0,Unknown,,false
5570,0x7b8c64777ea7705d511ee4595cd9dc918f5290e1,5,0,Unknown,,false
5571,0x7b786dfca74e08f75eff7dd1baf650e12f70049d,5,0,Unknown,,false
5572,0x7b7574132ad121bf42ff9fb02eb6b415cb2ad2a1,5,0,Unknown,,false
5573,0x7b731a1c8aab3c2e40d06c2cb6b2a611c58152be,5,0,Unknown,,false
5574,0x7b62ce86863c7c0c1a839d61ad1cb37397374a6c,5,0,Unknown,,false
5575,0x7b629c96f1cece5553f67962dc5bb35c2f382e50,5,0,Unknown,,false
5576,0x7b56da09c778add146aa4a5739e559b7881ea20d,5,0,Unknown,,false
5577,0x7b4ec642ec6f1c14a8e33c3f93ce747871746d82,5,0,Unknown,,false
5578,0x7b4e6989fd38a43546836aac75f5aa845686f31f,5,0,Unknown,,false
5579,0x7b4a2246ea6e5ad444284d75b97f20b61d2bb643,5,0,Unknown,,false
5580,0x7b44fba9059009feaab042981ecd7fe733e02dff,5,0,Unknown,,false
5581,0x7b40bd0e9fcff366ac29248f423e9a5f678dfdd9,5,0,Unknown,,false
5582,0x7b402c0994e08086129aa72fcc1b133c7b92aac3,5,0,Unknown,,false
5583,0x7b31daf50ee94b4244666fe86d8a8da00077a46b,5,0,Unknown,,false
5584,0x7b2a6a6070a77f6d597d94f6c7e6922430b0eae1,5,0,Unknown,,false
5585,0x7b29c1c34f25661ee4d37992fafce14a62ef9c8b,5,0,Unknown,,false
5586,0x7b298db1175254614382c2bea3c81a7b0f6c5fd0,5,0,Unknown,,false
5587,0x7b2888d2358869f101bd4809d5a075a535da2595,5,0,Unknown,,false
5588,0x7b187858204ef09179aa3923083ea3df258e75ea,5,0,Unknown,,false
5589,0x7b175bd0f5cb7b0256b4200cd586f81608350c2f,5,0,Unknown,,false
5590,0x7b1474c731e0c1a16f87db3121b99e029343d15d,5,0,Unknown,,false
5591,0x7b13fb79618580866989da93d7c643332ef789b0,5,0,Unknown,,false
5592,0x7b09c966d4f1b86781ae0874234083c1c0e24803,5,0,Unknown,,false
5593,0x7b05036fa80639ad10a1e8a444949614238fbefd,5,0,Unknown,,false
5594,0x7b0387401e5b761c8fe01d0e782af3946a27ea87,5,0,Unknown,,false
5595,0x7af7cc83bbc1ef2609ba7f06944b7292b9a31c73,5,0,Unknown,,false
5596,0x7af30c8c4c43716f61a148ab0fe234c37e95bb5a,5,0,Unknown,,false
5597,0x7aee6e9eef85597727d73d0536b6b10c83cdceae,5,0,Unknown,,false
5598,0x7ade9dcac22160215fd3a21b5c1631a057c6f3e3,5,0,Unknown,,false
5599,0x7acc91074f75b0aa974630f7b68b9c84879eb0f3,5,0,Unknown,,false
5600,0x7ac39ac0b6b63e6c3d4b39f6aac173efdd509714,5,0,Unknown,,false
5601,0x7aba533ecd921b6aee9eed2ba869776f373c121a,5,0,Unknown,,false
5602,0x7ab7744fa3b9f0c92f6bce3bfc9b1febbe848d65,5,0,Unknown,,false
5603,0x7aa58b07b961f5ba3c23bec1407e074514705cc7,5,0,Unknown,,false
5604,0x7a983a2a8e693350b1c3325106132215055a8d6e,5,0,Unknown,,false
5605,0x7a914386653c5ec3f20f7f8738d13f947cfb60c7,5,0,Unknown,,false
5606,0x7a83b54dc3c13a60e4f2e59dc2621f72951b84b3,5,0,Unknown,,false
5607,0x7a7d567d473cbbc8f549034e810a696f755d677e,5,0,Unknown,,false
5608,0x7a500e4a61712c8476b5b62ae1a5c5939bc18134,5,0,Unknown,,false
5609,0x7a4fdfc6c9c4b4372a847f1724bf4ddfb2edbf48,5,0,Unknown,,false
5610,0x7a3ea14fd9e9e28b5f539df87fa395a387061793,5,0,Unknown,,false
5611,0x7a3da6e0233307dca84b85e80742d841dc71d7b6,5,0,Unknown,,false
5612,0x7a3afcc0d61e1d7e007679fb1186e496432c13e3,5,0,Unknown,,false
5613,0x7a1f7afd419ec1f2527718875470e624ec4890f3,5,0,Unknown,,false
5614,0x7a07d2108cc3da4a6973f8d2f90a92f84bafe607,5,0,Unknown,,false
5615,0x7a05e283435c57c3b658c3197b6a55841de7c033,5,0,Unknown,,false
5616,0x7a03c111785438350b9e23c5cd08ca6d3e3ee007,5,0,Unknown,,false
5617,0x79fa31ad4b13bb2ccf2b8c08bdcc96540feb3090,5,0,Unknown,,false
5618,0x79f35c7d7c8f34f7ffa62b902c3a6a22a9871375,5,0,Unknown,,false
5619,0x79ec675a3db2b1032331ae334802f803081fa14c,5,0,Unknown,,false
5620,0x79eb8df1dfb4a8e7cddb56bc81fbd75099f11631,5,0,Unknown,,false
5621,0x79dedca4cdbd82036c51d7e997cd49a8a16efd3f,5,0,Unknown,,false
5622,0x79de0a8248e8e042f1f20128ead91027e4c85d1c,5,0,Unknown,,false
5623,0x79da27eab97408eee57a9533a8a823b5b97b367c,5,0,Unknown,,false
5624,0x79d2cb805e6d0d4ec2696385b4df58c32c1702cd,5,0,Unknown,,false
5625,0x79d04701157764115e5e24e2dce2e61584f879c9,5,0,Unknown,,false
5626,0x79cfe87508c1b045dfcc5325d12e95c92c882125,5,0,Unknown,,false
5627,0x79c29433694cd6bdb17909c1eff2b6a0c14148d4,5,0,Unknown,,false
5628,0x79b70aa4686bfcb5115462969c4ef2c9aa457037,5,0,Unknown,,false
5629,0x79b016b04a6804203169242a9c113ad031178af7,5,0,Unknown,,false
5630,0x79a318d24fd2491e3b60f7b47e70862122ea2ab6,5,0,Unknown,,false
5631,0x7994db76017b1300eb092dbc0756ff59594eae3d,5,0,Unknown,,false
5632,0x799461c4f8a4ba2f527aa223c3434c8090f59ef8,5,0,Unknown,,false
5633,0x7988546e68802cdebf37ef0074039e0471d3be29,5,0,Unknown,,false
5634,0x7986b811b32c1458634531a01a1b518d14981d5e,5,0,Unknown,,false
5635,0x797f0ae193bd07847161050f6b5a57d6efd56a78,5,0,Unknown,,false
5636,0x797e4e21787ade48983614d940ccbd75e983a57c,5,0,Unknown,,false
5637,0x795b15f2a87afcefb9e4e08990e3c923de1ca9a5,5,0,Unknown,,false
5638,0x795769fb47a3f7d8599dc16ce961fbe586ea46dd,5,0,Unknown,,false
5639,0x7946a85b0932c5ac2e98a9135dfd9bbc680525e0,5,0,Unknown,,false
5640,0x7941f7f48e594a76a563e12ec9b48f5ff48a3a32,5,0,Unknown,,false
5641,0x793e8c032b20b093030bac38cf1ff8cb3ac2f3cf,5,0,Unknown,,false
5642,0x793128b84e1b120dc39f788aeadc07297cc0b462,5,0,Unknown,,false
5643,0x79238302c8374484e5720ee24001015a93b45670,5,0,Unknown,,false
5644,0x791a19d31b7fd7a80638f36b0846f783f8536375,5,0,Unknown,,false
5645,0x7910e5959c0be45dca3a6011a3238d4098f85fd1,5,0,Unknown,,false
5646,0x79080bce874d8e500b6369e7a66bbb106408d0f5,5,0,Unknown,,false
5647,0x79019837e7a9cdee06d8f3cacdc80eada59cd940,5,0,Unknown,,false
5648,0x78fb9516d34dd521340f1551176820edfbf50542,5,0,Unknown,,false
5649,0x78d51f6f6aae126b82750381446c93ec6ec9f85a,5,0,Unknown,,false
5650,0x78cd902af84605c814bf705b7daf341f22ed2483,5,0,Unknown,,false
5651,0x78b26b5a3e2d5cd87bc9f20619d46074ee6ce3a3,5,0,Unknown,,false
5652,0x78ac6b39489f23caba4e861f9c5f39e74ea8fe1b,5,0,Unknown,,false
5653,0x78a9101247c3c878da3b7a0e2d895f17ab2cd00c,5,0,Unknown,,false
5654,0x78a751ef4514ee9ca931029c44e1d06ec48de26b,5,0,Unknown,,false
5655,0x78a6330d1370e50b84c756dceee8dd496b767d5a,5,0,Unknown,,false
5656,0x78a4aea10e2e7610616389133cbb1f0b72d775b9,5,0,Unknown,,false
5657,0x788d253741e92397563324f75da8d8a5e6f607a5,5,0,Unknown,,false
5658,0x7882002705b090224728edab31baa49add094714,5,0,Unknown,,false
5659,0x7876feb5d238a5729848e2f36785471c168b390e,5,0,Unknown,,false
5660,0x78746aa6a1d7ebce3c38d6758ada524e44ca6394,5,0,Unknown,,false
5661,0x787213d91fbdef2577e0710554360ece703f26a3,5,0,Unknown,,false
5662,0x785b2d52f4775e9e3df88132208492d93efc4ac3,5,0,Unknown,,false
5663,0x784d90c5c9fda8e16b86aabb286bb17b6fb0a4dc,5,0,Unknown,,false
5664,0x784bac14b9d0696c3443e20a4cd084a6ea6ee47f,5,0,Unknown,,false
5665,0x7840802aa7776e55ba300b13f7154abd3ed0703d,5,0,Unknown,,false
5666,0x7833edb8e7b9784eb821f26400fda776ae39fa89,5,0,Unknown,,false
5667,0x782a5f6e45c0668010e9a4ce7fbed45d6de40353,5,0,Unknown,,false
5668,0x782232fa17edffef56f5adb3c8e85e13391dfcf2,5,0,Unknown,,false
5669,0x78134cfe4b67395a2cce957ba2e7986b273df2ad,5,0,Unknown,,false
5670,0x7811a64cddbf7ba35150b87de7a25209a8756466,5,0,Unknown,,false
5671,0x77f99000c55e74f84a985053ae360c2762a09570,5,0,Unknown,,false
5672,0x77f3769c4d5e6dbe120685cdacbbe640fb0517c3,5,0,Unknown,,false
5673,0x77d8add1d06591e20bed2c3f71e5c0e127fee99f,5,0,Unknown,,false
5674,0x77c24ab8574a40e2034b884b2067922595a618a9,5,0,Unknown,,false
5675,0x77af62a9025478c8fe232cbf6c7c1f11ce44deb2,5,0,Unknown,,false
5676,0x77a940f594e508a8ce7866ead2c7c1fb110065ea,5,0,Unknown,,false
5677,0x77a3cbbda9fd16bcfce362f61dfd8dfed5548638,5,0,Unknown,,false
5678,0x778c41ac504a95879cd689176878bbc3fd265abe,5,0,Unknown,,false
5679,0x778044193ad53582103d32575d85ec8f1df8d2eb,5,0,Unknown,,false
5680,0x7777895fff084cf9761e855042bcf3e048679684,5,0,Unknown,,false
5681,0x7770627c705b3ee93b2c56504d4a49429ca89a0f,5,0,Unknown,,false
5682,0x776b31d25bfb51bbd99bebe7e7d53a5ff218fed0,5,0,Unknown,,false
5683,0x77667975922eeaf6f680540f2c9053e7a7f76d0f,5,0,Unknown,,false
5684,0x775fc3933fe477e6bf6d059744c3c2dacc640c23,5,0,Unknown,,false
5685,0x775c9ac5bf13f650d90c3418849cfefac4db844e,5,0,Unknown,,false
5686,0x7756956820fcecf4eddcfec8cc71a0f0ed6fbc56,5,0,Unknown,,false
5687,0x774d5f8053df426c5118f5c54fba2e6ef26a6bc7,5,0,Unknown,,false
5688,0x773a112cb1f8a647c881fb8491e570335b58a8b2,5,0,Unknown,,false
5689,0x77393e671bac3b88d5ff6d053d7b68817b07c3b2,5,0,Unknown,,false
5690,0x77378d8ac6571208102e664fc1b8058224134579,5,0,Unknown,,false
5691,0x773603c4821a53b0f79ccd9167c5243399067878,5,0,Unknown,,false
5692,0x773363bd057b3df643ac2f762764e3f0e1aef633,5,0,Unknown,,false
5693,0x7728a0c9fcbe9446570f64104abe8ac0a3aa7fa0,5,0,Unknown,,false
5694,0x77203292a39ba9a9ddef18534a460f9836230ae6,5,0,Unknown,,false
5695,0x771d0f65c2d2dfa0764e5a9fe364f09b27bdf890,5,0,Unknown,,false
5696,0x7718f22cbafee180dd1e20750f2f4c245fb87e9c,5,0,Unknown,,false
5697,0x770cbfd46e698af125732b65af9b4323c55ff15f,5,0,Unknown,,false
5698,0x76f8007fb8ec155c208c90db2efc4a2491c3603b,5,0,Unknown,,false
5699,0x76e28eb20aa264d55d40238093c12e8005e8ac52,5,0,Unknown,,false
5700,0x76deb083824209f7f070ed7b55312a1e120d436c,5,0,Unknown,,false
5701,0x76c2e60adb31cadfe482a935cb668b564f9f3bb9,5,0,Unknown,,false
5702,0x76bded38a14c369b39343a99b54b8471152faf2e,5,0,Unknown,,false
5703,0x76bb4106277bf60908419b469dc01937b63e1f53,5,0,Unknown,,false
5704,0x76b6276aa17ca444bc91d318e9f2405918f5e0c8,5,0,Unknown,,false
5705,0x76b60e14288c7d95d75cfdad242aec50491e72ba,5,0,Unknown,,false
5706,0x76aada87cf1c3a8cf8460fcf945ff075d98a46de,5,0,Unknown,,false
5707,0x769e77f901af902d49c5c6dbfc375a8a11f905c1,5,0,Unknown,,false
5708,0x769a8eb64861025bd897197a2d755426a90d36ef,5,0,Unknown,,false
5709,0x7693661995e2789bf21a47c92456dff1676c12da,5,0,Unknown,,false
5710,0x767d2a45313276aca6debae973afa209fb137a0b,5,0,Unknown,,false
5711,0x7670588fdbfdff3caa6641661d5f8b681d074b2e,5,0,Unknown,,false
5712,0x7667754bbe7eee8853f8a77bfbd2f48c17e10d7e,5,0,Unknown,,false
5713,0x766437988c922dcc194a866706b1b369a3ef0c7f,5,0,Unknown,,false
5714,0x7662264fce1483ba3e5d9485ba22a10b423928dc,5,0,Unknown,,false
5715,0x765e4b51a379545c24e4a3094d61ee36fbc93cf2,5,0,Unknown,,false
5716,0x765d17062b2144281d4fedcf69a0d903025e4bce,5,0,Unknown,,false
5717,0x76598cd295c5307060cf7050d6ccebf7d0a2a962,5,0,Unknown,,false
5718,0x7644cc783499fb3e1db109a04c86f539fd3ecf63,5,0,Unknown,,false
5719,0x76430760a6b2058e2c007f6635da25193c9b0961,5,0,Unknown,,false
5720,0x7641c5c03e3151a6d194b9540633f2915b6bd539,5,0,Unknown,,false
5721,0x7641a679f0420a5f0e7719b63525e8bbd18441ec,5,0,Unknown,,false
5722,0x76217238ac380a1a22dbf1d6c82bfc222c43afcd,5,0,Unknown,,false
5723,0x7604c246d4e9ae3c31ea19c941f40f14370c4ca8,5,0,Unknown,,false
5724,0x7600da1f0bf6aebb3479d29c5d63f070d7eeabaf,5,0,Unknown,,false
5725,0x75f8c84bcac80277d5a1fa82c55b7939eb44444f,5,0,Unknown,,false
5726,0x75eaa5e0898d369b2c7653c6a3940dbe1e36fded,5,0,Unknown,,false
5727,0x75e10c4b530bd5d373325d9c98da50d179b2e869,5,0,Unknown,,false
5728,0x75dd3c6b82b7094448cefaeb4bb1fe6df059a333,5,0,Unknown,,false
5729,0x75cc6a59609f26cf25806ada67b447a1f3d50f36,5,0,Unknown,,false
5730,0x75cc0389767947accf6b5ffff720afdb51f9bb6d,5,0,Unknown,,false
5731,0x75c6a801a25a03e6846547e12a377a1aa2362385,5,0,Unknown,,false
5732,0x75beee36c04cf63b5e1823e35a45c666489158ae,5,0,Unknown,,false
5733,0x75b99e3285821d6a3721fc9d6986e9a14dc6dba7,5,0,Unknown,,false
5734,0x75b7074194de7987dbbad8a72f0b4773fd81b60d,5,0,Unknown,,false
5735,0x75b3cb6b1d0b16c90c3e8c18c4f3e095b49b2215,5,0,Unknown,,false
5736,0x75a6a848d9d3b7d1e36354ea679c78bf2fc716f4,5,0,Unknown,,false
5737,0x75a5b91ef88e27123fb6eede246aad216503d533,5,0,Unknown,,false
5738,0x75a294df97227fc6987d76c2ec52c579d21cc807,5,0,Unknown,,false
5739,0x759c884af6fbd040af476982c3e4e56bff5f1acf,5,0,Unknown,,false
5740,0x759b939ddee77ecb96aa38f9d5dff819f00156c1,5,0,Unknown,,false
5741,0x7593e98af42376388216d98f15245cea42e5d7de,5,0,Unknown,,false
5742,0x758bc91d7b50493070936c4b1ddc5cd4f09cfe9f,5,0,Unknown,,false
5743,0x7589f7270b63f839584a9cec75f89d55a1140cf1,5,0,Unknown,,false
5744,0x7575c7d3f9ac7b2d6eca2b7cb82f8e1958a91cb3,5,0,Unknown,,false
5745,0x756ca5401a35bc984d5e90f40c5fd29514533c7a,5,0,Unknown,,false
5746,0x75668d688bbec6d3306f04b4444df895c7836174,5,0,Unknown,,false
5747,0x753a0eb62650afe12c424a9df784327b1c58d8bb,5,0,Unknown,,false
5748,0x751ef7287be0e0d55112063c61de18060c4bdb60,5,0,Unknown,,false
5749,0x751df49a7114fb5b16ea650f3bfcbe735c8c7793,5,0,Unknown,,false
5750,0x75134f99d49b263018561fa947a4f94c7090a077,5,0,Unknown,,false
5751,0x75076cd586992f4e9fcbe44782ac0032d531eac4,5,0,Unknown,,false
5752,0x75010d66d56daf028dd36d512aff1fb662223ab7,5,0,Unknown,,false
5753,0x74f68a54edc31af7bd3cf08c5db2220aa728f75c,5,0,Unknown,,false
5754,0x74f5eda3286f0f18246e9c89aec34fcf9b0a6404,5,0,Unknown,,false
5755,0x74dd151bf9021fef5d8d6b9e2896a49ddd71140b,5,0,Unknown,,false
5756,0x74d61034a988cd36e420fa217ef3f16af600bb5d,5,0,Unknown,,false
5757,0x74b9382410b92e3d0dd0cdf4a0b58eb2f43a8cc7,5,0,Unknown,,false
5758,0x74ab35200e050bb292d79eb7c5b1cd5ccf53887a,5,0,Unknown,,false
5759,0x74a4d18daa96d5484e8be70df0bd62ef5966985a,5,0,Unknown,,false
5760,0x749d854e33f3ae5b93230f8a18be85630de9b755,5,0,Unknown,,false
5761,0x749a585c4e27928fa926ceb3eeeaec6063a6980c,5,0,Unknown,,false
5762,0x74998ec343de352c693260dce0ec1bd857c01399,5,0,Unknown,,false
5763,0x74914633483fbf2c2208ae1af367708e06775cc0,5,0,Unknown,,false
5764,0x748153604eb10a51f075a5fc4227427f3d75d3f6,5,0,Unknown,,false
5765,0x747d444ea4c45e644a6c061c12bc820453d4a41a,5,0,Unknown,,false
5766,0x74727377cada84fe1e9efb435788233b0e2b0a4a,5,0,Unknown,,false
5767,0x7469567e3fa93a1a9837456eab4eea2e4d2b1e0e,5,0,Unknown,,false
5768,0x7464de4c383bc3e5cdafb38fdcbb5a26fa1533dc,5,0,Unknown,,false
5769,0x746189ca507092533fa2928ff26b41d5a7d59a34,5,0,Unknown,,false
5770,0x74582b3c0771fa58b0279f94d0edeed690b811dd,5,0,Unknown,,false
5771,0x7452eb7161ff719c1d494423031e4881bee1c6db,5,0,Unknown,,false
5772,0x744be3b9810ac0789361ed573ba0f0ab318f9521,5,0,Unknown,,false
5773,0x7441cebc357da7e1c17738952b621aee9d94b6c1,5,0,Unknown,,false
5774,0x74324fffda4c9d41a387807a404992c47d0e3273,5,0,Unknown,,false
5775,0x742e6a29e200f3464b446d1449133eda2c4e9504,5,0,Unknown,,false
5776,0x7427d40f51b0fb043835e1e1436fd88c6d8a2ded,5,0,Unknown,,false
5777,0x74279971f91887da45078df1a39ce94178657e6c,5,0,Unknown,,false
5778,0x741cb59ac97437e6757bf0be85dec070b39a8d10,5,0,Unknown,,false
5779,0x741c5d262e0587e2c767eeaeb476c1dbf14f71c9,5,0,Unknown,,false
5780,0x741b92b372683098674f0cf52dc682bd4c1c760c,5,0,Unknown,,false
5781,0x7417e4792fd3f70ac1d7e477d6aa51ff0589f3f2,5,0,Unknown,,false
5782,0x73f9e1b3e3dc753dba7daa1fcd75898ec46b6b5a,5,0,Unknown,,false
5783,0x73eeed9f83fbdf700a84668c61a4b96cda63dfaf,5,0,Unknown,,false
5784,0x73e6315c3c9f4039869c8bfb82e59e7ada9f5ac8,5,0,Unknown,,false
5785,0x73d407431ad83a5e01f424d2bccfe594cda42b3c,5,0,Unknown,,false
5786,0x73c5560023e4ff009528940deb4bd50e02805088,5,0,Unknown,,false
5787,0x73bf14f1c1728f3af4aa9fc41734d55a297bc676,5,0,Unknown,,false
5788,0x73b4103d6cbf6e88c365aa07c3d10322907c40ff,5,0,Unknown,,false
5789,0x73b39ed3b0d0d63e6c2c6952d8516766dfc67794,5,0,Unknown,,false
5790,0x73af4e24a950a26ee7ee8efdfb7988712cbe744a,5,0,Unknown,,false
5791,0x73ab2d5b4dcd8731f509e0460dec116dbae21802,5,0,Unknown,,false
5792,0x73a1b47c7081ef5e01226df5845f3f0936586dad,5,0,Unknown,,false
5793,0x73972a1645a80b331192092cc791c267dd838504,5,0,Unknown,,false
5794,0x7393f1c752def8356d36729fa468e61cfa2a3b6a,5,0,Unknown,,false
5795,0x73518c20c1cb72ed1c3d2ebd970798341e560801,5,0,Unknown,,false
5796,0x734626f14f5dbd7f85aba8397fba427d7a0fbbb3,5,0,Unknown,,false
5797,0x733e789601635038882384b2dac72b3735dbf196,5,0,Unknown,,false
5798,0x731e387912c623f490a73b27edc86def3db36489,5,0,Unknown,,false
5799,0x7302606a7ef5ad157d9dd2a5646e333ca11ce313,5,0,Unknown,,false
5800,0x72d171671a648954e435077df15e91ef402fd794,5,0,Unknown,,false
5801,0x72bcea2e94922a53d71166eda380a52f4c43eeab,5,0,Unknown,,false
5802,0x72b70a708082f7851208ed7615ea1f9b311e85a8,5,0,Unknown,,false
5803,0x72b54b370c40d34ca3730045b2d231976f96ef3e,5,0,Unknown,,false
5804,0x72b48f191dc026409b5e1fa16f4fc4b52c7034fb,5,0,Unknown,,false
5805,0x72a99a1226ada8f7bfb6f3bcab582de764cf6eb3,5,0,Unknown,,false
5806,0x72a961dbabef33698afdac7c6cc20bd2754ce503,5,0,Unknown,,false
5807,0x72a6af0c7da74e69d0db6126c73d7e9129824a26,5,0,Unknown,,false
5808,0x72a23dea27a1e012d0e1d7f6f7b83083aa74f07d,5,0,Unknown,,false
5809,0x72a04aaaf5ecf21796cfedc73b294c5c6207857a,5,0,Unknown,,false
5810,0x72a03363a2ae781c152ea596028e3ed678dd7b3d,5,0,Unknown,,false
5811,0x7296489fe2e6b4e65079ed4a2e93183fea388c4c,5,0,Unknown,,false
5812,0x729557af8a957658531a42b2e2ac371f0c42c01c,5,0,Unknown,,false
5813,0x728d8eba6d50b47226de1df880f86b8b2684f7dc,5,0,Unknown,,false
5814,0x7287abb7fddf168af5911fd80ca1372871d60138,5,0,Unknown,,false
5815,0x7281d7049308a11e871a931dbebc77b21325dc26,5,0,Unknown,,false
5816,0x727cf9ae11b3643ca302085aedd66c70af0858fa,5,0,Unknown,,false
5817,0x725d1b55db399809dd3b3574b1198adf1ee88534,5,0,Unknown,,false
5818,0x725ac7022d9c91f5cbba9c822dd56afe77ab50c8,5,0,Unknown,,false
5819,0x725824cefb7b99896f1b84c9d7b94c8c972c9ba7,5,0,Unknown,,false
5820,0x724c58971e87431c6bf59f0d4d078e2d0c9ad80c,5,0,Unknown,,false
5821,0x723ecbe85623484ef1877f2b239f54d04894d55a,5,0,Unknown,,false
5822,0x7235f833508c74528ca1a8e3fa346835615d9c8d,5,0,Unknown,,false
5823,0x7233becad4494491ce5ca544d8fdf51d5ac4a00c,5,0,Unknown,,false
5824,0x7233a9caf4f0e695839e0ae3a95c956ed030ed12,5,0,Unknown,,false
5825,0x7221caa1b1fd0056b4f301dcec4840acd0ca53c9,5,0,Unknown,,false
5826,0x721f7547f143e3bd95c138ec9c6b393f2357bf4e,5,0,Unknown,,false
5827,0x721ab3452061ddfaf6cd057aca6bcd7066f1ac81,5,0,Unknown,,false
5828,0x720aa60115303fbc527c5973a80ff7d1369e44e9,5,0,Unknown,,false
5829,0x7208afb32a13c618e2bfb2fa90c889f2d790ee56,5,0,Unknown,,false
5830,0x71ff8abce5f80a4ed2246d39d133ea51203fe9de,5,0,Unknown,,false
5831,0x71f8df9c4c116211efd43f9a10860f229398497d,5,0,Unknown,,false
5832,0x71f807b58541b4b2b3ae753795c0ea4d6090ea00,5,0,Unknown,,false
5833,0x71ef23076dd35491a886c62eb9510529f971b034,5,0,Unknown,,false
5834,0x71e40f00abcad780db716ec6596a8e5188edfede,5,0,Unknown,,false
5835,0x71d7bed95e8b21c423c91765fc7b5777ca5a4413,5,0,Unknown,,false
5836,0x71c95b56fd2c1bb8544d1122a041c2e99894035e,5,0,Unknown,,false
5837,0x71b9161fc3c48f70d8f8f1dffda62b4967b9b738,5,0,Unknown,,false
5838,0x71b7fff13ebeb8d78c711fa5b957edd850784d4e,5,0,Unknown,,false
5839,0x71b68bd583a1f5d24f53252504a821991992fbd7,5,0,Unknown,,false
5840,0x71b0910e7d0199048c67bedd63b01ab660f6b346,5,0,Unknown,,false
5841,0x71a2238c0979b33dace4ac656cd62ebc337a5a67,5,0,Unknown,,false
5842,0x71983d2fdddb9ed9cfc1fdf05309c590fcda9906,5,0,Unknown,,false
5843,0x7184ac3198a1adcf94a6695cee4903318b0e1268,5,0,Unknown,,false
5844,0x7167148dff9952b5dc06cc41037aecc50db7dcf7,5,0,Unknown,,false
5845,0x7165e0a097f264efcd04ca55134ab86c25bbb568,5,0,Unknown,,false
5846,0x7165b02afaf5a4ae94034fceaecdb69435a15a75,5,0,Unknown,,false
5847,0x71649173a9eeae20f51092df2ea35e4db61721a6,5,0,Unknown,,false
5848,0x715939f7f9aae3e41638cfdf20ca15e390cc13e5,5,0,Unknown,,false
5849,0x71570b11ec26913cf360c8d07c3b40a391834b98,5,0,Unknown,,false
5850,0x7156b0be548f409e2c490910647ed33e1d15b1fe,5,0,Unknown,,false
5851,0x7148d998515e50fcab3c5e0ddc99b2c40baa44f1,5,0,Unknown,,false
5852,0x7134fceff13153c77e0efea0b606d5a8dd668ae3,5,0,Unknown,,false
5853,0x71305e5b6cf13740202c1a0c4274248ad16dbac4,5,0,Unknown,,false
5854,0x71256a663424356fddeedee50b4303f64902d39b,5,0,Unknown,,false
5855,0x7116228ffe4db56f4b68055fc07ad33cbe7ad722,5,0,Unknown,,false
5856,0x7111d7d63d23e93c6b49feb0654ff54d4da250d3,5,0,Unknown,,false
5857,0x71085ddde3f1b596623118ab07e884ff19aca487,5,0,Unknown,,false
5858,0x7106f3ffef36b20854db06a540367c4634048f59,5,0,Unknown,,false
5859,0x710566feb626b13dcc7f208121ae7fdcba9195ba,5,0,Unknown,,false
5860,0x71009bf16d05b7785b19e86bde043ea579be8321,5,0,Unknown,,false
5861,0x70f277a3e3f3a0487f740e4671c45b1e5ef435a2,5,0,Unknown,,false
5862,0x70eed930d59cf7f03ac2705f0f7ef9c64178449c,5,0,Unknown,,false
5863,0x70dbff98a847970a2f2c5b4c45692f496d295bb9,5,0,Unknown,,false
5864,0x70daea34939fa4d3a951b022b81f98c91f0472d1,5,0,Unknown,,false
5865,0x70d9222d3d173deef1ee3558fe4c76dae1a8b34a,5,0,Unknown,,false
5866,0x70d3b9b74c9eb23c6960f1e0741b877e912984bc,5,0,Unknown,,false
5867,0x70d1ae9a50e231e4515ff0c21e660fbfff35642d,5,0,Unknown,,false
5868,0x70c1cb1ea09d35914bb9058fc1a3b28966227bff,5,0,Unknown,,false
5869,0x70b83c7e73ddeb12b962a36cf6ffdcc9876809e3,5,0,Unknown,,false
5870,0x70a35285b164944071d112ec0ba3fb5d2d311c9b,5,0,Unknown,,false
5871,0x709bd9d0b382e352c870b5513ab4d7d0e8865172,5,0,Unknown,,false
5872,0x709534175ac0df99b37784ae3cc86ff8d87d2bab,5,0,Unknown,,false
5873,0x7093baad901164441c795da97019be25f15aad87,5,0,Unknown,,false
5874,0x709239f85c427410e3f23158ab10d82c848d5c35,5,0,Unknown,,false
5875,0x70919c583833c053aeea6281fd72eb610d7f939b,5,0,Unknown,,false
5876,0x70744eb98527888d4e540ea825c2b9f91385e05d,5,0,Unknown,,false
5877,0x7067d0bf651ae9a0b59c2330bf7c0b4a10e7e969,5,0,Unknown,,false
5878,0x706027ba56f40582e513eaf3f50902adec28bb3b,5,0,Unknown,,false
5879,0x70593a67ff475f57e26d5719b63259cc9a819790,5,0,Unknown,,false
5880,0x7058a3f3bc9b6e2c9a02e5f60d3233f222d9046b,5,0,Unknown,,false
5881,0x705697fa802331deb90c823187014392b9a4b8f0,5,0,Unknown,,false
5882,0x705527e25c680574be023c70867df3575456e766,5,0,Unknown,,false
5883,0x70527a3320a9964d958ef5047debed28849ca7a1,5,0,Unknown,,false
5884,0x70451b2ad7084bd5a929c7b534a3c236f1ced078,5,0,Unknown,,false
5885,0x7042b11c36797fffb087a76507e94856aab35d82,5,0,Unknown,,false
5886,0x70427212df64abf6a7c0be36f003fd65cd024ff9,5,0,Unknown,,false
5887,0x7042233802058563aee0c652c692d5b17b1c2dd0,5,0,Unknown,,false
5888,0x7037c4acb59f48f70e31277729cd3aa4cd559342,5,0,Unknown,,false
5889,0x7030d875bdb6297f9f60898747b06e5dfd773d68,5,0,Unknown,,false
5890,0x701f622cbcb2a15017157a3bd55a71261f5ef88d,5,0,Unknown,,false
5891,0x7018c1bb715b8d791fc7ab65528cadb4bdd59e17,5,0,Unknown,,false
5892,0x6fff30f07821f9113d3cb6f0c3fdf2e3c8fe6449,5,0,Unknown,,false
5893,0x6ffc254f7d887fc976b99ad36819c53fce6f14d2,5,0,Unknown,,false
5894,0x6fec2eabb737ecf75fb30e71cb2b6a00f4cbc026,5,0,Unknown,,false
5895,0x6fe6a8a4224fbe59fd7b8fdfdded2f1774ea55b5,5,0,Unknown,,false
5896,0x6fe4bc22abb780e7b75c4c06db8182ebce41ee73,5,0,Unknown,,false
5897,0x6fdb756c4a5598ac1a2c76c745b9261bc27bf09a,5,0,Unknown,,false
5898,0x6fd0dfed219ddcc5e10d8ce19502448bbe140a52,5,0,Unknown,,false
5899,0x6fb9277a89cabe2149d08d9051a7c8a44af5e964,5,0,Unknown,,false
5900,0x6fa8fdecd0d8d431aed7d706c41073f7cc343481,5,0,Unknown,,false
5901,0x6f91226198c9f7690065a94786bb6b580ca8d2c7,5,0,Unknown,,false
5902,0x6f8a3057bafd534f4baac78f0b068b3347fb0d07,5,0,Unknown,,false
5903,0x6f7f7b5f86463b260e22c168a405a8008ad9bf80,5,0,Unknown,,false
5904,0x6f54c156dcca9c6beed0e1a9594f2b27bbd2a66d,5,0,Unknown,,false
5905,0x6f4af0ca97ee9297df64f4615e0ac49f48c92041,5,0,Unknown,,false
5906,0x6f4688ebe5fa37d56f98ba720ee011268fd11072,5,0,Unknown,,false
5907,0x6f3752209c085a6150685e0131d0b94c4d3efd38,5,0,Unknown,,false
5908,0x6f2fd6d44dda7dc7a47d900e241adb0dcc2f42cc,5,0,Unknown,,false
5909,0x6f2e9b7a9e93ac34eb587583d0e324557052c7b0,5,0,Unknown,,false
5910,0x6f2e68a22a90bbb42e6be2188f313c611e30d275,5,0,Unknown,,false
5911,0x6f23268df6b52fbdbce687645a850a5c8291f23a,5,0,Unknown,,false
5912,0x6f1946ec9cc3fedf4f92cc069630893d00720660,5,0,Unknown,,false
5913,0x6f15c06f01042f291462991545a67a43afc97e61,5,0,Unknown,,false
5914,0x6ec49a0ba1ed2f907a2589121ab8398b1e352502,5,0,Unknown,,false
5915,0x6ec3b1b79152fccb9ac6a01fbf333ae4a292bde1,5,0,Unknown,,false
5916,0x6eb6e8b99bc78c8b327f8ac5230bcf2683d259b8,5,0,Unknown,,false
5917,0x6eaed9393f9782560e37699ad26fd7fec0eda711,5,0,Unknown,,false
5918,0x6ea3d9909d0e31a2accc0b365bbfa51453a01fef,5,0,Unknown,,false
5919,0x6ea2dec4397e18a38ca27338da20f422f0235317,5,0,Unknown,,false
5920,0x6ea116917dc2ec283deab275e7f5436588cbd1f2,5,0,Unknown,,false
5921,0x6e8f140f7b20972c2886c80f2525a096b306ae6d,5,0,Unknown,,false
5922,0x6e87539a1ec498de22c3db087c6a2abfa662b688,5,0,Unknown,,false
5923,0x6e778fb7eee1cf89b167e312d197e1bc8eb263d4,5,0,Unknown,,false
5924,0x6e537a9008a9f7047c91f9db743230b393cb140e,5,0,Unknown,,false
5925,0x6e4cc17396d57ae6ad08e4a36a46cc28fc5b154d,5,0,Unknown,,false
5926,0x6e48166a68ee678c21d641f68303bf402aa491d8,5,0,Unknown,,false
5927,0x6e278245846bc4cfe36e777b0976a1828976ae87,5,0,Unknown,,false
5928,0x6e20dfa0d5119cf8f811f266843afb6e3e29ece5,5,0,Unknown,,false
5929,0x6e1b5bdce4e6fbb954392f21e40d0206e6e402aa,5,0,Unknown,,false
5930,0x6e16c5624cab42554da4fa32b48e83d0f845f2d7,5,0,Unknown,,false
5931,0x6e0bf01ef843e1f83c10b18ae5bdc8ca4e0a5874,5,0,Unknown,,false
5932,0x6e0908cde896111d0975aa7205d22dde191e78dc,5,0,Unknown,,false
5933,0x6dfcf00245b7939a852885d248858a06cec3181d,5,0,Unknown,,false
5934,0x6ddede86b76ff3b99f6f46fdcbda4c6b6c9105b0,5,0,Unknown,,false
5935,0x6ddc0334a8bd2a4e25354dc01a8edec7b137b702,5,0,Unknown,,false
5936,0x6ddb8b5f599a1003502ee4b930e4a58df34152af,5,0,Unknown,,false
5937,0x6dd2156ee046b023409c96315e6fa34f875435ae,5,0,Unknown,,false
5938,0x6dcdf074438cd6ef94d487a2215f37649c37b30f,5,0,Unknown,,false
5939,0x6dc5384c789830e3d5aebc2525225afae178ac1a,5,0,Unknown,,false
5940,0x6dc3485e280b747c9ee5b65f2b165a13f8b4f196,5,0,Unknown,,false
5941,0x6dbfeb0a0e635eceb2ef6591d95ec8b968df639d,5,0,Unknown,,false
5942,0x6db67f0ac3f87ec495b276c5e9b088bc46ac9539,5,0,Unknown,,false
5943,0x6db21ec08e25c6da03f8dc22b38de87064268344,5,0,Unknown,,false
5944,0x6dad2592108c4b53c78a0d605404bdbf181361e6,5,0,Unknown,,false
5945,0x6da94ec76faaf68fefe6c2667e876b0a7e94e694,5,0,Unknown,,false
5946,0x6da8bf8fe5c934b975d7f7c1b28d341185d5da60,5,0,Unknown,,false
5947,0x6da221c2d1475692c19de7ac09bff07c0b56a5e2,5,0,Unknown,,false
5948,0x6da11ba0f88f16534e0363a2e1014fe08f822c05,5,0,Unknown,,false
5949,0x6d9ffe6888d6e1ce50a044ff949a616bb813bddf,5,0,Unknown,,false
5950,0x6d9ff911ee37ae2dcd9a6acbb22cf6b055f98ed8,5,0,Unknown,,false
5951,0x6d9c3d3d236195ed20942fe070536034f99b52d9,5,0,Unknown,,false
5952,0x6d95a68e129e2d2ba37d611993b80860dfcc1212,5,0,Unknown,,false
5953,0x6d9428a9da22c1f9474dd221aa73d169d3e63abc,5,0,Unknown,,false
5954,0x6d901598c29bfdbf27345081ce167b95b5a6b04c,5,0,Unknown,,false
5955,0x6d8cac6795a2cc262c18e0723ce4dc0e13b3e482,5,0,Unknown,,false
5956,0x6d80c790cfe941116e5d62eb18befe67f751ef09,5,0,Unknown,,false
5957,0x6d7cb2c2e9554394d30973fd071ad90d388a20c1,5,0,Unknown,,false
5958,0x6d65e77e0f45c37ebdc0ea80f6bc399e3d1e8e94,5,0,Unknown,,false
5959,0x6d50f71a50af72b1bde4c6bc04a3835b88814370,5,0,Unknown,,false
5960,0x6d50ea33a4a90f40c8687ae8e534dd204805440a,5,0,Unknown,,false
5961,0x6d3a5f0a29810ecaa9db57e1f55e2e0a5f9b3d43,5,0,Unknown,,false
5962,0x6d2fc5b96d1aaa41d7c09513022634f86cf8bc1a,5,0,Unknown,,false
5963,0x6d2bbb838bed9c923ac0e9b836e1724789fa1d81,5,0,Unknown,,false
5964,0x6d2b68aacba58e9ceba60dfe5c735f9d8989f7ac,5,0,Unknown,,false
5965,0x6d21a165de74c83eba396e146513f1174563ab76,5,0,Unknown,,false
5966,0x6d113205e7bee9546938384a0a9d3d804448d08a,5,0,Unknown,,false
5967,0x6d0468802c2d3484cc9bfa6d1022fad38ae9e120,5,0,Unknown,,false
5968,0x6d0155f0dccc1e11ef6f301a2779bae97f5baefe,5,0,Unknown,,false
5969,0x6cec2436ff83c8de2fc54b502c39241c06171a1b,5,0,Unknown,,false
5970,0x6cea9ee534328f7d56c051af91aff2922cc71b5b,5,0,Unknown,,false
5971,0x6cea91ccde6f359888cbdfd2a2aa729c136e3113,5,0,Unknown,,false
5972,0x6cea20a680719fa53f53ce84ca4006c4bf5a1efc,5,0,Unknown,,false
5973,0x6cdbf697167df06d1e22b004466f6cc618419f4c,5,0,Unknown,,false
5974,0x6cc9169e9b67649e0c112a03d933d6901da72349,5,0,Unknown,,false
5975,0x6cb9f2347f06f939ea1db29c43b1c994dfb51c4b,5,0,Unknown,,false
5976,0x6ca9eb7967347af134d0385b9fe5398e32491b48,5,0,Unknown,,false
5977,0x6c9d7f4a006b771bcd3437f5514db97ab3b5497b,5,0,Unknown,,false
5978,0x6c9ce79d2014405cd9c6fc1e24c08d7c647e7e74,5,0,Unknown,,false
5979,0x6c8f89b72beb4eb8671763b0e3392acbd862b134,5,0,Unknown,,false
5980,0x6c8b7c5dc6e51ad4ff1d9f03a69d6c9e7a38fb32,5,0,Unknown,,false
5981,0x6c8949080ea2990361d5121df477d9b39d00c1c6,5,0,Unknown,,false
5982,0x6c881d6d91db5d7dd028a66b6ebd9df79701bb7b,5,0,Unknown,,false
5983,0x6c794e0837eec2779829181a8842e10a6536175c,5,0,Unknown,,false
5984,0x6c707069c66ca259f4f7a211f67bbfbc5dcc0351,5,0,Unknown,,false
5985,0x6c6c213b26506a1019e45d5d640652fdf3fe8dd3,5,0,Unknown,,false
5986,0x6c697a6e62307d3f8fca69de9face00e3917cab8,5,0,Unknown,,false
5987,0x6c5f43f0b6f8d9a16c92119bf862d59411780a8d,5,0,Unknown,,false
5988,0x6c533854e52d31615c1d3211993391fa1e519693,5,0,Unknown,,false
5989,0x6c4e7f0f9fa1adf9368c0aea822f8752231a082f,5,0,Unknown,,false
5990,0x6c4835d011a20d6118395c64e87da846758d1575,5,0,Unknown,,false
5991,0x6c455e21838257a6d030b90693813b2aa03c5699,5,0,Unknown,,false
5992,0x6c41b46bae7cbb4dee3003a267d9dc58b8e76b09,5,0,Unknown,,false
5993,0x6c3fbf0f16ee08e16963cc3b24816c4f306e6edb,5,0,Unknown,,false
5994,0x6c2b58648fc4109dcbc6fa42db239317e06c7d05,5,0,Unknown,,false
5995,0x6c1eabc4552c571878b7ceb0c313bdeb64f62841,5,0,Unknown,,false
5996,0x6c189f57ec86f4fd90959b539a6d4c384a22c1c7,5,0,Unknown,,false
5997,0x6c1575a359a55f8cf3a1dbeaa0129eeef1d45961,5,0,Unknown,,false
5998,0x6c11b01243a29e1721d0c6f62275a990017062a6,5,0,Unknown,,false
5999,0x6c09b8c8b3f56ba84bab3a571726be6cacb389a7,5,0,Unknown,,false
6000,0x6bfc34ae11ce43afb66018bd72e08a2b8b836aa1,5,0,Unknown,,false
6001,0x6bf8d178ca4c3bf3989ef9d26c79fd3e77eec468,5,0,Unknown,,false
6002,0x6bf442ae315b563ffdb9ec39ca4aad8d9cf32b40,5,0,Unknown,,false
6003,0x6bea69b42e669a39c46dfbbe41df01c693e91a45,5,0,Unknown,,false
6004,0x6bd81d05539afb1493a65086d545e6783be01107,5,0,Unknown,,false
6005,0x6bd66e915cd203d799ce18f9e115ace195304445,5,0,Unknown,,false
6006,0x6bc027f26768ebba9ffba956d23f28c8bc560694,5,0,Unknown,,false
6007,0x6bade4d11e8e5a68040291973864255150a2f905,5,0,Unknown,,false
6008,0x6baa177e949e46e13be99064e2b92cc2a7b72bf8,5,0,Unknown,,false
6009,0x6ba76dbde661e988a18523734f6c334f8ddc29f8,5,0,Unknown,,false
6010,0x6ba601048007f26bf116e3a402cf24e31ce5c616,5,0,Unknown,,false
6011,0x6ba39b5685e6a56f5608c8a60244633aba092c03,5,0,Unknown,,false
6012,0x6ba01e8b780d28439665e7dee9058b3f88f3bc7e,5,0,Unknown,,false
6013,0x6b94a7abdee6764d4829816358bbf23d9022732e,5,0,Unknown,,false
6014,0x6b854982b14bb2bc27e89f6ae1a4aedb43c43b1b,5,0,Unknown,,false
6015,0x6b7b20be94d076a4c62100f74bad3e72b43c3d3a,5,0,Unknown,,false
6016,0x6b76bc470fae461e5adf39ea83e07768c5eab1d2,5,0,Unknown,,false
6017,0x6b6a67df2662a01adb3bbe1f906326f39c65908d,5,0,Unknown,,false
6018,0x6b5d5ff9b0000c1fa307ecf0fe12f9b1cf64b432,5,0,Unknown,,false
6019,0x6b48567e1b50fc153723b72a5e67eb9afce79004,5,0,Unknown,,false
6020,0x6b4584fe521d8de0df20ca04c6892b80def7cecf,5,0,Unknown,,false
6021,0x6b3c07f2321a305bbba9da7af5c5670281ac935a,5,0,Unknown,,false
6022,0x6b1b8c43b33220204e077d7188568a509f54167d,5,0,Unknown,,false
6023,0x6b1aa16ac0fbeb9ba00748aa31428b69904a106b,5,0,Unknown,,false
6024,0x6b0dfe3c32a0ca31ab73b0d1fed48974f6d1cd73,5,0,Unknown,,false
6025,0x6b0a0e9a6b698bd4ddd9d56b4df11656945497fc,5,0,Unknown,,false
6026,0x6adfa3dd318906b1ad9c27d63178e51dd8368869,5,0,Unknown,,false
6027,0x6ad1e22678ae18a677a6206ddf7ae5cc1d09107b,5,0,Unknown,,false
6028,0x6acaf6375be23d03ed0e004b7fb74cc2429e5280,5,0,Unknown,,false
6029,0x6ac9f81d3936a9be815942f5b0a2a261b6a69dfc,5,0,Unknown,,false
6030,0x6ab61a123a1b3fce808d30cfbe83773ed61bd651,5,0,Unknown,,false
6031,0x6ab33054b630d32f63cc3199f41c0a21906e5e1b,5,0,Unknown,,false
6032,0x6aace2335d24f9cf17c31289e35f5f7506e37981,5,0,Unknown,,false
6033,0x6aab23bcf01714bdbcd705cf16ffcf907eb4f84d,5,0,Unknown,,false
6034,0x6a8fc678a32ddf983f05f24876ca5c35a37cae25,5,0,Unknown,,false
6035,0x6a8a3a452a2aa96fe46caa2bae1617a70772577e,5,0,Unknown,,false
6036,0x6a75a62bcfaf712526de1f918a7d28c0fbc1a7dc,5,0,Unknown,,false
6037,0x6a70143308823a4aa966ace25795e65a43394123,5,0,Unknown,,false
6038,0x6a5e75851c3b096830f44a39f8e890487f56a581,5,0,Unknown,,false
6039,0x6a5aff2f2b75c84616d0f6c0dd755e26c756a711,5,0,Unknown,,false
6040,0x6a4a98266c26f1e137e042b43aef213e013de51c,5,0,Unknown,,false
6041,0x6a44e7028d2e69b717f50df2918118d8678093d3,5,0,Unknown,,false
6042,0x6a3e49db05ea6c1f599a436b1e0fe1db415b318a,5,0,Unknown,,false
6043,0x6a294b5436d1f23b03d5bd1b7283d73453a4dd2b,5,0,Unknown,,false
6044,0x6a248fc60b783773194b5c140684d65cb4974307,5,0,Unknown,,false
6045,0x6a232cbe617fc3ed476ba12ea922278020cad09a,5,0,Unknown,,false
6046,0x6a1f0c642732816a14148d73f30b19735ae20697,5,0,Unknown,,false
6047,0x6a1809d57f9fa9c64e23996a1d5007e9a9e21dc2,5,0,Unknown,,false
6048,0x6a14f2696983613326c2ca04b6e49709ad4a92f6,5,0,Unknown,,false
6049,0x6a1446957d85926e64adaa62bcc5d32155c27ebf,5,0,Unknown,,false
6050,0x6a03122975d63cb6bec30e786a022f44690857e2,5,0,Unknown,,false
6051,0x69ef7d225431812b7092a97a50ebf19c4991f820,5,0,Unknown,,false
6052,0x69eb069d003022a357a6aef7a51af2fcf2bf1e10,5,0,Unknown,,false
6053,0x69e86c92710d5ebf2d0da89158694488baf20df1,5,0,Unknown,,false
6054,0x69e085a3b27f1559b8e88b88a13fecd57f590431,5,0,Unknown,,false
6055,0x69da05bf81db613214261da3ffd18b4af1e7314a,5,0,Unknown,,false
6056,0x69d55095f074d910e3b63e79e85999967a5ae460,5,0,Unknown,,false
6057,0x69d47ed36e48eb8237f3c1b3cf55548a2b3e106e,5,0,Unknown,,false
6058,0x69cf9c2701d792ea145bfb2f52c8646a00d23822,5,0,Unknown,,false
6059,0x69cd6752ecd0fbd44cced160d3e3ce04b86e9c07,5,0,Unknown,,false
6060,0x69c37b752fcce82795363c0adfdc213c8f5e273d,5,0,Unknown,,false
6061,0x69c055dc357d24fffbe947fb91594fd13d9dac23,5,0,Unknown,,false
6062,0x69abf2afa14b362e68c1583916b4fef67e655547,5,0,Unknown,,false
6063,0x69a8a1738b68051241e30618f5d4eb39805edd1e,5,0,Unknown,,false
6064,0x69a30a589cbea9030cffb3d38f1399045cfb7a8c,5,0,Unknown,,false
6065,0x69898a4153dca5ca3abe08f1abe4d490e087ca2e,5,0,Unknown,,false
6066,0x697e8c61709d48a336c169588c7f22e77fc9cc07,5,0,Unknown,,false
6067,0x6976506e6a38e36aaaded57563cdf5ffa42594e0,5,0,Unknown,,false
6068,0x6974e6def2b0df8ccd7e87cdf7ddf99104ec6860,5,0,Unknown,,false
6069,0x6971252769c0e117ec4794eeeb4d34bff29c35d9,5,0,Unknown,,false
6070,0x696c8451c726420c203c9d42b792615a92617c6f,5,0,Unknown,,false
6071,0x696b69e98e448cd4c344bb67aef6a59be554eb7e,5,0,Unknown,,false
6072,0x696adda5513a264fe8fface6a30d13059f9511e7,5,0,Unknown,,false
6073,0x69681c5ae2de2f9bcf0d81fc6f7bcabb8f047c7f,5,0,Unknown,,false
6074,0x695acb608cfc73c8c3bfe5bc07ceb2e1e609d98e,5,0,Unknown,,false
6075,0x6956d16e720a6275db45aac381577e2141cfa525,5,0,Unknown,,false
6076,0x69383e0fe36d39d3d918e82efcc8a8a42f597a17,5,0,Unknown,,false
6077,0x690979545650ea1c5423c42b76a460151f485003,5,0,Unknown,,false
6078,0x68ed0635d299e3dbe728a94895cc3f252506cf18,5,0,Unknown,,false
6079,0x68d277683cca46a7123b92ab9918efc15e48c13d,5,0,Unknown,,false
6080,0x68d179eda7dfa7335654b5f3500473029ccece4a,5,0,Unknown,,false
6081,0x68c642a39789b598fa7072c1ba798a72630f42b0,5,0,Unknown,,false
6082,0x68bade184613b80f24adc911df7de03121bc9339,5,0,Unknown,,false
6083,0x68b088d5a263cd7cde61db3b1a6acee31c2736ec,5,0,Unknown,,false
6084,0x68ad346066ae7fa850ac44e64f46048aa2964439,5,0,Unknown,,false
6085,0x68a9d3d628fc1b7ff37028789546209a1f5309e0,5,0,Unknown,,false
6086,0x68a0b01facb53bbb46bb6e81e59283a41a0caaa7,5,0,Unknown,,false
6087,0x689b7c163ceea36a6412297f98b0d66aa77a7c29,5,0,Unknown,,false
6088,0x688749d31e85ea23541159fd2c32e578c1d9d806,5,0,Unknown,,false
6089,0x688582ee9e9b62180240c3ffd6d97b7fa780c795,5,0,Unknown,,false
6090,0x688406155353d85c8a92d606dc77ea527b074eff,5,0,Unknown,,false
6091,0x687adf350303be3dfa4ef05e62582aa608818dc9,5,0,Unknown,,false
6092,0x6860efa008a92387fbfb6bdbec1e34765ea896fd,5,0,Unknown,,false
6093,0x685c9e520313e82d1161481884cd572ffb6ac008,5,0,Unknown,,false
6094,0x685935d5c66fd9110976c1a7de6449933ee054dc,5,0,Unknown,,false
6095,0x6856f33ef123b02529b43b8e6511563cb67b4d42,5,0,Unknown,,false
6096,0x68515992f3fe265a11d435ea252685707e2fe48c,5,0,Unknown,,false
6097,0x6846bf9e333ab0bfc7ab131e462886c0c78f03cc,5,0,Unknown,,false
6098,0x683dbe297a71acc9f00e8f515660dbda973d8b3a,5,0,Unknown,,false
6099,0x68239d6329345f588397d74d92e42cafa6d437f2,5,0,Unknown,,false
6100,0x681b804052e01e14f655e48465a5e5d2ed3e55e7,5,0,Unknown,,false
6101,0x6817468deac5cdd77a4e78376710e6a319a3f31d,5,0,Unknown,,false
6102,0x681654768e820a1a0831c858a7432dc91608b50e,5,0,Unknown,,false
6103,0x681036abdded54b0248de6ebc1bc5e37793471f5,5,0,Unknown,,false
6104,0x680fa17c75e925b86980435ffa0788247f8a50a0,5,0,Unknown,,false
6105,0x6809091225d4f559f38b64f30c62b99b14382ab4,5,0,Unknown,,false
6106,0x67e34c8b2c2829798fa431c2cb8fb71b2d04d597,5,0,Unknown,,false
6107,0x67e259459b07d35c78c790485245178a5aa1dbbd,5,0,Unknown,,false
6108,0x67e139727bf6e5e8c54380bb7d58bc68c2c739aa,5,0,Unknown,,false
6109,0x67e03f9a67fca1ec8dbe0102ea38726cd7961803,5,0,Unknown,,false
6110,0x67da8ee404be0a583a6fe5be45cf1fd31e81d3ac,5,0,Unknown,,false
6111,0x67ccd7a1cd857f5865ddd153479b310ea36ac645,5,0,Unknown,,false
6112,0x67c4790b802f49e776a8080ed806daed79e46da8,5,0,Unknown,,false
6113,0x67af51e3d0cdbb0b2172553701ab9c62dc07e95e,5,0,Unknown,,false
6114,0x67ace9c7d6e53d43a5d790907a77db26b88b42f5,5,0,Unknown,,false
6115,0x67962cdda5ff451a6ab740bc5003e8f9b6f2afb9,5,0,Unknown,,false
6116,0x678b734bfa69c237af3039ed2ff57bc0d0208335,5,0,Unknown,,false
6117,0x6785113cb6033ff70720ed15db362ad901f31889,5,0,Unknown,,false
6118,0x678404f335704b5cc8a176ee16fd8e9392a90473,5,0,Unknown,,false
6119,0x6778d574aa15356d1fd6d689ac01f232a3acd519,5,0,Unknown,,false
6120,0x6763f780cedf3eeafc84986832f3c79b23e0505d,5,0,Unknown,,false
6121,0x67598749f7e42d1617a32be3c9e07cd6ea230393,5,0,Unknown,,false
6122,0x6735a27207e972a0c6887eeccf571c337a8dd13a,5,0,Unknown,,false
6123,0x673128ac196a491eaaf1ba772e5c2349d7dc9e85,5,0,Unknown,,false
6124,0x672f8587388c54fc4929bab2cd43971a3b6abf71,5,0,Unknown,,false
6125,0x6725bf38e9044ecf4c2d50bcebccd16709436366,5,0,Unknown,,false
6126,0x67255490e08cb2cc87c9b4c0a084f9e9c8e39aae,5,0,Unknown,,false
6127,0x6711f0ef51f67c7de99199d4c13e2566b3748295,5,0,Unknown,,false
6128,0x67108ff382084ebf2bce5c750d8c25db2de8239f,5,0,Unknown,,false
6129,0x67108c877eae936f4d63761e8f8cbec0e966005d,5,0,Unknown,,false
6130,0x670c1a8ec89e184d77b73677beb8a545a24f088d,5,0,Unknown,,false
6131,0x670437a5951a8e6fbda35a74effea7a63b01095e,5,0,Unknown,,false
6132,0x66f5773e18855d7d2e807f85a7c567c96ba88e92,5,0,Unknown,,false
6133,0x66e539fea58ee98b7444a53814d34bbc3f0e1aad,5,0,Unknown,,false
6134,0x66e43e957ed39d5e1b5cb7123b824ff1b67b1057,5,0,Unknown,,false
6135,0x66d5c70853795dda9a4c0a0446eb55c01554dc01,5,0,Unknown,,false
6136,0x66b8354f08539ed11ec27a7eff472e2e888f8c91,5,0,Unknown,,false
6137,0x66ada8a22401b97a56d152a0a2a22a7d5387e839,5,0,Unknown,,false
6138,0x66ab774f9e189d2532e0af1f78c2021bd752359a,5,0,Unknown,,false
6139,0x66962d64167afb3f1603d8e90a77275a51257e88,5,0,Unknown,,false
6140,0x668f0ede1696e964726d69d8c4fc838643f88565,5,0,Unknown,,false
6141,0x66885921c9e599d5a3cdee87cfb59fd3ba9af331,5,0,Unknown,,false
6142,0x66679e68427d9e32d86de49ef8ce99c176d18959,5,0,Unknown,,false
6143,0x6651c28ff2462f91084237b77ebb2b5b627bdb4c,5,0,Unknown,,false
6144,0x66509291acdf1bda1cc6c634f7a028a55ce64222,5,0,Unknown,,false
6145,0x663bd41910518cfb1e637ef4e21eb6b8cb162442,5,0,Unknown,,false
6146,0x66329b130000abd7f4c047ca8527de5e66174604,5,0,Unknown,,false
6147,0x6628054cef3715d4961f146a80a05d0bf34bc096,5,0,Unknown,,false
6148,0x6627730ffdf08427202a9756ebaac433bb230b32,5,0,Unknown,,false
6149,0x6626627cd05cd8c3b13fd9128bc091b6c1e4b5b9,5,0,Unknown,,false
6150,0x66251a00160ef3ce8295e49cb214682e10a6787e,5,0,Unknown,,false
6151,0x66238c6762f13fe81aa8341f383e0dd0d08b913f,5,0,Unknown,,false
6152,0x662071d5fa4200a205f7b4252b7440c1eb121aab,5,0,Unknown,,false
6153,0x660cd450acfdd848a82e874785978065f79a1744,5,0,Unknown,,false
6154,0x65fcc4882dd36bcd46a3332c29b1587cb7ff3bc6,5,0,Unknown,,false
6155,0x65f1a2e41ec1713daa8fa01355da2fe209188ef5,5,0,Unknown,,false
6156,0x65f02b157f7c925276882ab7ce152e49a391d676,5,0,Unknown,,false
6157,0x65e873286e5ded955388b7101f494f60e50a3684,5,0,Unknown,,false
6158,0x65e51b2b1b73628c87bb8804dbb98d358e88ce46,5,0,Unknown,,false
6159,0x65d5d8ba647e054458ab95a9a83ff3bfd8cfd6e0,5,0,Unknown,,false
6160,0x65cebca1f5c5c3e916842aa58d6513b13b5e4357,5,0,Unknown,,false
6161,0x65ce0358a77342c10966f21fc00845bd05f501a2,5,0,Unknown,,false
6162,0x65b92dc2b92bd340095a72617d48c8aaebbe2b07,5,0,Unknown,,false
6163,0x65b6e53bb40ac109f21b31e8d7ea596c0649387f,5,0,Unknown,,false
6164,0x65a31c2fe9c3a836f27763e316522b6b5c11f7e2,5,0,Unknown,,false
6165,0x65899eab51f730870a0d8c910b80eccf23216818,5,0,Unknown,,false
6166,0x6584622e528f1c750ad757c074bb31c9ce6f8e1a,5,0,Unknown,,false
6167,0x658164cf0fd467dd6449dfc8477f9c1ec8df4722,5,0,Unknown,,false
6168,0x6575574c77f37857d5105eecc631c330ff3de450,5,0,Unknown,,false
6169,0x657150cfab8094162c909f779d67da460a5b8f0d,5,0,Unknown,,false
6170,0x656c6b8cc92cd5d6508f1c9d12d83df532d059d5,5,0,Unknown,,false
6171,0x6560d51efd9e9e5a00a0d8eb7d0f019bec3e5770,5,0,Unknown,,false
6172,0x6560ba0b7f52ba18b766af06e89d4b1cacee0b37,5,0,Unknown,,false
6173,0x6555f61b4dffe540c584a131d82ed0ac36605d4f,5,0,Unknown,,false
6174,0x653ff2d40257b9259655ae6058aa5259b9cc9cda,5,0,Unknown,,false
6175,0x653ee2318e0cc6dbc3b352c98c7e2091907881ab,5,0,Unknown,,false
6176,0x6537c03c98bc512a63d165f6877552f1483ef854,5,0,Unknown,,false
6177,0x6534bd4ef89853f1707ba1ec1fd12d32c8f2f650,5,0,Unknown,,false
6178,0x652917d85aa5d65950fcfa67dbb76cb35e591b4c,5,0,Unknown,,false
6179,0x6524caba7b19802b6cb5667612db2e90d9d6ce37,5,0,Unknown,,false
6180,0x6524a84015ba9323dc3f82d62e5f13a354825d34,5,0,Unknown,,false
6181,0x6512da54ecceb94e219f8277b6a74c4366faa01f,5,0,Unknown,,false
6182,0x65124666cc893e4dfe9b9ff34a3d110c4304b117,5,0,Unknown,,false
6183,0x651150f7288182b9d67f971452d549923b32de98,5,0,Unknown,,false
6184,0x6507bbe4cb078668a3c0f53f17ec1fcf03619b17,5,0,Unknown,,false
6185,0x64ed2e08262573e64464e547515cf0b64859fd01,5,0,Unknown,,false
6186,0x64ecd4096eca0988d29f0fe8c7c51baf86269dfa,5,0,Unknown,,false
6187,0x64e380e7c5c65c1eff2c7ca648a59eb52dd5a857,5,0,Unknown,,false
6188,0x64d686475c442cdb97fae6a6a88c70c31ea7b407,5,0,Unknown,,false
6189,0x64cdf70584f7b31f535a7f8631583a8e0a85018f,5,0,Unknown,,false
6190,0x64bea368633e0f6d961c349ef4dfe7723dc0a1ac,5,0,Unknown,,false
6191,0x64ba427762a136109d19be11cc73a39dea5008db,5,0,Unknown,,false
6192,0x64a4506bb978f813f51414875295e055634c2dc8,5,0,Unknown,,false
6193,0x64a3fc314f5ff8cd341ae3837e0889207ab7e360,5,0,Unknown,,false
6194,0x649afbada3fec7c46f7d8655a0e8083572d42697,5,0,Unknown,,false
6195,0x6496e8e73a16857d91c8825fd6c88378f5ee81dc,5,0,Unknown,,false
6196,0x64904507599d445ba88a51ba16efcb443072b0ee,5,0,Unknown,,false
6197,0x6484009bf335db87303eb20583f01b244ec70a06,5,0,Unknown,,false
6198,0x64773fc79eb8b55ce9506bc072d0938fbabffb9d,5,0,Unknown,,false
6199,0x64750de62c51467db155ec8ef866a002ff0ef40b,5,0,Unknown,,false
6200,0x6471409754122333643596bd41d44e1c1ff10a1e,5,0,Unknown,,false
6201,0x6458c30de1a4d31edaaf63fe03a08ca375ce3cba,5,0,Unknown,,false
6202,0x64546a24a69b80aba74c6590410d5e25625f920d,5,0,Unknown,,true
6203,0x644b78dcda745bff8f16cf2860a7cd3fe2339511,5,0,Unknown,,false
6204,0x6445546fab0d54f5f841b83051572074b257510c,5,0,Unknown,,false
6205,0x64449d03941ec585ae70d7ee3d1aa42996ac6f21,5,0,Unknown,,false
6206,0x643e8bae6a4d78d10aa34bf4885cc237a504c44f,5,0,Unknown,,false
6207,0x6439430105ee3ad632ea2820b2a4d51b0d4ceb35,5,0,Unknown,,false
6208,0x6436c14142f25c295b02d9373088e611824623d7,5,0,Unknown,,false
6209,0x642ec948fff35b8142f27604d82cfa5394e3e743,5,0,Unknown,,false
6210,0x642323256571cab5ce961477a9b044c12cc5206f,5,0,Unknown,,false
6211,0x640f44ac5de73859325b8d01f94d88acdf9235f5,5,0,Unknown,,false
6212,0x640c30c9b4f5a5d46ca4c185c42da1454db7b4e6,5,0,Unknown,,false
6213,0x6405ad7f0b8c69dd1ae753ee26de97d34e157c97,5,0,Unknown,,false
6214,0x640401dfa021adad8959574546a56ac45c393522,5,0,Unknown,,false
6215,0x6400c697ba53f5cfde6da0c2faec7a92541a0f90,5,0,Unknown,,false
6216,0x63ec41f2b185d872e8d9ca97ae3245158ac1cc61,5,0,Unknown,,false
6217,0x63e70eba8680a5c58dc23c3a38ccad79d04c1f7c,5,0,Unknown,,false
6218,0x63d23c70e8a12810ac1e69401f3c19a6c97f45e4,5,0,Unknown,,false
6219,0x63cec02f01936c8976df68cc0ce612fbc2f51892,5,0,Unknown,,false
6220,0x63cb8663c86d11e1dd4ad23a0bec1100d0d6d8fc,5,0,Unknown,,false
6221,0x63ca07a8efd3e16b5a1d2550984c8de6c18223af,5,0,Unknown,,false
6222,0x63b4923f9d1bb7bc4882e76cd0458be30e26ec27,5,0,Unknown,,false
6223,0x63b120f14bfc1105b186f407245bc3a3d4b0572b,5,0,Unknown,,false
6224,0x63ac2788a4ed3a09bed31ed2595e1b1aa9f22d5a,5,0,Unknown,,false
6225,0x63a7e7a9c0de0f32572970dab76d6a459aba2a1a,5,0,Unknown,,false
6226,0x63a2e12640cf092f85847d306be9aaec7fcfa1ec,5,0,Unknown,,false
6227,0x6397b1273bc5b00e8750f75d124890c61ab1bebb,5,0,Unknown,,false
6228,0x638bd76da9cb409eb002f2d19f76f61d54e49df1,5,0,Unknown,,false
6229,0x638b1dbcb615599f8e08a6c8373b7f29c4e5dea1,5,0,Unknown,,false
6230,0x63895f677f6ae14eeea4ff702af9408db417ce3b,5,0,Unknown,,false
6231,0x6381ec1b1ca4b301a8d86b4f74b70adb3369bca7,5,0,Unknown,,false
6232,0x63796b7c1ce1880afb1473c8c4b81bdeb6b4c784,5,0,Unknown,,false
6233,0x637279378aaad3cfcf0db001bd2c3024e3e510c0,5,0,Unknown,,false
6234,0x637218bdd95bf497dc3dfcda18542b1c7395db5f,5,0,Unknown,,false
6235,0x635fd51c6bb903c95885a84d59612a6f6610102e,5,0,Unknown,,false
6236,0x63501ea0cfb45a4979f705e65a8a16bb3317642f,5,0,Unknown,,false
6237,0x634f17ca42f82ab3b8f7f4c3be065f1f7b8e975d,5,0,Unknown,,false
6238,0x633edb0fa9c934166b96a3796b79f0e67cd293ca,5,0,Unknown,,false
6239,0x6339110d58ab0cd4fe7584c01f87439f509c1fe3,5,0,Unknown,,false
6240,0x63282f8ac36c0f92dd072724d5ae0d3d0ceea103,5,0,Unknown,,false
6241,0x631df7a5e098e4197917c33a30d63df2a2676972,5,0,Unknown,,false
6242,0x631679f99eb405ffa9bb8e829e71bb4366671fe2,5,0,Unknown,,false
6243,0x6305ad6c377da3fd687641f30c521b1e8e522358,5,0,Unknown,,false
6244,0x62ff7e7122a08d9db3ee9fbd61be4c6983d65c96,5,0,Unknown,,false
6245,0x62fc8c385020a69d5c68c471b6890582b4c5d2c8,5,0,Unknown,,false
6246,0x62f44b543f232a72e2611d5997864c538aabddcb,5,0,Unknown,,false
6247,0x62f06ddf10c66b4b23f62f6844ecc1494d3c8632,5,0,Unknown,,false
6248,0x62eb22a9e99d97064d609ff502dcf86777b5f1ad,5,0,Unknown,,false
6249,0x62ca2fb79bf77291f6faf51a073d3da30dbbdd09,5,0,Unknown,,false
6250,0x62a7fce91c6ddface133f0d33db9f281d9a70cdf,5,0,Unknown,,false
6251,0x629f7e890886d95bbc4c6c9aa63785b8d04aa858,5,0,Unknown,,false
6252,0x628ab61cd1884e608e47cc1510b484b0dd00188b,5,0,Unknown,,false
6253,0x628926dd419c7a621fe2f5cf75a2996006f29307,5,0,Unknown,,false
6254,0x6287da0567033d209793bf2652450a982f8f7665,5,0,Unknown,,false
6255,0x627e3b88837f93d37e259698dccdfb79aee2b98d,5,0,Unknown,,false
6256,0x6277609baefa64cc260cba63d15c51a63f36ada2,5,0,Unknown,,false
6257,0x6274348b37935fac6f4efc7f78ae628f3cec32e8,5,0,Unknown,,false
6258,0x627162ca53eb6a5dd1328d4b151dbf281a14c23a,5,0,Unknown,,false
6259,0x62604b2a17e18aaac46e07914e9a5dc2b2c0dec9,5,0,Unknown,,false
6260,0x6254b2a13bc704942d023e45d476a49ef8b39e96,5,0,Unknown,,false
6261,0x624c627077227c73461cf5c9b384d2c4e73cab7b,5,0,Unknown,,false
6262,0x623d55e37d52abbe91a9a505dc8867f0b938b909,5,0,Unknown,,false
6263,0x623bd9ffb40ae33bc93f9399d4651cdc9bb6c156,5,0,Unknown,,false
6264,0x6233a6c1b2da83bc42832d1d1234deba0f5bc065,5,0,Unknown,,false
6265,0x62210c62e86392a5c169e01025218ab6db870736,5,0,Unknown,,false
6266,0x621e09f89ef43e8fdbb767d5bcffe964d3f2bcd0,5,0,Unknown,,false
6267,0x61ff75ee4d79cc0eebf2138d06d9043821229dba,5,0,Unknown,,false
6268,0x61faacf59d539a256812412824dba522a8bef874,5,0,Unknown,,false
6269,0x61f318fea2bc1718bb81716c8dea20078e7cd401,5,0,Unknown,,false
6270,0x61f15c9a769371625983605e3da2ca3a1890b47d,5,0,Unknown,,false
6271,0x61e9fe77a3abd91cc503ab17519fc5abab0de4e6,5,0,Unknown,,false
6272,0x61ba90d022311340df02bda7e28da3c74ebeba39,5,0,Unknown,,false
6273,0x61b87ab0a0e88257a66e0198282cee809ed644fc,5,0,Unknown,,false
6274,0x61a83e07e4176e20aefbea1f6aaae9d553a73b33,5,0,Unknown,,false
6275,0x6197e9fc92f97d66838f9fddf3b275e5168caee3,5,0,Unknown,,false
6276,0x618a375ca8ff646f04981765d6b6e98465b00527,5,0,Unknown,,false
6277,0x6189ad40c5a01327f515151e3d08a49afb2b32ec,5,0,Unknown,,false
6278,0x617561a6f38873c4019eef93bad2b7611e1a043a,5,0,Unknown,,false
6279,0x617221e8978c363922c4880b6e80660f4da77d9d,5,0,Unknown,,false
6280,0x61707f54f90b71d7e6e60df4855776593d4ec989,5,0,Unknown,,false
6281,0x617036d1fa23b7b65cd22c0bb504afb80bf84fa8,5,0,Unknown,,false
6282,0x615b7b992db16231a4d47a77858293830d0f7d5b,5,0,Unknown,,false
6283,0x6143c261c0d7d36b0b7fd91bb80a6acfa3304a80,5,0,Unknown,,false
6284,0x6141ffe8cd523f5091a3960903f74c2b8de88320,5,0,Unknown,,false
6285,0x614104efff8acd245e919f6e022c7cc076547c22,5,0,Unknown,,false
6286,0x61223734e4c32bc3d76875aaaa37a132a66ec6f3,5,0,Unknown,,false
6287,0x611d3a0e45c61265c4e1965ad3d91d4c24bcae90,5,0,Unknown,,false
6288,0x610750a91ae2f967801f60a03a24eae4683b2e6d,5,0,Unknown,,false
6289,0x60fc8cc3b176f0e444ca9f0ea911bd38c333d33f,5,0,Unknown,,false
6290,0x60f3882867a9d5d239a48739a5a1e198d1a7ca85,5,0,Unknown,,false
6291,0x60f334c70688e40cf821db09fd46a7710d47d45f,5,0,Unknown,,false
6292,0x60e672d65a16d6deb0fa26377ddd809b1cdce068,5,0,Unknown,,false
6293,0x60ddfa4c7a72af6cdd0981bff7a50e4981ded9ca,5,0,Unknown,,false
6294,0x60d3dc43f409d4425e3b6e43b1ce25adc27f82d2,5,0,Unknown,,false
6295,0x60d27882cfb54e6748adb904d7eb4b31a601ee12,5,0,Unknown,,false
6296,0x60d23d5071aeefff11dd5873910ff27f9ce67117,5,0,Unknown,,false
6297,0x60cca51f9ea5c97e0c91c638b6460cce58cb23b1,5,0,Unknown,,false
6298,0x60bd83de0ffc2b97fbab9d19b9fdfc582a99ce4b,5,0,Unknown,,false
6299,0x60bae2a1b9c647f10af1dd29a0cdf638fc73841a,5,0,Unknown,,false
6300,0x60b97696c2def9307c97e207473cc7285d76ba76,5,0,Unknown,,false
6301,0x60b3065367cc684bc0cc55bc2eb43281735baca0,5,0,Unknown,,false
6302,0x60ad8d73db0e4d0fad6d8d1be61d1dd5e0e3db79,5,0,Unknown,,false
6303,0x60aac0af53728e732d2a2a009b13a704ee0f2a14,5,0,Unknown,,false
6304,0x60aa70e5fa4d667e7b88758642953accc4bfb737,5,0,Unknown,,false
6305,0x60a8743bb66b30055532f42481da6093e9aa7302,5,0,Unknown,,false
6306,0x60a617b14356534dd8d9efa2f63750004dd05442,5,0,Unknown,,false
6307,0x60976b895f409adad5f80e0c7b60bcd0411874fb,5,0,Unknown,,false
6308,0x60914229fa83b3b40d86fec1fc35065bb58f562f,5,0,Unknown,,false
6309,0x60860bd348e3e0490fba751f13f0bd39abafd974,5,0,Unknown,,false
6310,0x6081e1ed035dcd13a966bbd669431f826d3baf9e,5,0,Unknown,,false
6311,0x607539de40e42d9ef918933024c42abf67322cdb,5,0,Unknown,,false
6312,0x60729edd4029a3c570bc4c77474c992e78b0be79,5,0,Unknown,,false
6313,0x6070dc234a88d2ed9eeb9b008fe3663b9887f285,5,0,Unknown,,false
6314,0x60700ca5988194573dbefeae1de9ee261bab799b,5,0,Unknown,,false
6315,0x6063b60913adf48371e005a280504c1ed0a3b236,5,0,Unknown,,false
6316,0x605cf2d8bfb84affa82d96b09dcca782ea29fd8e,5,0,Unknown,,false
6317,0x605941b6f5189312b5e45db530162a4d02b14cdf,5,0,Unknown,,false
6318,0x6040dd76df12b2f451e165e490916ca392c08c65,5,0,Unknown,,false
6319,0x60372c62722f7afb810aabdf54b7b73d3f3682a2,5,0,Unknown,,false
6320,0x6034227c3b43c965f878a8c4c53eef14d25fada3,5,0,Unknown,,false
6321,0x60308e8faab84c5e6f3091e887f977bf5cdd5a68,5,0,Unknown,,false
6322,0x6028f17baedf45f418f81c3d0fa108291c12dc86,5,0,Unknown,,false
6323,0x6024f161b42d630565012b2653612f69d9f1ee64,5,0,Unknown,,false
6324,0x6022388df4bc691ec014915bdcf9a4ccfb486e0b,5,0,Unknown,,false
6325,0x6021ff6a914969ac33b0cdba36f0115863fc5390,5,0,Unknown,,false
6326,0x601c7f5225ec87b376d6408beb49509bb560edc9,5,0,Unknown,,false
6327,0x6014de6819b930914ba0151b791b0f85cbe3fd1b,5,0,Unknown,,false
6328,0x6013a6c6b80f94e87c47363f8869444f61f069a4,5,0,Unknown,,false
6329,0x6012e5a7c21b65c4b5c31f850eeadd218d73b85d,5,0,Unknown,,false
6330,0x600e6ff37d76e0f176f47e68674b745f633a6b33,5,0,Unknown,,false
6331,0x600cb4389cc32f7ec03e84fa8fe1e0c2710bf298,5,0,Unknown,,false
6332,0x600bce82ebfb869e08aa010f6c5b0b0ca507607f,5,0,Unknown,,false
6333,0x600b5e0f3397009acc3f36da7fb51d04d5619ea6,5,0,Unknown,,false
6334,0x6008bb86f32a8acdf067bc3068ba937897d1f74c,5,0,Unknown,,false
6335,0x5ffb7f502b628f78a6599a798facb663b8b3a9de,5,0,Unknown,,false
6336,0x5fdcdb97e431fc4438ca90b47bea8a60bc277eb0,5,0,Unknown,,false
6337,0x5fc94d3855ba93f89e450f864a9601baf30098e3,5,0,Unknown,,false
6338,0x5faaeb0808f2b213444d8dd5b2d7522538c43955,5,0,Unknown,,false
6339,0x5f96be11a9f77b47b5da10013443ce39d4f0a1c5,5,0,Unknown,,false
6340,0x5f95a52b0afd760e4b0e47ec373463721c6ab505,5,0,Unknown,,false
6341,0x5f91d1df920242b5becad91112aab66950568e6a,5,0,Unknown,,false
6342,0x5f8bf448ab6a1537c4751fcca8bad070b6af1d96,5,0,Unknown,,false
6343,0x5f8375000b18d8bd0b9f915a64110ef877eb45ca,5,0,Unknown,,false
6344,0x5f702108f4ac08cb2d987765017407d8425a5573,5,0,Unknown,,false
6345,0x5f6f9feae137428f71b788fbe61485e0345c8231,5,0,Unknown,,false
6346,0x5f6ec256001f7d963d2e4322a5b5eef48ba1f41c,5,0,Unknown,,false
6347,0x5f673610ae4ecfeb1672c99405b25382ac139146,5,0,Unknown,,false
6348,0x5f5dc8fa392027422792fa34f0d98d0b8337290e,5,0,Unknown,,false
6349,0x5f53137c7a97f27b7566961fac7d95d569929175,5,0,Unknown,,false
6350,0x5f4c4444634cca22c7a9531aab67ef2273f3cf27,5,0,Unknown,,false
6351,0x5f4c398405585fc5263f7192f784ac5bfd0d0a50,5,0,Unknown,,false
6352,0x5f4676856e2159b77b6e96b0130f026de003a5f5,5,0,Unknown,,false
6353,0x5f44d0e3c4d1e25145a47228c574209ac9d49a99,5,0,Unknown,,false
6354,0x5f40644d218c9d56609ce831bc3cba44fa045eed,5,0,Unknown,,false
6355,0x5f3b6b45ae007f443ca1096d2d6e9fedafcbe6ac,5,0,Unknown,,false
6356,0x5f2e7fe0441b7c8543672bc83ba37e1eb2bf185e,5,0,Unknown,,false
6357,0x5f2a135ef11ac413d7ddb6d402a9fabe9630857c,5,0,Unknown,,false
6358,0x5f27d7645161c4c3339116e1e56b20217840bf2d,5,0,Unknown,,false
6359,0x5efbc005a36faa834457b2b609eb9dafabd874c1,5,0,Unknown,,false
6360,0x5eeae9a4d62a80de67cb3136f29bddb47d94703e,5,0,Unknown,,false
6361,0x5ee7d746e20185fb9cc40a97465497a953856d4f,5,0,Unknown,,false
6362,0x5ed8fe39f66d53322382d8497bc88cdee8c9825f,5,0,Unknown,,false
6363,0x5ece3b31371b05e6b581b9522a5de22a4bdecef7,5,0,Unknown,,false
6364,0x5ec1da11f9a5b3e7c7b0eaafe6205f6b49a99295,5,0,Unknown,,false
6365,0x5ec1c0454da52da1c30d991d7dd7694ebb5550c9,5,0,Unknown,,false
6366,0x5eabd9d711fae0cd703d7668e37611903d5ee004,5,0,Unknown,,false
6367,0x5ea50f505193165123ae4b36a3b418b386cc70e1,5,0,Unknown,,false
6368,0x5e84a001f613aade3e9f0a0bb1675d89147c0621,5,0,Unknown,,false
6369,0x5e7efcb8f561f0456e7034e722a8f15c77f94323,5,0,Unknown,,false
6370,0x5e7c695022a588ad7953fc344dc5a1642701a77c,5,0,Unknown,,false
6371,0x5e7a629a6fa1f19a05b38e511dce2d5ab9ccd717,5,0,Unknown,,false
6372,0x5e72d8440d032d128195f3acc7c8fb89dbb52516,5,0,Unknown,,false
6373,0x5e60aea5b0ca941a486d8526006601dcb3cd2b19,5,0,Unknown,,false
6374,0x5e59b6343717f865a4d68f00321f2a73bf661626,5,0,Unknown,,false
6375,0x5e55b4c080e60f07ce7389494daa861f1dbd227a,5,0,Unknown,,false
6376,0x5e50dfa4d6e5dd087ec22f57197e9de22a63eceb,5,0,Unknown,,false
6377,0x5e3ba8183576382294aabb94233e9bc600b3bcd6,5,0,Unknown,,false
6378,0x5e35c92b785fa70c0c3ba6e4fc93c92cea554ddc,5,0,Unknown,,false
6379,0x5e1ba2f6573b241c61db71bd5f949fcf5ca86033,5,0,Unknown,,false
6380,0x5e167599b9b4541d2194a4df18d1bb85e1b2fdd1,5,0,Unknown,,false
6381,0x5e13eb01f2ae9fdaeb6c79768116b0b2ffc5d19a,5,0,Unknown,,false
6382,0x5e1022ca62f18d7b6b160d214d59bf5628d21167,5,0,Unknown,,false
6383,0x5e0a6fa24a57e945b83c4e2345439eabd9d17452,5,0,Unknown,,false
6384,0x5de7e101742fd109afe215185d122e1e72e20ed1,5,0,Unknown,,false
6385,0x5de2aaf121b4c55e13312ae2a20534a187016bdd,5,0,Unknown,,false
6386,0x5dd2c6b10dc69d69c2fef25217e7713d2cc3908f,5,0,Unknown,,false
6387,0x5dc09e582983a915ae93f2d6b89f80f1adb30cb5,5,0,Unknown,,false
6388,0x5db12e03c662d9136e78817cceea0f862c34889a,5,0,Unknown,,false
6389,0x5db11c39f47ac34ac52b4dceda39eed9117e801a,5,0,Unknown,,false
6390,0x5d8a976ce33a4c28e151cb8e4d22064a28799bcb,5,0,Unknown,,false
6391,0x5d81e7b400a33125e46556ce9754266b1e4587a6,5,0,Unknown,,false
6392,0x5d7803824f38991e8bb6e6aadc44a6f7f0505a30,5,0,Unknown,,false
6393,0x5d75c7381e69af4351703fa14bf48c8ef0dea77d,5,0,Unknown,,false
6394,0x5d704c3b035af31abc9f1727cdebd676f7d3f885,5,0,Unknown,,false
6395,0x5d6e56aeebe8d0933022a445ecf2019ddf8cb972,5,0,Unknown,,false
6396,0x5d6d414c830fad2f9fd890a6ec3def004139d916,5,0,Unknown,,false
6397,0x5d67ab64fa916083b283a42f17f70d6f16643df3,5,0,Unknown,,false
6398,0x5d65eb05c315322b72c50d2a8e0535ccf78efc20,5,0,Unknown,,false
6399,0x5d500122fd6c646212fc74944f3cea65f27161c0,5,0,Unknown,,false
6400,0x5d4740bca9e1a17a2b41f209364f734cfe252c17,5,0,Unknown,,false
6401,0x5d4618ff813756dbff1dbb852942a193ea2078cb,5,0,Unknown,,false
6402,0x5d4384358fe8a922e1e2d32cce50825f003ae0a5,5,0,Unknown,,false
6403,0x5d24833e87dafe63fa4e0d62fdb7dcbaab6da06b,5,0,Unknown,,false
6404,0x5d21f734a45813a0b6ff2fb65a463c5b25e462b8,5,0,Unknown,,false
6405,0x5d218e9389e2cf18afb59c7c0aa68de5d158a0a4,5,0,Unknown,,false
6406,0x5d1ff65c219772f914bd333a8b4a1b6038549722,5,0,Unknown,,false
6407,0x5d1d197193f554138296424dae23546faabd31e0,5,0,Unknown,,false
6408,0x5d05e42e57c60fee6716c7b6bed48bc82003fd34,5,0,Unknown,,false
6409,0x5d032b66fecdebec64cdd135d20fef65f88d1b1d,5,0,Unknown,,false
6410,0x5cfc666ba311eb147dc1532bd2ecab27ebe2e298,5,0,Unknown,,false
6411,0x5cf5400c6a2aeb4eef809f9e67490d7f9c40034b,5,0,Unknown,,false
6412,0x5ce6ae1e18e3844c89acf17134e15c3c83c5844b,5,0,Unknown,,false
6413,0x5ce0dd61f27136cf317243d6eb57afa79b69284c,5,0,Unknown,,false
6414,0x5cdade262c1c76a453b3a8ab5a8ec3e0656b5497,5,0,Unknown,,false
6415,0x5cd99d7f24ce3c89f14aa6dbde6bd6fbdb550efd,5,0,Unknown,,false
6416,0x5cd5fad35ff776ee230eac558071fa0d1834e6f1,5,0,Unknown,,false
6417,0x5cd47dfbfb96a9ceb6ba574fafd0679bd3e19105,5,0,Unknown,,false
6418,0x5cc2cd79e81d735612220f97203b66bf04e5f3e5,5,0,Unknown,,false
6419,0x5cbf184f7875647f88343116ea615ee438a325d6,5,0,Unknown,,false
6420,0x5cb412c41d4cfb1a8ec8e531c6a38046c1fe8b8f,5,0,Unknown,,false
6421,0x5cb1c5249f4e25bb486045fa4991617ba3c3fd4f,5,0,Unknown,,false
6422,0x5c9a015f0a6dfcae721b086e1ecceba18e134dc7,5,0,Unknown,,false
6423,0x5c990f7079d8e3d084c63a76976a780ce5bbf03b,5,0,Unknown,,false
6424,0x5c9753cdadef00103ae9bbdc2103d25acebdf03a,5,0,Unknown,,false
6425,0x5c8a56a0f3d825046b9185191662a26558c59695,5,0,Unknown,,false
6426,0x5c8056a1bc32d2fbc4ba91d52ae23fce43667c91,5,0,Unknown,,false
6427,0x5c7cfa03078c324d1d41cbe16bc34f8fc556f9b0,5,0,Unknown,,false
6428,0x5c6dff00d71e44a7962b8798ba30b6c5a17c0cf3,5,0,Unknown,,false
6429,0x5c6cdd212df569b680029f8fff3ad52548f6df76,5,0,Unknown,,false
6430,0x5c64f3d8dd64a106074dfa427507e0a4ba5e40f8,5,0,Unknown,,false
6431,0x5c621394f4d1e88c2c86c057c6bda51dc149a6bd,5,0,Unknown,,false
6432,0x5c5a5a0b349df2e2ec4608b97a70ac99187c224c,5,0,Unknown,,false
6433,0x5c42c0eaf859eef01dd897adfa4bb2d4d8616c8a,5,0,Unknown,,false
6434,0x5c40ce2c41e22fa6c64ac05758d4a255c86d6899,5,0,Unknown,,false
6435,0x5c3f707c1c328d747efb1ab5af9b50442bb8330d,5,0,Unknown,,false
6436,0x5c38db0960f48cfede418ef7cd75ce8e1e7271b5,5,0,Unknown,,false
6437,0x5c37306d18a3b052f85362b204b489ba80dcc16b,5,0,Unknown,,false
6438,0x5c2da7269a796dc175d168fc7671a5073dcaa5d2,5,0,Unknown,,false
6439,0x5c0c08cd7f3d360ac666a78f97d6b7597e382d60,5,0,Unknown,,false
6440,0x5bfafc27d7f4b7f972dd546b87d4f52960afd51d,5,0,Unknown,,false
6441,0x5bf4009a69a290f3a5699541dad0dfc741da3ef9,5,0,Unknown,,false
6442,0x5be85bf80ee40b7cf33ca0e4ad48ed635352cd0b,5,0,Unknown,,false
6443,0x5bdc675ed47d9b951874cf3f928a1dfb3c35eedc,5,0,Unknown,,false
6444,0x5bd5c93ec80501029da0657ade722c9c6c1d5257,5,0,Unknown,,false
6445,0x5bd1a017430db87e787c5b1e4420343dbe439f3d,5,0,Unknown,,false
6446,0x5bd18cc1e4028834a492610297d3918003f72463,5,0,Unknown,,false
6447,0x5bc51e0f598f6a34153fd4f4c4af86a158e848c4,5,0,Unknown,,false
6448,0x5bc079b4298499e5f58127a20fca31007ea553ed,5,0,Unknown,,false
6449,0x5bb81df07d6c8f4c696faa217bb7ac5ea6aabd5e,5,0,Unknown,,false
6450,0x5bb621e4ed83d59781eedd56c4f337c5b60a8028,5,0,Unknown,,false
6451,0x5bb36c11208bd9bc4c2a3d3e1afb58ce83d625df,5,0,Unknown,,false
6452,0x5baac2780017fba4b536b2e15b78cda7fb962d5f,5,0,Unknown,,false
6453,0x5ba6f08cac736c20a24957598891be1381e1dad5,5,0,Unknown,,false
6454,0x5b9aac7ec3fdac7fe3427c3e5e32c664605a2936,5,0,Unknown,,false
6455,0x5b7d7eb48157590336aea88193f1dbb11546c40e,5,0,Unknown,,false
6456,0x5b688e068b34785c806052803e0de3c8141a9048,5,0,Unknown,,false
6457,0x5b59a5c805f48984ec1c3cd4bfb8714a127c3fd2,5,0,Unknown,,false
6458,0x5b58429ce0787276bec963a0f69149a3b6b7afed,5,0,Unknown,,false
6459,0x5b5553c133bed0bfc65625ebfd5d4bbd7cb784c3,5,0,Unknown,,false
6460,0x5b4e09484dc63b02f292c9bee45075e337be4c96,5,0,Unknown,,false
6461,0x5b42cb2fb48f523144b007652336ce55109cb640,5,0,Unknown,,false
6462,0x5b3d9bd85b994540ecfeea14439675762203fe42,5,0,Unknown,,false
6463,0x5b3a962d455ccfcc30927b26f83ab22979ebfb8c,5,0,Unknown,,false
6464,0x5b3764b2273a1ce7c987b03093e8faed8ed3aa65,5,0,Unknown,,false
6465,0x5b2661eaa9f8001a05e6e25dae0cd85ec517ee18,5,0,Unknown,,false
6466,0x5b17a8f5a3c9ab84a1de722d91a4d5938223158a,5,0,Unknown,,false
6467,0x5b162cb0fa14ed7fdba57313c57b8696a4e97581,5,0,Unknown,,false
6468,0x5b04732e2535aadb6a5ac1fce7034f3ceb07daad,5,0,Unknown,,false
6469,0x5afc231df2568f5c7b545c35920d8292647ab4cb,5,0,Unknown,,false
6470,0x5af2a76f3e54f5e1b746fbed1008873f4b9b3827,5,0,Unknown,,false
6471,0x5ae7c0a9f2b78fd65eaeabc11b35eaaf7ac788a8,5,0,Unknown,,false
6472,0x5adfdf1873344265b2cb5093ff1fe59ceacf4257,5,0,Unknown,,false
6473,0x5acd7d62e244aed5a54048461033ca245a19df8f,5,0,Unknown,,false
6474,0x5acc08b163b0c6533d4b5a8c6256e2ba3b15e21f,5,0,Unknown,,false
6475,0x5abe9737da113a4b599e3e296ba5875045f48097,5,0,Unknown,,false
6476,0x5abbf91b98f3128fb7fe22db83f8aaf0d48a06f7,5,0,Unknown,,false
6477,0x5ab66ffa9e147b10d2574dbbfaea98baf95e5776,5,0,Unknown,,false
6478,0x5aa9db4cc65c1cee7bf93fc955504c2aa1b327a7,5,0,Unknown,,false
6479,0x5aa8709d1a07ca965ed158b8dc4a9ac6f8aa5dd7,5,0,Unknown,,false
6480,0x5aa3bdcd49499de988a6e5385ce46e733fa1b4f0,5,0,Unknown,,false
6481,0x5a9e1d78ecc95a3362b4b960d26798fc5b2d6dc3,5,0,Unknown,,false
6482,0x5a9c975211b5aa9c8a64cd2c733497944a88bd8f,5,0,Unknown,,false
6483,0x5a990ce6c7ec613e47b53951ec0f0834f8f04cb8,5,0,Unknown,,false
6484,0x5a8de481751acac84a8dcac1723bab5f0f396d21,5,0,Unknown,,false
6485,0x5a89edad0143a5d0cbb9fcdef7250261b532d9ff,5,0,Unknown,,false
6486,0x5a7b40e2747337572a2fbb7d8f358e7c78c6256b,5,0,Unknown,,false
6487,0x5a638a5d5ca87b8cbf0343275bcc1cdecbb346c4,5,0,Unknown,,false
6488,0x5a5abce321dc6277766c09ba81e757fc4ccb93dc,5,0,Unknown,,false
6489,0x5a4acec0b04ded857d3606fa0e17f0a9a181da95,5,0,Unknown,,false
6490,0x5a397457a51240c1a0803b3b3d08224858d642fb,5,0,Unknown,,false
6491,0x5a38a41b7aeb3c3c87a3c5212c7bb4afb5ee5759,5,0,Unknown,,false
6492,0x5a26d06830612ba663eeac7a41362700e69b431f,5,0,Unknown,,false
6493,0x5a2513d988a006887e2f911c06e1e8b4186334fd,5,0,Unknown,,false
6494,0x5a12e3ce685b43c9e75e163f69c0633fae328066,5,0,Unknown,,false
6495,0x59eccf0d8642de563e0e2e750e619bd8e6dfb94a,5,0,Unknown,,false
6496,0x59e066d343167ee3331ae973bb4917e0c3990f72,5,0,Unknown,,false
6497,0x59db08488da0581ebc2b4fdae5f6056ade33eeb2,5,0,Unknown,,false
6498,0x59d230f3cb2404ad9598ad580ea935dee3c5ff5b,5,0,Unknown,,false
6499,0x59c78ca454b74da8159b0029f55b65352e877c37,5,0,Unknown,,false
6500,0x59c4c2f8b2a3cb273f23900353b86e4e60f078f6,5,0,Unknown,,false
6501,0x59c2fc63437fd6ea7c48989714ce990114041302,5,0,Unknown,,false
6502,0x59be4a29b6add725e14d950dd5db8a298da0d802,5,0,Unknown,,false
6503,0x59bcdbb11465e1988d531dfa3ff3b58fce4b65da,5,0,Unknown,,false
6504,0x59bba18cde84d5892d7f75a017d6901d469de030,5,0,Unknown,,false
6505,0x59b7084af1bd1dfb708db29e9eab555a761a9326,5,0,Unknown,,false
6506,0x59ac7e30604eb8061ecc8dd62068569fc4a53471,5,0,Unknown,,false
6507,0x598ec35272897d7735c35f26398dfe4a2549b8c3,5,0,Unknown,,false
6508,0x5973d5bd71b2ff03b7cd19ba1011dcc0a1f45861,5,0,Unknown,,false
6509,0x596961620d6ccdf51fca2bd15da3096b9f9dd7ba,5,0,Unknown,,false
6510,0x5968b64950fae220e1b39af646b7cd54c0ab33a5,5,0,Unknown,,false
6511,0x596557e5dd4c85df195288e2292641608022c878,5,0,Unknown,,false
6512,0x595d73b369dd7165ef8176b6e8de10242e40b76a,5,0,Unknown,,false
6513,0x5951bffc5a7579110e466e733ad86b7e02f9b06d,5,0,Unknown,,false
6514,0x593f205105ade4505604e3e6e1eac4a95752ed26,5,0,Unknown,,false
6515,0x593d34f36cc4c44389053a3ed718d2da8eed3756,5,0,Unknown,,false
6516,0x59397660f24c486d91f23031a6c901962d312466,5,0,Unknown,,false
6517,0x5932c30116dce9d59aee1b4450acfb180b6f8f57,5,0,Unknown,,false
6518,0x592e9638db044282ae32c2fb835073c016bf8d28,5,0,Unknown,,false
6519,0x592e617b69e35bfb75fbb9ae7bca6b80f07028c0,5,0,Unknown,,false
6520,0x591bfe2d6bdb4e270acc9c3c39841c655731e599,5,0,Unknown,,false
6521,0x59101ea26619e8a5489f638589b4f866ce5a9818,5,0,Unknown,,false
6522,0x590ad4378dd35b6bb82d6307951cb9cd9e2087d5,5,0,Unknown,,false
6523,0x5904a335b4b77929d9f9d05262be283f6d8a7aac,5,0,Unknown,,false
6524,0x58fd64b8e588df4e6a20766ab5f4d84bb51ae9c6,5,0,Unknown,,false
6525,0x58f990b6bfc27e8e2a2e6becbfdb199890aa8abb,5,0,Unknown,,false
6526,0x58f571e5f3faf10c0dc58729941d439e1b4b6cb0,5,0,Unknown,,false
6527,0x58eb3f71873af394e1352cc70fe2356044cd0855,5,0,Unknown,,false
6528,0x58ea5f601715cb8b7d66a8900f381d30c9595312,5,0,Unknown,,false
6529,0x58e6fcc0b7ded596fed29753428f27c97db2da9f,5,0,Unknown,,false
6530,0x58e20b0bbc66994c05cf67aa1664ca92c128388b,5,0,Unknown,,false
6531,0x58dc0f23a3ccd511a2fc280e59be14d566bf7d98,5,0,Unknown,,false
6532,0x58cf46cc87cd817a3fd89cec9c673c152440e35e,5,0,Unknown,,false
6533,0x58cba7477099d4dd8fb0a7e5a0bb18d73c92b254,5,0,Unknown,,false
6534,0x58bf6d2290ba55e55e6687e6eb3b771c5b4133d0,5,0,Unknown,,false
6535,0x58b17525625b9486da830dc1158def75edb8866e,5,0,Unknown,,false
6536,0x58a972af02440a6595bdb16afb846edd47d934d4,5,0,Unknown,,false
6537,0x58a4a4b05a766d29bb8e2d541c77a6e3c5b94307,5,0,Unknown,,false
6538,0x588ee2864e4c93779500cde2a911738ed26407ac,5,0,Unknown,,false
6539,0x5887c68bc965100cc93e15b541ad25a2be6274a4,5,0,Unknown,,false
6540,0x585246837fe124f4afea0462ec60b12df36273c6,5,0,Unknown,,false
6541,0x584640acc0d13978a93ea973a4c528bac35bbc1a,5,0,Unknown,,false
6542,0x58352bfe38fde1243c0375f20fa372472bf20788,5,0,Unknown,,false
6543,0x5826fab3ba8e73f1ef8eac7805621c0414abd3bd,5,0,Unknown,,false
6544,0x58218161e86d790e92c71f06b28dd14aed0fa834,5,0,Unknown,,false
6545,0x58213e90746504fa6e926a7f31979ee3e976e499,5,0,Unknown,,false
6546,0x5821130b4d752b01e7d0416561fb62106bbf963f,5,0,Unknown,,false
6547,0x581c24e1754f6f9aceed59388db76a79c6fa3937,5,0,Unknown,,false
6548,0x581ab8d19694a235f3ecc4a48c4e73620adfa751,5,0,Unknown,,false
6549,0x5808d64547a10b7e2760ac33c88aef79fe3a9928,5,0,Unknown,,false
6550,0x5803d1edf1f3a1312ed13334a8cf0d77c9037b7a,5,0,Unknown,,false
6551,0x57fb7815b8e6755f1c5c2f9e1e92783f21814553,5,0,Unknown,,false
6552,0x57f870fd85ea66bbfab4a24782129787e98bfd97,5,0,Unknown,,false
6553,0x57f1fc08518eade1b2eb1758d7a1222669473343,5,0,Unknown,,false
6554,0x57ebb5dd789a64be0c5d3353bfcfac857534fe2e,5,0,Unknown,,false
6555,0x57eb42fdaff167c6ded6f3c74f601cc18d2763a9,5,0,Unknown,,false
6556,0x57cb63e771178a42ff60268b460fbeadef4e1d64,5,0,Unknown,,false
6557,0x57ca3f083a73346705016e7458d46b27950c466d,5,0,Unknown,,false
6558,0x57ba9c6e8cd1c3eac840bffc4aa3c1a326687275,5,0,Unknown,,false
6559,0x57b8249b14500a5e537a1c6983d8d149ddadab0d,5,0,Unknown,,false
6560,0x57b28dbff22597b26b9aaf28ecc8a1374c1b598f,5,0,Unknown,,false
6561,0x57ae9ff0b93523484a8e0992145d7634ad9fb890,5,0,Unknown,,false
6562,0x57a72278b3265fccc08a418751f984e6768e8098,5,0,Unknown,,false
6563,0x57972c00874615da1039f9a103ac771df07fe22a,5,0,Unknown,,false
6564,0x5787d83c6c4931c2dff6df9c2a9be7477e694fee,5,0,Unknown,,false
6565,0x57846160812d5db9a637300af688e24ed9644f74,5,0,Unknown,,false
6566,0x5770a38993229de5afb06720a7b037d72c36aaed,5,0,Unknown,,false
6567,0x57626b70bd5f0030ddd477dc126e5e9087c98faa,5,0,Unknown,,false
6568,0x57612e9221e1ecbab4bf5920f31eb6a235087a80,5,0,Unknown,,false
6569,0x575edc294cbe7a112a9ca03807f4c53c37672916,5,0,Unknown,,false
6570,0x575bc6d83691764b7cec548e36c46501d4184edc,5,0,Unknown,,false
6571,0x5759db64a9924106baeae463ffbbe242ad48c575,5,0,Unknown,,false
6572,0x574e037a16ad0df278461a262517e0f21f1664f3,5,0,Unknown,,false
6573,0x5743662286b6a5799c5a4a57b0abaf418f44590e,5,0,Unknown,,false
6574,0x57368e7438cd05173ac75c8f849619d8d2709126,5,0,Unknown,,false
6575,0x571e6a6890a6488d7e5589315987957f788da640,5,0,Unknown,,false
6576,0x5716ef9a5f46be78a2eafb225941b13530f44423,5,0,Unknown,,false
6577,0x56fa970c788203dfe0d1601a611dc7ca2e8c0ab5,5,0,Unknown,,false
6578,0x56f90fea70a421c26e302350800671d0dacf2a58,5,0,Unknown,,false
6579,0x56f1925abd2fbbb7a82e00376297f84cb73aab4c,5,0,Unknown,,false
6580,0x56d66891e024ea9546bb1d43d17f4b64598d21a8,5,0,Unknown,,false
6581,0x56cde93e10172e4428bee654cfdcb97f16524fed,5,0,Unknown,,false
6582,0x56c6b48cc76520b031f2daf0ad31e79f80593514,5,0,Unknown,,false
6583,0x56c2d6e6d0023a9c77c6c0bce4f5484b90c1b04d,5,0,Unknown,,false
6584,0x56c1f6ae527518cd93fc7428c2bd04cc1dd0457e,5,0,Unknown,,false
6585,0x56c017cba2f9daba8f886937ccc7786778f36b73,5,0,Unknown,,false
6586,0x56b0f10d08680f5523fa866a30a06a1bb0d4695e,5,0,Unknown,,false
6587,0x56b02855b5a30830a30d0607a5154ee48dc9b777,5,0,Unknown,,false
6588,0x56a7dd6cbdf1f062f10373e485b68d374226ce20,5,0,Unknown,,false
6589,0x56a6c380f3fd5f628c93be45b4b0ca69264d56bf,5,0,Unknown,,false
6590,0x56a2822120e8c52676fcc2b2ffd2a4952947ad2a,5,0,Unknown,,false
6591,0x569aa4b27d56e622d1c8d98e9f95ca98165f4c39,5,0,Unknown,,false
6592,0x5696c6c68e53bf52e416f7e346acfbe8d6b74a7b,5,0,Unknown,,false
6593,0x5694f0685ef810896b9419125f5099d2478dd01d,5,0,Unknown,,false
6594,0x568a583d8bccb2f9964c63a03c5c37309fe37122,5,0,Unknown,,false
6595,0x5681d6fee987fab4f19408a46f959251cacd9d06,5,0,Unknown,,false
6596,0x567e35fa71363b8e56c85a88849b0b96e2231d9c,5,0,Unknown,,false
6597,0x5660a921b85f832834a6bfde458e81f73d6c6233,5,0,Unknown,,false
6598,0x564f401cf22115c03771d83b43541e5fbc282a7e,5,0,Unknown,,false
6599,0x563ba360cda2bb4a42e1284bd62d4eb401b709e9,5,0,Unknown,,false
6600,0x561fa62accc1bb52442b43ec20ba274f6d563837,5,0,Unknown,,false
6601,0x561a403d2234ef911f186ebaee604e3186710e7a,5,0,Unknown,,false
6602,0x5616cb64cacd12d682c3bb6af03d6e8c529acd68,5,0,Unknown,,false
6603,0x56127813254b1af57b31d531d18011d4c509e49f,5,0,Unknown,,false
6604,0x5604b61214f9c6647a7e2a75a7fd7e11f9e30345,5,0,Unknown,,false
6605,0x560373c43df08620b7adaeba8cebe28d95d29313,5,0,Unknown,,false
6606,0x55fc3d7a8edec08de57a938c9c1250f42d4892f3,5,0,Unknown,,false
6607,0x55ed02ad645c29917ee68810c6c985248fb4718d,5,0,Unknown,,false
6608,0x55e92bbb667e04336dbe2784262bed0f64287303,5,0,Unknown,,false
6609,0x55dc563dea79b8736a96df4cf2648c4b7843845d,5,0,Unknown,,false
6610,0x55d27941fc45e1dc7fb53c532a50c687e4dfaf63,5,0,Unknown,,false
6611,0x55c7a54be7586dfe49af773dfe8b15be6888de54,5,0,Unknown,,false
6612,0x55c3c4b6f731bbfea017048e39c567cd06bea566,5,0,Unknown,,false
6613,0x55a9ba51cc88175605cc822074117df1d28d8865,5,0,Unknown,,false
6614,0x55a7547233873805d8dfa861d0cfb6d4b2bbcba9,5,0,Unknown,,false
6615,0x55a2fcab2400fb834c28a37e3e49ac20113a62de,5,0,Unknown,,false
6616,0x5596a548821646145ae2031f689b542d2f196726,5,0,Unknown,,false
6617,0x55968d3c601e44ec4f86a7846b24032ab4e92b0b,5,0,Unknown,,false
6618,0x5594631b2503b8c86fbf7d2295519b2c46773c03,5,0,Unknown,,false
6619,0x5587de06203e72261845129b5aa0bfc0a91e8916,5,0,Unknown,,false
6620,0x55796e47bba4b2fe44a34e33df2ae37329616f83,5,0,Unknown,,false
6621,0x5571b42f66386f315868064f4eeb603439b0ff0c,5,0,Unknown,,false
6622,0x556704a151a88f189a654c0f50d6994e1be9a709,5,0,Unknown,,false
6623,0x5564f1e637c98fbc3e4b5f588eb0e7aa1f1ffb76,5,0,Unknown,,false
6624,0x5558af20d5a45c84fe7851754e47f634bf720c31,5,0,Unknown,,false
6625,0x55574cd214fa44410e9533b364463db17ffaa73d,5,0,Unknown,,false
6626,0x555144743511e554a6822a832d9f1dd5dc8febd8,5,0,Unknown,,false
6627,0x554fa35f8f1608b6aa9f624ebf69161befc8fb9b,5,0,Unknown,,false
6628,0x554a8c97641fbad810d661cf05e27850aab83594,5,0,Unknown,,false
6629,0x553f9a997994992ce2405559f93fd3406b36c5d8,5,0,Unknown,,false
6630,0x55306f427327d90fa95a81d14bad5b575d029b8e,5,0,Unknown,,false
6631,0x550956e1e8e9fb63c89ea549aee74ab782797de4,5,0,Unknown,,false
6632,0x550346d496e57aee6ff13537fb12c239e2947ec4,5,0,Unknown,,false
6633,0x54fcf1f8e62d36c5cdffcba9c012b67b0ffea2a2,5,0,Unknown,,false
6634,0x54f6c8c97a9097910ef9342865db3732566cdb1f,5,0,Unknown,,false
6635,0x54ee9ab56f9c4a1f6eb08025917ee6408f6b96b7,5,0,Unknown,,false
6636,0x54dfa72bc51205aebda90f28a4790e22cfc893e5,5,0,Unknown,,false
6637,0x54d6d931d96f41af41b04bd26db2077934c7844e,5,0,Unknown,,false
6638,0x54d5449f9659d7d91c546784e408c1733a736ecb,5,0,Unknown,,false
6639,0x54cb17491c8408c309f714e06524e095c0ae507b,5,0,Unknown,,false
6640,0x54bbceddd22821a171c2f881642d86daf0fe2a4e,5,0,Unknown,,false
6641,0x54b01a11e062a515846b203304778f7e67182e9f,5,0,Unknown,,false
6642,0x54aeea0c632db086fe506fe83e9b46b5c2155a00,5,0,Unknown,,false
6643,0x54ad209c6e4a145bafca283629562ba9d572b7cb,5,0,Unknown,,false
6644,0x54a66793035f9c9f6d262aed969db47c09cbcdef,5,0,Unknown,,false
6645,0x54a191d78646c96407d31667567d1b0d3c310eb8,5,0,Unknown,,false
6646,0x54a044d732ec60ff5718242523da6494d1663f40,5,0,Unknown,,false
6647,0x5487c800f38b7e951bc576cf05c87985096a977b,5,0,Unknown,,false
6648,0x54826107523a2c4f919179e1ebc38423224ef977,5,0,Unknown,,false
6649,0x5480f561bc65d0ccf1ac2b30bdc6733d17ffa403,5,0,Unknown,,false
6650,0x547a8f8dcbc75ecae044e128bace69f002734ef8,5,0,Unknown,,false
6651,0x54790a0c52168523e27210915fd6aa46699ffa04,5,0,Unknown,,false
6652,0x5478b4af7443a2eba1bfc13708692208c922874d,5,0,Unknown,,false
6653,0x546246fab02595e11be0ba09e341f2a391c4a295,5,0,Unknown,,false
6654,0x545430e1a9140544120c00e8f567a74261804043,5,0,Unknown,,false
6655,0x5449681632812b52f21e16d934c74c8af59ecc7d,5,0,Unknown,,false
6656,0x54437db00b5572cbf1d96d5b4f0ea260df6ee31f,5,0,Unknown,,false
6657,0x543ee7742d23c16c691dc0f1563d15608700ccb1,5,0,Unknown,,false
6658,0x5436b18df7d186b0d09ece31215fd3a422fa0ee0,5,0,Unknown,,false
6659,0x5434e40978d920c020a983c4497b8b70fe0e3998,5,0,Unknown,,false
6660,0x54331224c976ce6533fd1aa6238e673e9bb736ed,5,0,Unknown,,false
6661,0x542bb6c571c79b8e6b8b726413523eccddbd9df4,5,0,Unknown,,false
6662,0x54262f75987d4d1b7cc5f0d2df9de7d4f182e18b,5,0,Unknown,,false
6663,0x5425a5d5c6289a2539dabbbf21b2643bc18753c5,5,0,Unknown,,false
6664,0x5420d6d986672b7abe9ef85f57243240b7989297,5,0,Unknown,,false
6665,0x541f739cb622a62b5c11d2c2362e65327adb966e,5,0,Unknown,,false
6666,0x53e5ca6e56a6026011cdfb7c748be06e45ba8745,5,0,Unknown,,false
6667,0x53d32267225c18764c58d0546e1b52aedb1b5058,5,0,Unknown,,false
6668,0x53d02b199e4de8175c07956980df50787233e232,5,0,Unknown,,false
6669,0x53c5e59480d7ade6617a82016547d3b99fe9d9da,5,0,Unknown,,false
6670,0x53b5d38c60de0a3c2a49ffda3a8dcf20fe8e8c67,5,0,Unknown,,false
6671,0x53b509fd58cafbe3c108f7fbb08d62366b885836,5,0,Unknown,,false
6672,0x53b01a5589a16082beb58b20ab5e6e4018fd536b,5,0,Unknown,,false
6673,0x539448157f4204b99ee68810dd113544c9eebbf9,5,0,Unknown,,false
6674,0x5390b45c7ac23f27fc4b02e4715eed03312c5d41,5,0,Unknown,,false
6675,0x5383871814b47377f63c2eb07fd64912b024eb99,5,0,Unknown,,false
6676,0x5380076d4c65074c3efe4406418b54f3d98720f9,5,0,Unknown,,false
6677,0x537851a5a22b7fc05e2d0a8033ddd600c0633fba,5,0,Unknown,,false
6678,0x536ecfe74f2e8ec93a53b9939618c36ca1784f2e,5,0,Unknown,,false
6679,0x536c73de661857e29c5f4b19546c09e3488dfd24,5,0,Unknown,,false
6680,0x536b8b2fe4a835624072480b0969d9082a02b6b4,5,0,Unknown,,false
6681,0x53628bca4ca7aa93f38713581a8d0548d6600423,5,0,Unknown,,false
6682,0x5359cf1bdf75bfd976f5c352bdb3ada2509855d0,5,0,Unknown,,false
6683,0x534f9cc5aeaedaa1b42c3785dd38f322e43c1216,5,0,Unknown,,false
6684,0x533f98dc080a241d332da814b3b72799e21664e7,5,0,Unknown,,false
6685,0x5337093000c3c0cedbac7939abaf84fae0d40c05,5,0,Unknown,,false
6686,0x5333b1ef3646b6f13ff535b1c523e6140f2b160c,5,0,Unknown,,false
6687,0x532d0f39648df5ab8029912f8d2587a87ee638ba,5,0,Unknown,,false
6688,0x532c432b59b4972afda94a8d517735770a30c138,5,0,Unknown,,false
6689,0x530083132244db6af9d03b995d85a8628f05a079,5,0,Unknown,,false
6690,0x52fa14cc31271bf0c20e0c403b110428a8f9f955,5,0,Unknown,,false
6691,0x52f701186bdd7f6d7dec8e4d821cdcb77bbdc882,5,0,Unknown,,false
6692,0x52f4d7ceeb5b295f4d6644f7baf80eb53767b94f,5,0,Unknown,,false
6693,0x52ebc956ba91482e607a109830271bed0827fa81,5,0,Unknown,,false
6694,0x52e6cd2b03b807285899ac9a570b249b95f35519,5,0,Unknown,,false
6695,0x52d11d8f140d021cae37dfd2049da2e89e7d02af,5,0,Unknown,,false
6696,0x52b2c5d685bbdd7793fd82bf80fa24228d5718c7,5,0,Unknown,,false
6697,0x52afa1ac551f17299044bf06da6d47df1d966ccf,5,0,Unknown,,false
6698,0x52a6fb82adc57861d97c3fc72c3a0ae188863de4,5,0,Unknown,,false
6699,0x52a6321149c5818018ae014cee3ecef807928c41,5,0,Unknown,,false
6700,0x52984ca1bd46f7ca3d0d6c764ff2e992660821c4,5,0,Unknown,,false
6701,0x528f6ca4ee837924130d80f91193ced6ae13b434,5,0,Unknown,,false
6702,0x527fdc31e1c4cd52413d17e9e043277c24f520de,5,0,Unknown,,false
6703,0x527fb4ecbabee75b2f197d8a23dc4a2bcac62424,5,0,Unknown,,false
6704,0x5270a0a7de0231861c3e346c1e5396c6b68f2f0b,5,0,Unknown,,false
6705,0x526eaf5040e00dc5dd435ae18a2c6ee43b0ff9f7,5,0,Unknown,,false
6706,0x526e831656036be7efd899c342a35442302477d7,5,0,Unknown,,false
6707,0x52658525184284550cada95268acf69178f3eeb2,5,0,Unknown,,false
6708,0x5257ea205dc7d3f5069306b2ac1259fc640ff0b3,5,0,Unknown,,false
6709,0x5255f5f0be420855bc5de92999406368321512b1,5,0,Unknown,,false
6710,0x52372e0ef659ed4d4fb40c1b5aeecbcc65543e38,5,0,Unknown,,false
6711,0x523610124683273af3ce406601a87c1e5bb827f2,5,0,Unknown,,false
6712,0x52326d13f177e962b108ce137e2dc2437ce0f05f,5,0,Unknown,,false
6713,0x523206bb07cddd460fffeced837dd63ddae8668f,5,0,Unknown,,false
6714,0x5229442be1e56238fdaaffc10a393793b114c15b,5,0,Unknown,,false
6715,0x521b7c203357f852afd4cb22bf58bb75e00897a3,5,0,Unknown,,false
6716,0x5211a1a89e0afa1bbafb33edecf4e0c21e2abac0,5,0,Unknown,,false
6717,0x5209aa88fa4e9263072c47cef4c3afece77fe8e8,5,0,Unknown,,false
6718,0x520779ae8d907c953a4052ae725b498c33bf6392,5,0,Unknown,,false
6719,0x5206346641cc0f9918181c6a7dee878aef648a32,5,0,Unknown,,false
6720,0x5204c11a2aa87c7893785f4e48888b004e58c7e1,5,0,Unknown,,false
6721,0x5201553c7eb5335557bfc4acbe73695626a3b1dc,5,0,Unknown,,false
6722,0x51ff5b2c59b7b43e41756fc612976d5a32f829da,5,0,Unknown,,false
6723,0x51ea452e4a16185a21c581db48b6b7ed1df0b3af,5,0,Unknown,,false
6724,0x51e64df1d41d350bd99cd0a4f47637dc9b201ae1,5,0,Unknown,,false
6725,0x51dfde0209c3ee5357fa7b9250aa7434c0dbbcca,5,0,Unknown,,false
6726,0x51dfa20e093699fcbd7eda65f957d49abf210664,5,0,Unknown,,false
6727,0x51deb2c44882d7177a5803530781a5f319660938,5,0,Unknown,,false
6728,0x51de3d576a7c78bc2ff405a953a2dbbae3c073d3,5,0,Unknown,,false
6729,0x51db5346200625b1281404b93c259220c39be14b,5,0,Unknown,,false
6730,0x51d6d1c10650f68cceddbd8562d955c0ea9ffebc,5,0,Unknown,,false
6731,0x51d2c4779118a6e492984bb0bc83476c2fa83dd0,5,0,Unknown,,false
6732,0x51bdca4c20827e9d253851088139b0f132993799,5,0,Unknown,,false
6733,0x51ba90f7dfe4731ad2ae95d56c8054d60a2e918d,5,0,Unknown,,false
6734,0x51ba8ca362ef751536ecd9618e269e06faca0a95,5,0,Unknown,,false
6735,0x51b208330f87cf43f7346a184598a99b6a8ba021,5,0,Unknown,,false
6736,0x51aca2390c6b9d59bade4e1ad2a702883ad74c35,5,0,Unknown,,false
6737,0x51a20d2d807dffd2ac92de3f04bcf83f69e48842,5,0,Unknown,,false
6738,0x51964102662af404fefaf057d51d1240fd22aaa9,5,0,Unknown,,false
6739,0x51841b8f55d09934e8527840b3a826c3434737d2,5,0,Unknown,,false
6740,0x5182735ffb86085040b861d4b604f3b656c25fb0,5,0,Unknown,,false
6741,0x517275954fa1c25d0192b51dda5e44ec15a9f966,5,0,Unknown,,false
6742,0x5137bf448ad86c417700ce3660ca211d383f2cf2,5,0,Unknown,,false
6743,0x513323d9c9e1c4b5461f278c665a59c9c4627f1a,5,0,Unknown,,false
6744,0x51328eb66d20a8fa461da2aaae04e9262ce404f3,5,0,Unknown,,false
6745,0x5124ff488e7f06f59c28f73b7d4e0058eeeda33c,5,0,Unknown,,false
6746,0x5111c6ef159bb60b50085c06645a9f096e13669f,5,0,Unknown,,false
6747,0x510c90698cc83f37d517a632cbff6c6ea5360439,5,0,Unknown,,false
6748,0x50f7120da7ea73991b099f79c5f4d9eeebf71c3d,5,0,Unknown,,false
6749,0x50f4f813beafc4741f1fd54b2bf45d42b8f21350,5,0,Unknown,,false
6750,0x50efc4ccd97d341f708a349ad01a034a68dd2405,5,0,Unknown,,false
6751,0x50d8f6b10edc29523ec8cf8716c4d63f546430b0,5,0,Unknown,,false
6752,0x50d229fb78f3507b91ae54ea7ab478f30559e1f4,5,0,Unknown,,false
6753,0x50c3ecbdd3211c2d6362605398382e41e016aebc,5,0,Unknown,,false
6754,0x50b2ffa7c612b54f335a0d22f11b2720469f1088,5,0,Unknown,,false
6755,0x50a43e4ff01223731eedf0a8845d79463fa8e04c,5,0,Unknown,,false
6756,0x50a3e2ca001a33f779bd3f0bb88e5d1a0491d1f8,5,0,Unknown,,false
6757,0x5098e638b13c3e158b20a4e3be252f378cb536bc,5,0,Unknown,,false
6758,0x50989c5fbbd33251546f54ddef205a96966ca954,5,0,Unknown,,false
6759,0x5095ae80c9a18d1bd8bdd035a2c8db1b6b7d4c66,5,0,Unknown,,false
6760,0x507bd94de91a96b9966dac6b707152ea75a1fdd4,5,0,Unknown,,false
6761,0x50799ce2b41b6a090ece984b2a3d93f09bfd6b5c,5,0,Unknown,,false
6762,0x5074a7ebfe94ef45d1790bf46c956b06f5de0d24,5,0,Unknown,,false
6763,0x506ee4aa5f782553ebb0e966353cb93d6a2e59b1,5,0,Unknown,,false
6764,0x5065a8238e580ba5b2e9f14cc9c10559262fe25a,5,0,Unknown,,false
6765,0x5061a0cdc8c1b376f8cc13b34fbffa7197e7027d,5,0,Unknown,,false
6766,0x505bb471b76c89a14684771c360a857c35b85c19,5,0,Unknown,,false
6767,0x5058e3a91bd51db4b000629598d9e16d42045da7,5,0,Unknown,,false
6768,0x504eb32c107e63426f1c1cc5d7c8e56f580fb591,5,0,Unknown,,false
6769,0x504890e60adb800bac29b93fa8cd7590bfc6ef74,5,0,Unknown,,false
6770,0x5045c617cc0107a2c1f66b3dc7bed8950fed2572,5,0,Unknown,,false
6771,0x503b0d6cbdd94d40b2e5c00dbffb91fab470ad3a,5,0,Unknown,,false
6772,0x501c761e8df0e01e8f7dfb2d876ff0530e77bbd9,5,0,Unknown,,false
6773,0x5014966c96ba2ecbdc180d8ae69c6804ee6e7c29,5,0,Unknown,,false
6774,0x500d13a6348ac058a83f3008108ba6ac43238b44,5,0,Unknown,,false
6775,0x500096d29176c6db756a388fb999d551586a317c,5,0,Unknown,,false
6776,0x4ff65199b52d4b0c4b1a929d8442c6bc4af50b69,5,0,Unknown,,false
6777,0x4fee132143b2325422d68f33c8f0e00887a12895,5,0,Unknown,,false
6778,0x4fe3e1d5e9c0cb2124ed9288edd86470b2c2f74a,5,0,Unknown,,false
6779,0x4fcffcb4d03edcd010c19602205af39dde83c9e0,5,0,Unknown,,false
6780,0x4fc53e61c4a7f3861e8ba5ab900c4f04f2a68332,5,0,Unknown,,false
6781,0x4fc307204bdd6ee7a63a257147b1228f245f141b,5,0,Unknown,,false
6782,0x4fc2bec9131294d5aceda056e647636aa3809dae,5,0,Unknown,,false
6783,0x4f9a34d678555ef3775b24fdf5c90eabe6b6ac68,5,0,Unknown,,false
6784,0x4f96e22e9e07eec16534acec0e1087da64b6c8fa,5,0,Unknown,,false
6785,0x4f94fa255a93d14723577bd7e632e8605502d8e0,5,0,Unknown,,false
6786,0x4f92ca257aa36a9d061348767a0d2cff843cfa08,5,0,Unknown,,false
6787,0x4f91aaf8e494bced169857bcba8f9a4bf7caed3c,5,0,Unknown,,false
6788,0x4f7ebac1fd60b8347eb27e39892287e616a44186,5,0,Unknown,,false
6789,0x4f7cbcfd31f284effb74251abc7d8124a5c2b861,5,0,Unknown,,false
6790,0x4f78e0c619ee2a0747283701fcd180b40452230d,5,0,Unknown,,false
6791,0x4f6e23ded43965e5f58b64b8c1a196ffcc6f2227,5,0,Unknown,,false
6792,0x4f6711e228ddc383935d13571724ee5b99cca896,5,0,Unknown,,false
6793,0x4f63c44a2ffe3ada96545d78209ffccd12810cac,5,0,Unknown,,false
6794,0x4f5a0856344509dbe6ca2edd57944eb97dc66db4,5,0,Unknown,,false
6795,0x4f5539ad639c9a1337414072a678fcd3a6241a4d,5,0,Unknown,,false
6796,0x4f4dbf5c5e7c64bced5d2ac784f6aaf899fca28c,5,0,Unknown,,false
6797,0x4f40ab68844e2e723b399226d8574f671f33e7ba,5,0,Unknown,,false
6798,0x4f3da142d8b65428abfc562d728bc9a62f395573,5,0,Unknown,,false
6799,0x4f3959c80923212137ecf8ec1b47d03b0c39832c,5,0,Unknown,,false
6800,0x4f33efbb020a449bc6b84c694228543dc7c411b0,5,0,Unknown,,false
6801,0x4f253d77708131b810a1fc41fa875cebb85e9020,5,0,Unknown,,false
6802,0x4f237776f13dbac20a998efff499586cde59361e,5,0,Unknown,,false
6803,0x4f19d78380a77788cc9491b1e7e39629dd3bf3e5,5,0,Unknown,,false
6804,0x4f10ba4d192d624a0a12830cb0a5ed57b9cedaef,5,0,Unknown,,false
6805,0x4f0c6dcc6332da7985447eb180ada6b6f0962053,5,0,Unknown,,false
6806,0x4f067fa08a4f356572ea843e9133bd543abc75dc,5,0,Unknown,,false
6807,0x4ef6e46df4169c55095e4fae031e880ade6baaf7,5,0,Unknown,,false
6808,0x4eee104b4a7149f03199f6719b4223d5fe60a27e,5,0,Unknown,,false
6809,0x4ed5bec610021a8206bd3c5acb979549dddfaf3c,5,0,Unknown,,false
6810,0x4ecd1408e3b8705c04cdb63605294b842a8a26ae,5,0,Unknown,,false
6811,0x4ec9b091ec75ecf0fe53b3439b2b4aafc88b7bc9,5,0,Unknown,,false
6812,0x4ebae1705a518b127b4e32a2b07aed31c9f5de8b,5,0,Unknown,,false
6813,0x4ebac6fac82a242f89ee67134f32dd62009f60e4,5,0,Unknown,,false
6814,0x4e9d988272aa87ae63a6433bac0a7393e94f7c42,5,0,Unknown,,false
6815,0x4e87d75415632f9caae1981054e1c9407df2c636,5,0,Unknown,,false
6816,0x4e784ed1b165df6f1f29e5e14366ebd832afe4f3,5,0,Unknown,,false
6817,0x4e6a2eeadae34de071a6ac5e6a5aa9147ace1b26,5,0,Unknown,,false
6818,0x4e6074927f11a1bf0e199db49106a24a3621fb3b,5,0,Unknown,,false
6819,0x4e5fb9818a756dcc5ef73e6eb55977212f5dab01,5,0,Unknown,,false
6820,0x4e56845ca2aa34d75fd2d8d8de8cceb0fa174cfd,5,0,Unknown,,false
6821,0x4e567e1a457b6de2ab9f2242072880498a31323b,5,0,Unknown,,false
6822,0x4e4df0b01b08d94b1353b5c34ae3c39ca412cd9d,5,0,Unknown,,false
6823,0x4e474d481b1e425ba762bce6311ac0ad909413fe,5,0,Unknown,,false
6824,0x4e3c822074db0e8de22507ed644d793ce1ba10e8,5,0,Unknown,,false
6825,0x4e2f7760e942a0c7175e1912e93e84be77d06f7b,5,0,Unknown,,false
6826,0x4e2cf81e7f9e81cd035afaf38f6782abcb4a16fb,5,0,Unknown,,false
6827,0x4e0f67332b81a93700010cdc59f6d90a115ca3bd,5,0,Unknown,,false
6828,0x4e0c10ef9b4a043e8c7c72b1dbb7a348b503b7c6,5,0,Unknown,,false
6829,0x4e093c2fbb524f9607ddd5847032204badd97e1e,5,0,Unknown,,false
6830,0x4ddfa0603ede7e8cdb46caacffdc3825badf390e,5,0,Unknown,,false
6831,0x4dc6a1a916692b0a8b3da03a88d90d4cdd0b5386,5,0,Unknown,,false
6832,0x4dbde7a1c0ea4da4f9f5ba40cf815e32a5966a3d,5,0,Unknown,,false
6833,0x4db67b2e88823871cf5bd7c78397b159a28028ec,5,0,Unknown,,false
6834,0x4da5becf1825257d8a6eec6b65bdf2cf5765ea0f,5,0,Unknown,,false
6835,0x4d85c66691ad2b7a8cce5373b2987a406015beba,5,0,Unknown,,false
6836,0x4d81942315c65fe06c62ecd5566f26be5b621a0d,5,0,Unknown,,false
6837,0x4d726779f80160814cebc6eca305349ebaa3b36a,5,0,Unknown,,false
6838,0x4d610782b5a9875ef61f01a07c27b464a8a0e81e,5,0,Unknown,,false
6839,0x4d5e198cf6a743ef709578685a98e78a8e8ecde2,5,0,Unknown,,false
6840,0x4d597ec8641ab61dcb53c165ed1f36bc00c7968c,5,0,Unknown,,false
6841,0x4d4958c7541ba3b17447f1fdd50c4424d8cb9121,5,0,Unknown,,false
6842,0x4d355f8a6e9d3e37e3124f7f7ad70da5e5aff541,5,0,Unknown,,false
6843,0x4d2302b319c4b34489948e38484cebbb0c82da19,5,0,Unknown,,false
6844,0x4d1e244da9f40e4f55af36bb914629c0cbb6506e,5,0,Unknown,,false
6845,0x4d124846b9c7fa3de8dc948f81dc53881e683e80,5,0,Unknown,,false
6846,0x4cf939b8f180adb23eecc4fef95f3a490b997deb,5,0,Unknown,,false
6847,0x4ce599babb886a882af5333ef449a26a50b36394,5,0,Unknown,,false
6848,0x4ce4ec415c3dea39e6748e2551602b024b16fe9e,5,0,Unknown,,false
6849,0x4ce33351c6938b504481cf7f78d6bf9fca0554e3,5,0,Unknown,,false
6850,0x4cd7f5c5c84dbb39fbd114877acea7039be9e879,5,0,Unknown,,false
6851,0x4cd37b0fe7e85d87262a93093d3a80264f8277ea,5,0,Unknown,,false
6852,0x4cd1f166d227dc9807fb9d360bf9816b89e5f354,5,0,Unknown,,false
6853,0x4cc7c5ed191aa104f064990ded8efd89f646c31f,5,0,Unknown,,false
6854,0x4cc2c5ab1d5ff50ed4ed3e4096e09762d9963f92,5,0,Unknown,,false
6855,0x4cc299fdac5ff02a1fb4b5e8bba664d4c0ff21d3,5,0,Unknown,,false
6856,0x4cbfc269084b4821d81a0898082e4533746a6e2c,5,0,Unknown,,false
6857,0x4cbdfb58631d618bba8744e60834ce5fd99d0eb8,5,0,Unknown,,false
6858,0x4cbd86cdfda4eaa64fe8a0b5d442f6c03dcdd2da,5,0,Unknown,,false
6859,0x4cba146aa51bf61b9a3797a009d71ba83123e229,5,0,Unknown,,false
6860,0x4caa09c64165e9900a9edf51d03983344428ca6d,5,0,Unknown,,false
6861,0x4ca926bc8f8476c4acd09d77e1a4c5018c274203,5,0,Unknown,,false
6862,0x4c9901bbbe6b8f0a51dcbbdb53147689091e0054,5,0,Unknown,,false
6863,0x4c7d1a433f02efd0af7292387d9c0ad014c02405,5,0,Unknown,,false
6864,0x4c783b2900cb9f34bb00da31a536571e2022774a,5,0,Unknown,,false
6865,0x4c6e04c988a20c62a350de8071a181504b42b08e,5,0,Unknown,,false
6866,0x4c5886a0fa1b07a6ede81c25bdcca708f53aed6c,5,0,Unknown,,false
6867,0x4c51e7fd0fa0917af2fac0f53177fdd7e3a35f6f,5,0,Unknown,,false
6868,0x4c4cab25b616532754fea65b689c6e219d8d2c4c,5,0,Unknown,,false
6869,0x4c46cda5df612a8b6eb129959715c8c944deebb6,5,0,Unknown,,false
6870,0x4c44908ca03d13f08575f0e4227204e974c2d4ed,5,0,Unknown,,false
6871,0x4c3cda6b8fb369b4334eae5b97c94da9ef3c7c25,5,0,Unknown,,false
6872,0x4c2e3f30c27308686a58319b77e89f1a33d90e28,5,0,Unknown,,false
6873,0x4c2b7692fdc8ebe5c8515fb06b91b22ef29e75c9,5,0,Unknown,,false
6874,0x4c2963a664333573ccac3008af2385cb1b1dadf8,5,0,Unknown,,false
6875,0x4c1f33270884952719a90e9b0f0744dd6ef94d62,5,0,Unknown,,false
6876,0x4c1c80a571991e2fdf2d5b3c8af13eff48d53c71,5,0,Unknown,,false
6877,0x4c1747c114d4ce55b1600e3447de323f70c79124,5,0,Unknown,,false
6878,0x4c04c5f2589794dfe24e3c0ff4270ea242a5ef17,5,0,Unknown,,false
6879,0x4bf04da6d20b100ffa35330652525eaba3288252,5,0,Unknown,,false
6880,0x4be96a3825c7628b59872eba291fc4006d49785b,5,0,Unknown,,false
6881,0x4be7a3fde11d868ad5511f653db503d573fb9c5f,5,0,Unknown,,false
6882,0x4be547d7e3e6c9a43818cbed9a175f6631d53acb,5,0,Unknown,,false
6883,0x4bde4e8dcef4d41c2c14383b361a3bb9adc0eae2,5,0,Unknown,,false
6884,0x4bdabe77a82d1e0da985f781f4ea138b0d453d52,5,0,Unknown,,false
6885,0x4bd628ce2b748f4c3299c12a81aa1b41255d8ffc,5,0,Unknown,,false
6886,0x4bc87546dd3b520d1cef159f5fc2182050fcd231,5,0,Unknown,,false
6887,0x4bc485469a3a371639b53c8ef7686fd73379cbf8,5,0,Unknown,,false
6888,0x4bbac37a16a22db2bd8a6556cd5ffcdbf9526614,5,0,Unknown,,false
6889,0x4bb80c2d1022c4ff1c16cd5d1539654c7d7e755d,5,0,Unknown,,false
6890,0x4baf3a5d1c06052ecfffd66012306d62bc2c2b1e,5,0,Unknown,,false
6891,0x4b9da7e9168566ddb5673a979c6f6c891a82943a,5,0,Unknown,,false
6892,0x4b88e7e5763e75d9e7b27ca58423321d7d0b01d4,5,0,Unknown,,false
6893,0x4b769798dbc9fc0fa591d33e8810a99984a19fff,5,0,Unknown,,false
6894,0x4b76234af150f4d1fef010d40540db7d51a4734d,5,0,Unknown,,false
6895,0x4b610238fecf49ad481609ef0e19dbb968af6016,5,0,Unknown,,false
6896,0x4b61016c6c79c8ed78922973720a6057c14e91c5,5,0,Unknown,,false
6897,0x4b5f99457adedcb95afdf54577824b9643755c8c,5,0,Unknown,,false
6898,0x4b5d328d56de46cb0415c44dda8e03d7097d3d69,5,0,Unknown,,false
6899,0x4b564323e2b6491fb2ea4d895e0c5e19fbf4aa77,5,0,Unknown,,false
6900,0x4b3e29b252fb38c5201d836dd100429eda7ebc35,5,0,Unknown,,false
6901,0x4b3ac5fc34ca75359d2b9f37466beb2404aa619c,5,0,Unknown,,false
6902,0x4b3a18fa38698667094087f2e5cdfe7abc6924e6,5,0,Unknown,,false
6903,0x4b39d30550704a71c087fc6f3e13c8a36e837f56,5,0,Unknown,,false
6904,0x4b21e2d37e3a1cc783b7f584c344bcfd888a3328,5,0,Unknown,,false
6905,0x4b11c8e4abb60cdfa1017cbd5cf3fe125ac42350,5,0,Unknown,,false
6906,0x4b0e665a1bc582c67d18561a6098cea76a463527,5,0,Unknown,,false
6907,0x4b0a0efa6d92e60c612d2add549bfb0f4e440e92,5,0,Unknown,,false
6908,0x4b073b81ea4efc7fde698fa6f53d5c8de575e185,5,0,Unknown,,false
6909,0x4af96a281e6fcd28dfeed2879766e26075964ecb,5,0,Unknown,,false
6910,0x4af18df2491460c79b97ef7fe5e27b2664dff910,5,0,Unknown,,false
6911,0x4aec3d073a4d4bdd91ae3a51ef6b7c785ef95638,5,0,Unknown,,false
6912,0x4ae317edd3d77cc55996ad7537dd14b9db1a300d,5,0,Unknown,,false
6913,0x4ad5e02f715f9981f4566d8391b999a64fcfc756,5,0,Unknown,,false
6914,0x4ad5039a331f7d1ae0ece22e2a8ee234498e34e1,5,0,Unknown,,false
6915,0x4ab247a7cea9d33f35bbef6271ab6b9130a7bc63,5,0,Unknown,,false
6916,0x4aa6fe2f1d5d59e088cc91934b78fa78fc92b21c,5,0,Unknown,,false
6917,0x4a83ff71831a238633ac98b6a3a261bb7be9128e,5,0,Unknown,,false
6918,0x4a7918fd0afc9b2d7411116a3cda4e2b19fa6cf1,5,0,Unknown,,false
6919,0x4a716f22eafeb4522fb57691f5087114883070ef,5,0,Unknown,,false
6920,0x4a6f5298736906513b7c8bc89a51ff3ae7fc3303,5,0,Unknown,,false
6921,0x4a5a996b3de7f4713d27ea65ab1d2e4f7181f0f0,5,0,Unknown,,false
6922,0x4a4ebae68f03d4934b07b7e308d8629ce4c93aba,5,0,Unknown,,false
6923,0x4a44cf90f5f11561f30e83e6d913a95431ddc1c0,5,0,Unknown,,false
6924,0x4a111e2263b6c39605f937cccc3a8812ea5daf19,5,0,Unknown,,false
6925,0x4a10a75c53c8df20c809027e4a82a2fe67a54598,5,0,Unknown,,false
6926,0x49f2ad786b4201b65bf314a9486de6595dfffcc4,5,0,Unknown,,false
6927,0x49f28ba044cf3ff65061240657c104f2bd207e21,5,0,Unknown,,false
6928,0x49ca93f4e578cc983ea410ca90104d6b9d73d398,5,0,Unknown,,false
6929,0x49ca58b75dce0685866f2b01862651e75de5fb5e,5,0,Unknown,,false
6930,0x49bf274b5443935a25899d25569feb22436174c1,5,0,Unknown,,false
6931,0x49bd32bf3f6952ff30c493431e93c91164c574dc,5,0,Unknown,,false
6932,0x49bcebd4d248c3706529bbf1afd2e377dac441ca,5,0,Unknown,,false
6933,0x49931d94ca29ba750b44cd9868ec676d0f739f76,5,0,Unknown,,false
6934,0x499247eeed1bc4845db48a3cef19a44c61e93402,5,0,Unknown,,false
6935,0x4991330e8d54f31984c2b4baa030e6b82dbb59d8,5,0,Unknown,,false
6936,0x4987b3615cac2e4e28729f3b732b299396e934d1,5,0,Unknown,,false
6937,0x497de41370787eb94b6b0919351cc02282a8df95,5,0,Unknown,,false
6938,0x4965b5d3ed054350991b65422210751b3c637b17,5,0,Unknown,,false
6939,0x4963382966c03a4fc873ea13e3ff28f0e731282d,5,0,Unknown,,false
6940,0x4962b95aac3dc35d392ab7a4ed12c7db2d260f6d,5,0,Unknown,,false
6941,0x49217845ef5c83caaab00bcc03775d2b5d6e445b,5,0,Unknown,,false
6942,0x4920e70ad207f3521160579324164027ec6561c5,5,0,Unknown,,false
6943,0x491fd4206cf3ccc2f790e206af8990c280fe8cef,5,0,Unknown,,false
6944,0x4912471cd2f8f00d47700f1fa3dd317d8afd9bf7,5,0,Unknown,,false
6945,0x49123cb55210613bce5bdd468a6ec61754e053ec,5,0,Unknown,,false
6946,0x490c798c2d387244250286b5d3bb185a05fa4afe,5,0,Unknown,,false
6947,0x490c3b50d3c12b38e62a4e43ab2115c1324be3ea,5,0,Unknown,,false
6948,0x49098e1e71cf18d43a76c0de96c36fbe24efe43b,5,0,Unknown,,false
6949,0x4902e926f929c76fef9509f4a178671b47204644,5,0,Unknown,,false
6950,0x48f59fd35c853b0cb8b488b4739ad10653a05c7c,5,0,Unknown,,false
6951,0x48ea23eac488369032662b60481679a3ca43928c,5,0,Unknown,,false
6952,0x48d548193547319ef03d71a0727337c59490ef81,5,0,Unknown,,false
6953,0x48d3f637b09708e985a6dffb35669ba43859ae3f,5,0,Unknown,,false
6954,0x48d34e344a21a68fa21aff96a85d830e01ee21f0,5,0,Unknown,,false
6955,0x48cb4fd94189f970a31476d8d6f0ce8ff4fdb9a1,5,0,Unknown,,false
6956,0x48c85fc49c1191589b1f71c63dc9436f47d86972,5,0,Unknown,,false
6957,0x48b2cf473a730c7bc69e85121e2bb00e3c03c8e9,5,0,Unknown,,false
6958,0x48a2d91e34c46cedf8b2eaf215a2d3a31ae18e73,5,0,Unknown,,false
6959,0x48a03a77f9643c773c1e8c1506fb532fa83289ea,5,0,Unknown,,false
6960,0x489b98ec7ad3653fc5d99f0a472badc8099be12b,5,0,Unknown,,false
6961,0x4894cb53f17821088f4e3fa55d38792535b7ab91,5,0,Unknown,,false
6962,0x48928c2f91faf10059d46a7c4d2feaf3909371e0,5,0,Unknown,,false
6963,0x48920d5782516cede1929ad929246684b49542cf,5,0,Unknown,,false
6964,0x4887065ec240e5fffb3e512866b8e602b5b1a68a,5,0,Unknown,,false
6965,0x48865ca9b681bcc6de43fbf64a30916df220431f,5,0,Unknown,,false
6966,0x487a394834513a101aea89e34df8e42d9a23e68b,5,0,Unknown,,false
6967,0x4877f540fde79f2dbea4b70fbdb385219a654990,5,0,Unknown,,false
6968,0x487688f66609bd93bf5ae4bff561575433e0c8d2,5,0,Unknown,,false
6969,0x48699a83eb35bcf1dbe85c6db1cf87ee7fb5fcae,5,0,Unknown,,false
6970,0x486625152ef9e7f561ccc484bce6f6ad2ee15031,5,0,Unknown,,false
6971,0x486171d1d0903c2f9878991fdd5444ae9b969a6f,5,0,Unknown,,false
6972,0x484baba7e19a45e5a6425ba4590a86db83b4af53,5,0,Unknown,,false
6973,0x482f3a4614448f92e46ee36552da0cc61a6517c3,5,0,Unknown,,false
6974,0x482ec9c806e7cecdd56cef3e68db9c7555880ac4,5,0,Unknown,,false
6975,0x4829b928c0e3714b2476fba6d48b48534df840c7,5,0,Unknown,,false
6976,0x482373976b81d222256f1bf0d9101e1f31515efe,5,0,Unknown,,false
6977,0x4822d893ed5231fae2b5843c41f56b177f0aaa34,5,0,Unknown,,false
6978,0x4818976e4047bc6f2ed859531a9c5c3af972004b,5,0,Unknown,,false
6979,0x481810c3a1e9ab6b19a40d761528734baca2146d,5,0,Unknown,,false
6980,0x4811706efb7c815d410289db3270651be826bcc3,5,0,Unknown,,false
6981,0x4800c986fc47758bdf3722a870784a0fad51f703,5,0,Unknown,,false
6982,0x47fd69291d9a0f7b3a5b6827810a27e0208240fb,5,0,Unknown,,false
6983,0x47f003cec6fb4230d8e6075a0c6b3157b5073955,5,0,Unknown,,false
6984,0x47dbb2fa617df6ad4e190cf1b3f08bb2e0ab8838,5,0,Unknown,,false
6985,0x47cdfcdb6a8e812a08d4fb00feb3d61854fa9685,5,0,Unknown,,false
6986,0x47bef880312de13eb88473d9762b839121c36fb2,5,0,Unknown,,false
6987,0x4783f198cffcadfd528cfbad1f7261a6eff7d03b,5,0,Unknown,,false
6988,0x477dfe2eb1d8826af66a77becf40e22db218b088,5,0,Unknown,,false
6989,0x4776332929374bb45a3177943f8fefd596b47e06,5,0,Unknown,,false
6990,0x47681b90106f34273fe8fa76c98875275ee7f568,5,0,Unknown,,false
6991,0x475a4de8ec33db9b30fb920649c0163fe0f0a95c,5,0,Unknown,,false
6992,0x4756299a59aa3513f87d4ae61b62da2c927d2cf6,5,0,Unknown,,false
6993,0x474a14cbac6718b833930b4165d123da324aa3c9,5,0,Unknown,,false
6994,0x4744cdfcabff5b568f339de06ff005e609e385cc,5,0,Unknown,,false
6995,0x474329a1a55ae95a804ca25e2e694ada3e69e933,5,0,Unknown,,false
6996,0x473b7eb08f1d4e1e38ebd5852dc9443a2a9aa66b,5,0,Unknown,,false
6997,0x4734adf12dcfe7c0ec9e0108e178f2b3b8b9be91,5,0,Unknown,,false
6998,0x4733f855dd6c4bbc3dbf63c6ebf36a7c1fff2ba9,5,0,Unknown,,false
6999,0x472f66c9367e2e5060c148ce14f887f5f5f65c03,5,0,Unknown,,false
7000,0x47286cc11eb4d785fdf06e1b0a9bf46fae8898aa,5,0,Unknown,,false
7001,0x471e9839d3f0192935c935f98db71c973548c47f,5,0,Unknown,,false
7002,0x471d5d19755318db170937a66a57201afa3f0f0a,5,0,Unknown,,false
7003,0x471312f27c9e5984e2b3e0848dd564e7f529db0c,5,0,Unknown,,false
7004,0x470fde235d82f2c5e619457ae82012cc541f5947,5,0,Unknown,,false
7005,0x47090bbc1792afc1009e05d91f4c28dfba86f857,5,0,Unknown,,false
7006,0x47088354506a18fd118c6059e833f539b73762c4,5,0,Unknown,,false
7007,0x46e02a4306a04834ecb028562542ed19bdbb0254,5,0,Unknown,,false
7008,0x46de0dc5c110cc7ddc8a93cbbd4a6919a555b839,5,0,Unknown,,false
7009,0x46dd7c8fa3b743cc3e097412e973f289a10ae29e,5,0,Unknown,,false
7010,0x46dcea0c74ceca1570cf58c0f4db1923b63d3a1e,5,0,Unknown,,false
7011,0x46d3215d38586d6621f5dd7572a2cef3fc3a40be,5,0,Unknown,,false
7012,0x46c200f1b53f3a19c7bbb03e51199674d36c713b,5,0,Unknown,,false
7013,0x46b9cb7ec2e3d87bcd51098a9eaa3523367c93a3,5,0,Unknown,,false
7014,0x46b6214181362ecd77a4cdf9d9ef1cc14925c6bd,5,0,Unknown,,false
7015,0x46a63bd2f0227c4ad06b5424108603239559cf3c,5,0,Unknown,,false
7016,0x46a16838fa3a89b2b88d65119e183491fda453c0,5,0,Unknown,,false
7017,0x469e63a22766c85ae327471a8cde807e034b8b90,5,0,Unknown,,false
7018,0x4697718bd6c992347936a66161401daac3b54c39,5,0,Unknown,,false
7019,0x467ffb366634fe9feef817c3450a2a93741a6b9d,5,0,Unknown,,false
7020,0x4676bdb976ffdca3ad435f66a12f9f4afc7e2aa4,5,0,Unknown,,false
7021,0x4672990b6926dce056bb30eb1ab845581466d3b4,5,0,Unknown,,false
7022,0x4668edcec7d3d77682b060890a6abdd200ab57ac,5,0,Unknown,,false
7023,0x4665076f667fb446ff483f41da712f090d53e177,5,0,Unknown,,false
7024,0x465f27e8a5edd6c4ddef9381b925fd02fa6d9957,5,0,Unknown,,false
7025,0x465dd8130981a5c3dd5ff62393bde0bd0e9e7b10,5,0,Unknown,,false
7026,0x46538acd13fa0e98aa2afc998965868ad06428c7,5,0,Unknown,,false
7027,0x4651a8e566cf8aa1232ac10a9bb43176bee12384,5,0,Unknown,,false
7028,0x465001e25802341fa1ea363dda7df0e7eedf74d3,5,0,Unknown,,false
7029,0x463a16a67b1153b1996cc3679382b5db2b9e3242,5,0,Unknown,,false
7030,0x46386836de51d6598739c8e2576b9531ea17a958,5,0,Unknown,,false
7031,0x462ef3d6258bc3ddba672bd8699ac843d4dadc53,5,0,Unknown,,false
7032,0x462a24ec1f66f07c927de52b560da1a36ecc45e9,5,0,Unknown,,false
7033,0x462482de06dbc6dd640007754f17bf54b21ea859,5,0,Unknown,,false
7034,0x4619df9932ebdcbb49058d954b18696a399bd19d,5,0,Unknown,,false
7035,0x460f0d5c9589b0d5c29ea75cc4bf762539c2b157,5,0,Unknown,,false
7036,0x46047f537d006d7953295e1c49fc2e5b89bb4920,5,0,Unknown,,false
7037,0x45fa8ae0d5b8b774af50dd7cfd18d1c73b0497a7,5,0,Unknown,,false
7038,0x45f889f02341a01d32de2dcfca529caeb546fa13,5,0,Unknown,,false
7039,0x45eab21b96bb7cb32602a592de4c51882150e271,5,0,Unknown,,false
7040,0x45da39c74b420a80d123ff909edc0e63eee7fcae,5,0,Unknown,,false
7041,0x45c572a094f4a16af660066599c96176eeebc923,5,0,Unknown,,false
7042,0x45bcb605c6e8f80278eb7459c5db2e3a1b2f2456,5,0,Unknown,,false
7043,0x458f6595780fdb08bba6fefcbf6338a9104d533d,5,0,Unknown,,false
7044,0x458cf85b0fb13821e563954914dd04b639f012e8,5,0,Unknown,,false
7045,0x4583210347f5fff59524208e8bd245904f57e7de,5,0,Unknown,,false
7046,0x45775d511df20856ee975ad9a833246f3e8b5d07,5,0,Unknown,,false
7047,0x4557e27fa0879a4d4ab60ae74f35d34cda0b650e,5,0,Unknown,,false
7048,0x454308a462213ae9b148a1ae5bb54adc732dbc5a,5,0,Unknown,,false
7049,0x4536643baba2259c21b36f8f6e6c4617e4fc0a4b,5,0,Unknown,,false
7050,0x45351a3a8d12b1cb36b7e23c295164dbdcf4f8b3,5,0,Unknown,,false
7051,0x452f0a203653f277be76ef236ee5b8b6458dd25c,5,0,Unknown,,false
7052,0x4512ac8428e38cf3ab58fd8a258d9e8048478281,5,0,Unknown,,false
7053,0x450ee7eb0488cdc55f0bc0a52a0fdbd6b8cad653,5,0,Unknown,,false
7054,0x4508c2ad0f871bb70bee235c50d1bc516519b8d9,5,0,Unknown,,false
7055,0x450316534d0ad69545f5a27a6d676b46ec589337,5,0,Unknown,,false
7056,0x44f4b0cbe19da17a70c114dc1f5d1b445c1fba4d,5,0,Unknown,,false
7057,0x44ef42624999a676ed676c7c6fce3c2c7d932947,5,0,Unknown,,false
7058,0x44eafed3c69e7b151cd33f89ca376b2e72d8b0b7,5,0,Unknown,,false
7059,0x44ddc440590b8a9491c8cedd90df923178c47b82,5,0,Unknown,,false
7060,0x44c416deec16ff2fa5a95c22ec1edb66cbeadc93,5,0,Unknown,,false
7061,0x44b2ea14d213172a9d5c2d0348c402390e3f2fdd,5,0,Unknown,,false
7062,0x44b174fa5c0011257014b191fc379cdd2e7bf705,5,0,Unknown,,false
7063,0x44ae328fecb08fce305f3c0b11b05f71a3230252,5,0,Unknown,,false
7064,0x44a63049fc1c7152399a71d085acd6d7d5cc9304,5,0,Unknown,,false
7065,0x44a4d44fe3bd9f10d92e3a78976257bd36eb2bdb,5,0,Unknown,,false
7066,0x44a2b9af867edda096f5f1cb284ae46a019ff109,5,0,Unknown,,false
7067,0x44a2115b78e2bb3b11ebaee04d76e731dc460666,5,0,Unknown,,false
7068,0x4495ac907319f4a1c283558b10b3eae683dfacd9,5,0,Unknown,,false
7069,0x44917a5fb969e6e7e635610124f3307f860ffd6b,5,0,Unknown,,false
7070,0x448fddb0ffac1372ce10487e5fa9dac42ee8f882,5,0,Unknown,,false
7071,0x44741f309c7f7c5f5ac3d89ed7f7076a16615926,5,0,Unknown,,false
7072,0x44737513cc383429b1d9b5ec4973a4dc815b9579,5,0,Unknown,,false
7073,0x445d47e6350e0fd178a1645283e369fcaaf35d44,5,0,Unknown,,false
7074,0x445a6a6da119260df0de1294cd1df105fb7cb2df,5,0,Unknown,,false
7075,0x445a2b78eb5bcf1852745457bbe043582aa4fc39,5,0,Unknown,,false
7076,0x444d3733cf80ee95e916789459cb1f0b9bcc23b4,5,0,Unknown,,false
7077,0x4443edf70de03bcec8f1a1ff642c9333970ac037,5,0,Unknown,,false
7078,0x4440b99a6d451ba4275722d999948f26ac68a5bf,5,0,Unknown,,false
7079,0x44322f883f78f03e9d7d36109eb7ebcd9e9db0b4,5,0,Unknown,,false
7080,0x44208567c4b64248748e73a8704a432f06917f02,5,0,Unknown,,false
7081,0x441b8fdf16b4a06a0eee8e66ab95f8040c7a8eaa,5,0,Unknown,,false
7082,0x441a1180893b4fe002b593e5bcbae91492da0956,5,0,Unknown,,false
7083,0x440c460916e6b0307fe1e6d00e1de0b2c96f5be6,5,0,Unknown,,false
7084,0x4407d8c0693d0cb771ef9f95016c4f9c72f240af,5,0,Unknown,,false
7085,0x4405bfb29176f8f65b5ed26627eefeb5bce0c77b,5,0,Unknown,,false
7086,0x44039f2607d3f51c197c61b0c1f10ebbd50a7ea1,5,0,Unknown,,false
7087,0x43f9d0c418bcef925357afed508947ba735d36e4,5,0,Unknown,,false
7088,0x43e394d27e5ac73eb720aa6d222e8241443fad15,5,0,Unknown,,false
7089,0x43e321cdf9d8a492671c74d37420305c5224c8a4,5,0,Unknown,,false
7090,0x43a89123ddf390071a3f711434142fc7a0f6a3a8,5,0,Unknown,,false
7091,0x43a75d77ed738cb715c42ffe8fd005190c97d207,5,0,Unknown,,false
7092,0x439ca0e5b40feef15c3774afe37a7f167fb8e519,5,0,Unknown,,false
7093,0x4396986a6ad3f9eee5ed7eb52232ba9769fe05fe,5,0,Unknown,,false
7094,0x4376260f3a2e2c070baf981f0e4904a49b7a004c,5,0,Unknown,,false
7095,0x436ea30789dc5bf99e8ecddbb97a9c144de62494,5,0,Unknown,,false
7096,0x436e9af6a8230316f65b7240f6eb206122f25314,5,0,Unknown,,false
7097,0x43671f5042e2e0a2f7e553918adc3d97f7866171,5,0,Unknown,,false
7098,0x435e6542731ef8a262e4b7fd7bbe40758b2a0d10,5,0,Unknown,,false
7099,0x435de5a67a3a290587c0900a91c8ee2f13bddad5,5,0,Unknown,,false
7100,0x4349574d38fd31414dc4adcdbfcbb88644b73c21,5,0,Unknown,,false
7101,0x43436bf7195275a5441ce73a0756900e91290f73,5,0,Unknown,,false
7102,0x433ea66b3d047bc2a355e8aa0c4176b871f90439,5,0,Unknown,,false
7103,0x433088e5d6c4df6170b0a4a7276c32dc57af4bcd,5,0,Unknown,,false
7104,0x432abd38cba23d0bd4c03ee48941bca817714dab,5,0,Unknown,,false
7105,0x4320959bbd383fbb415dbc2efac574eb557fff6f,5,0,Unknown,,false
7106,0x42f9abd7b12a8244feb5f72faf84cd80f1e81bcf,5,0,Unknown,,false
7107,0x42f83297769a6573c81cb40ec95d542e592fa30a,5,0,Unknown,,false
7108,0x42f7c1e90620b91b6f66a08537273ca42696f6d0,5,0,Unknown,,false
7109,0x42dbee65d747f6258edb18cf9591f4b58866db9d,5,0,Unknown,,false
7110,0x42cdd735aaf23e3dfae8b719b66dfe76f7cfb457,5,0,Unknown,,false
7111,0x42cb2514708088c0691138f640b434d67c7421e6,5,0,Unknown,,false
7112,0x42cac234d681ba3d65aedf6fa68040b94ec6cfdd,5,0,Unknown,,false
7113,0x42a0341d4820969955d97de84ef2ead4214ee420,5,0,Unknown,,false
7114,0x429cc4cb7e0542d7400fa4eb44d1bee74bfcfd38,5,0,Unknown,,false
7115,0x429bb5346a2956cdb98a6728ef029b2e1a70661a,5,0,Unknown,,false
7116,0x429791a0ab76978bb99c5bbfda5729f0dea0c119,5,0,Unknown,,false
7117,0x42956a706e2ed2fe8bc184a883a91507aef7459d,5,0,Unknown,,false
7118,0x4284b0d52f31a1725686eda2bc5a61e70ea35606,5,0,Unknown,,false
7119,0x427525bd24c7f82d7b9dbe8cf0b8be71df283b95,5,0,Unknown,,false
7120,0x427152cedb713b53d078a06a94af9c0a44a5c3f2,5,0,Unknown,,false
7121,0x4265b53810cf4e9b1fe6cfd626a6fbf014d7fe61,5,0,Unknown,,false
7122,0x4263d8688d0fe3bbd494effe0153c278a4f9b1c5,5,0,Unknown,,false
7123,0x425c68eaaf690aebb6e0380e8020f9fbc40229d2,5,0,Unknown,,false
7124,0x4258f708c654c85bddb664f9387a085386393c0b,5,0,Unknown,,false
7125,0x424fb368238061d56eeab0539df46dabc8330213,5,0,Unknown,,false
7126,0x4249d93f96ba49cac5b06ae6448b15b7fca92c90,5,0,Unknown,,false
7127,0x4249301aa8ea989e999c390015bcfb21c042ef35,5,0,Unknown,,false
7128,0x424483ba51debfa7eaabb26636ecb087f88c9f84,5,0,Unknown,,false
7129,0x4229d8c141b61fd4118d24076a840b483b25739f,5,0,Unknown,,false
7130,0x4227d79c183ac37a89ed8fe99e6bb5a34e3eb6bc,5,0,Unknown,,false
7131,0x421fddecf5918a20b592674e58e0461583da6588,5,0,Unknown,,false
7132,0x421f38577fde76ebf6054b84d6485a6e96988c3f,5,0,Unknown,,false
7133,0x421ba4d746752b00d05ab7da5cd1046c1790452a,5,0,Unknown,,false
7134,0x41f7cd0ac202b4b194d6741a26d49c4d553bbfe4,5,0,Unknown,,false
7135,0x41b8e6672651bf8c55981ca72d3bb505c4a4fdb1,5,0,Unknown,,false
7136,0x41aff8b002c0c1ab15f0e2c27729d2a3cae8181e,5,0,Unknown,,false
7137,0x41a851408161f8448bef12f8d42f743035caf75a,5,0,Unknown,,false
7138,0x4197eb9cdc1abd3531cdfafd53bbefd626ed3406,5,0,Unknown,,false
7139,0x41956aaf921b81530272fb5e71b088000c98d22c,5,0,Unknown,,false
7140,0x4194d52e1307c3cac6a221413f428e59d22a154a,5,0,Unknown,,false
7141,0x418de83385297510433b8af8ad5c354400a91dc5,5,0,Unknown,,false
7142,0x418a27664b41395936158d603a313258bcb0f93e,5,0,Unknown,,false
7143,0x4188f7e63d3a211282c2c295f9b69fa6328ff3d2,5,0,Unknown,,false
7144,0x4186b13524af1bda2a722551d41fff5ed51a1793,5,0,Unknown,,false
7145,0x41623931347822fff2330ba495fddba323af4623,5,0,Unknown,,false
7146,0x415f04347032037617ecd9f09a997559d05a8466,5,0,Unknown,,false
7147,0x415e5d77a580b2f4dfe71a20498036db9b8774dc,5,0,Unknown,,false
7148,0x4159348b0b6045bc21c0e5ce3d1eaebe003644a3,5,0,Unknown,,false
7149,0x414414c0a5fb6f700bda036030c90531b9bc6256,5,0,Unknown,,false
7150,0x4134eed8f6ff9f91fb37ea938850c96622cdc88f,5,0,Unknown,,false
7151,0x412afa3f0ae89306f56bc8291cc71a2dcfa20dc9,5,0,Unknown,,false
7152,0x4129778618683ed4addb686f04b57b6ac07c55da,5,0,Unknown,,false
7153,0x41227a4ee03c18f1c47006f59ec6ec27dca8b39f,5,0,Unknown,,false
7154,0x411c25ac3986ceda29157547d364af524377b040,5,0,Unknown,,false
7155,0x411076333e3fba66f0a5a547956a44e0b1c88c83,5,0,Unknown,,false
7156,0x4105bb62a549dd6d3e33df57da0c1ab1ba825907,5,0,Unknown,,false
7157,0x4105b681f2e9c8b0e57039100978600251a05a4d,5,0,Unknown,,false
7158,0x41020616c7d95b64ad59a5840a57a5e5ab0318a9,5,0,Unknown,,false
7159,0x40ee0e1caf735eb25df1b5f57225e97f7a5868d8,5,0,Unknown,,false
7160,0x40ebd6a77f1bf7440bdce1261b3cac7e1be00864,5,0,Unknown,,false
7161,0x40e8cf0bf33d035e190c4b27f79b03daa766657d,5,0,Unknown,,false
7162,0x40e3e12b3c3deab95f6582b5a0fc7c4159cac989,5,0,Unknown,,false
7163,0x40cdb73fd8e598b53048307ef63a78191935bdae,5,0,Unknown,,false
7164,0x40bf6a47846ceb115fb87c615123716427cab0d9,5,0,Unknown,,false
7165,0x40bf4b5e6662dba5cef417927c2a0f7564520e29,5,0,Unknown,,false
7166,0x40bebf33badd6f5c8fffc0dfcde4fe2a34ddcb79,5,0,Unknown,,false
7167,0x409f57bae2f4d586bd9c15279fd5804ca9b3cf27,5,0,Unknown,,false
7168,0x4095a64e39603095828d637c2ec08d9c490c7f30,5,0,Unknown,,false
7169,0x4081ca7944816fe6c11b9a3906fd83f4fddbb63d,5,0,Unknown,,false
7170,0x406c82a4f71f4116fdeed57f1560808886e981f4,5,0,Unknown,,false
7171,0x4065a46d2e5305f7ce672a8122a2ff2cbd551305,5,0,Unknown,,false
7172,0x404d9107bc63f057ea4d7ebbf4dd0503ceeda3ff,5,0,Unknown,,false
7173,0x404941ca771a9c9a2cb3d3971a1f58732779e44e,5,0,Unknown,,false
7174,0x403dc985ed74d8053475b05b53e0fcb4cc4d7273,5,0,Unknown,,false
7175,0x403c67a894414353abb16d9dcc564d153e3fa5b1,5,0,Unknown,,false
7176,0x40323ba5532cc712f8fb9ad88bea41599b722488,5,0,Unknown,,false
7177,0x4012937619496edf135a31f00a4439490147874b,5,0,Unknown,,false
7178,0x400d12174b1a6106053bce799d96698a5d61d75a,5,0,Unknown,,false
7179,0x3ffadfc47d6e3c858edd5fe2238575c8ce4cebc9,5,0,Unknown,,false
7180,0x3ff9fcbdcc1482942111b9b195468c1c4792fd12,5,0,Unknown,,false
7181,0x3ff93d4874427d3025a04b3d505bd217d907011e,5,0,Unknown,,false
7182,0x3ff4f90768641cd911f8b00ed43a8736cf087c1e,5,0,Unknown,,false
7183,0x3fedbd853bc5a369e7dd5bbee8da250c31eb27c9,5,0,Unknown,,false
7184,0x3fcc60933651ef6ab2912358ffa54d6a57140ff4,5,0,Unknown,,false
7185,0x3fc3f8615d81d09674afbbb5b995883d650a5966,5,0,Unknown,,false
7186,0x3fbb3473624a35e8d7379a57a50d65188ea0fd19,5,0,Unknown,,false
7187,0x3fa80a7f964cb0c37e6ce5da1ab6c1b8e5c54a36,5,0,Unknown,,false
7188,0x3f8b8835c9a7f2bccf4071e45a9df0de3bbe50aa,5,0,Unknown,,false
7189,0x3f89262829e5946b125b1f7bab3d7a843a10f738,5,0,Unknown,,false
7190,0x3f7c883b2414254a48ccad03b898fda055bfca72,5,0,Unknown,,false
7191,0x3f7a18396c1f344f85280a94a783f11371992351,5,0,Unknown,,false
7192,0x3f6e489a53afcbbacb90edf56eac0066edff7baa,5,0,Unknown,,false
7193,0x3f6d9359358bbe121eca8fe46f17aa7d13561c13,5,0,Unknown,,false
7194,0x3f6960a794c61fd448e3a8c565fd0cf09559e567,5,0,Unknown,,false
7195,0x3f64aa06ddca4dd641c20bd9a8a3f50f9e9e68e2,5,0,Unknown,,false
7196,0x3f5c6b77b0249d6dcf77c37336ea25ae06b6cddc,5,0,Unknown,,false
7197,0x3f3f648c35441ba728ceaebef91dd6f41efce140,5,0,Unknown,,false
7198,0x3f3b9fdeb9c032d6cb5574bcb75502935975b173,5,0,Unknown,,false
7199,0x3f357e594da717a3ee815260700790bf6f92e097,5,0,Unknown,,false
7200,0x3f311f3831ad7893d6c32d5f447a0b1cc0d201f6,5,0,Unknown,,false
7201,0x3f2f80e97f350d023ca66f1ffaabfc0190eda562,5,0,Unknown,,false
7202,0x3f28f2d26eead7a82384a2dc0664f66ce27fa514,5,0,Unknown,,false
7203,0x3f23f1d2e6b6f66c65ace1ed7093eb6a6d5305eb,5,0,Unknown,,false
7204,0x3f1765b46ae28d8c73c638a339723640d122e9ea,5,0,Unknown,,false
7205,0x3f12fce38014ab6df0021fbd715b695c83c2a8f8,5,0,Unknown,,false
7206,0x3f1286a86ea94e0d1c7315fd8254310d76dbb9a8,5,0,Unknown,,false
7207,0x3efb463f8503ba9dee74a01496938c742e514c6e,5,0,Unknown,,false
7208,0x3ef8bd90974b131038242ac1a15b9bc5506438aa,5,0,Unknown,,false
7209,0x3eef42c133c99a189696120f7bef3e6e058a8244,5,0,Unknown,,false
7210,0x3ee11e132d0c539d862af13215b666e567b83678,5,0,Unknown,,false
7211,0x3ecc592a46fe9009d0bea89eddd7d9d59225f1f5,5,0,Unknown,,false
7212,0x3eca874003575b555fe9e90f23bac5e5de3e1333,5,0,Unknown,,false
7213,0x3ebdc4d18f852f53b9194e66e170e0bfd201db87,5,0,Unknown,,false
7214,0x3eb59ca17d747d770498fa6e7397af46254be959,5,0,Unknown,,false
7215,0x3eb25a46fbc21aca09056856ede0f5a92ac081bc,5,0,Unknown,,false
7216,0x3eaa1ece32c53b2edbe9eee0dbaf1bea822403ce,5,0,Unknown,,false
7217,0x3ea119a2693d5316e1734772119875ad7ffa43a7,5,0,Unknown,,false
7218,0x3e9e3210f8e1d70fde79ec1c0b586082ab524b58,5,0,Unknown,,false
7219,0x3e9ca8106b7e8d5e8cd16184ececb332fbc9743d,5,0,Unknown,,false
7220,0x3e99e28de9f9c24b6f4fb6395a86ce885d057866,5,0,Unknown,,false
7221,0x3e907fd46e841aff8590f1412b0fe2f678c1ad51,5,0,Unknown,,false
7222,0x3e830c6eacc18525088ffa3068b8352c30e9874b,5,0,Unknown,,false
7223,0x3e6f37235a1c23f91a5edd6b4d2a552f830b76c4,5,0,Unknown,,false
7224,0x3e5d2226795234b3dfab31b2a987f7e16f181c76,5,0,Unknown,,false
7225,0x3e54915d67830886aec1e1008b065ac39f061879,5,0,Unknown,,false
7226,0x3e530c2bdbf248ce343356f5326edf8631f0775c,5,0,Unknown,,false
7227,0x3e46d18f0a3fb1c0f6caef05c8b6a3b0cdb64ee1,5,0,Unknown,,false
7228,0x3e0f97cbfaddba111e94d249c3a8f5b54cb2e69c,5,0,Unknown,,false
7229,0x3e0d997d1c7a032b82ec29d56a43b8aed105e9e4,5,0,Unknown,,false
7230,0x3e01b079c4ab3fc90fe433eeefb334a6e2d0c269,5,0,Unknown,,false
7231,0x3de11876cb4b379e22e22ef7c917b94a6478a0bf,5,0,Unknown,,false
7232,0x3dd3f7bd2ca442493241b9711e6b95db624f614b,5,0,Unknown,,false
7233,0x3dd27d90ae0409121189ba76641c6e2ad7d4b457,5,0,Unknown,,false
7234,0x3dd2380dfc48b631783c632e58a1b53c38ea5a3b,5,0,Unknown,,false
7235,0x3db4712aa910a4f4efc2fbf48ff8fcc97e50c859,5,0,Unknown,,false
7236,0x3dae5985638c745acc173786f1b649cbf80fb25a,5,0,Unknown,,false
7237,0x3d9a74790fe902279740227113b7fc46e033c073,5,0,Unknown,,false
7238,0x3d804a3ac5606a26580561fb3f711d6f4bcbec59,5,0,Unknown,,false
7239,0x3d5f719fb1269b5d87adb128087bf0c77ae483e0,5,0,Unknown,,false
7240,0x3d5e50dda3801e1fd991ab1140f19362b00b5938,5,0,Unknown,,false
7241,0x3d5c44cea4bde0a596d8b081636329297eaa2329,5,0,Unknown,,false
7242,0x3d59c217d6fccbf791bbe87645d780dcb036d1a6,5,0,Unknown,,false
7243,0x3d566d4cd712d49a6299c740ebd2f64e9ab4109e,5,0,Unknown,,false
7244,0x3d55819aa0079f9eb4d98efc482629ab060046df,5,0,Unknown,,false
7245,0x3d514512481a37b7783aa8c9dccccfdecbb3446b,5,0,Unknown,,false
7246,0x3d4c484849c18ffd517d7427f72c7688eb551316,5,0,Unknown,,false
7247,0x3d48f2ce751418aa400e2846c26153fd0698d6e0,5,0,Unknown,,false
7248,0x3d449e63f5f3fe6a5fb4e9a3285b7c02eb39a50f,5,0,Unknown,,false
7249,0x3d3f4cbcb240206e121ef3087de882cf8ea64049,5,0,Unknown,,false
7250,0x3d3c682fe06fb05de867d79b628d29e8ac683ae8,5,0,Unknown,,false
7251,0x3d39d505f3cfb56eddfaef83791388d4bdfb7a21,5,0,Unknown,,false
7252,0x3d30d241d7acedbd6ffb84e884bc63339411dd81,5,0,Unknown,,false
7253,0x3d252722a5acbd06cb4567be79dc3f9314f4354d,5,0,Unknown,,false
7254,0x3d15b605e93fbe920ff16d64323bc6343152911f,5,0,Unknown,,false
7255,0x3d0d031f1f80647ad95e3271aba68c0b812039d4,5,0,Unknown,,false
7256,0x3cf88a3b6f64a65c139a7d7f2173d934072c2fdd,5,0,Unknown,,false
7257,0x3cf83ba0992b1af34aeae26e72826abca8054179,5,0,Unknown,,false
7258,0x3cf054d342cbca47ffca9a63b8310b3ae5142b82,5,0,Unknown,,false
7259,0x3ceb6b26a79319b5a307ed7ca6a04b068fda4974,5,0,Unknown,,false
7260,0x3ce90bd8f3bdee330a824538413ac34f16b1a900,5,0,Unknown,,false
7261,0x3ce886d69907883b877b7e6a99d04bee37419cac,5,0,Unknown,,false
7262,0x3cd1ac3182d421c2102b115b4bb906ecaef0391c,5,0,Unknown,,false
7263,0x3cc8b9ea94086201377e7ecaa4f55b2dc176504c,5,0,Unknown,,false
7264,0x3cb2885e995bac2bbdb789d144daedca505d3c07,5,0,Unknown,,false
7265,0x3caa36c04fcd179ecbd6d79700a270326ffb7fef,5,0,Unknown,,false
7266,0x3ca70c865527d89ba20c5ef37f72880d35f0ba2c,5,0,Unknown,,false
7267,0x3ca12322b9f6fd9b300d6b25f0fe2667919fd2d9,5,0,Unknown,,false
7268,0x3c9a4cee608594bd47128b6b74d95c1a742c31df,5,0,Unknown,,false
7269,0x3c8a4014809dd954bb984b843b6f0042913b280a,5,0,Unknown,,false
7270,0x3c8000f7d6c95e8e5cee862252f649e3e8eec709,5,0,Unknown,,false
7271,0x3c6005e0c58811be4ab47fd9844fb7240b1272f0,5,0,Unknown,,false
7272,0x3c5dcb943980e539ed3d51fa999629b8e9ff22dd,5,0,Unknown,,false
7273,0x3c4ca6a0f3ae4c1054ee84a5b3dcac9b640fd605,5,0,Unknown,,false
7274,0x3c48333ea3ae8f093bef7e390607ccc9cad70c3e,5,0,Unknown,,false
7275,0x3c45e332fcb381672ea47a1fc48ee065576a8933,5,0,Unknown,,false
7276,0x3c422bc82b70eb98e1a221bcf506af37b5fabff7,5,0,Unknown,,false
7277,0x3c3c4c759033836112968508420317912643ed77,5,0,Unknown,,false
7278,0x3c3a13bf318a446fcc803384529d607e41524884,5,0,Unknown,,false
7279,0x3c3432addc4a403a64398e6e22a33562b664eadb,5,0,Unknown,,false
7280,0x3c3225758dd64d3119082a165f28b2916b30cfb7,5,0,Unknown,,false
7281,0x3c23631b77a0f4e35b5c360b10b96c8a85e9589d,5,0,Unknown,,false
7282,0x3c1249ea57ce75a1d529dadccfdef83f45fccd23,5,0,Unknown,,false
7283,0x3bf1aa7f6a62e4d8332e4ea6feb32de8764f2c6c,5,0,Unknown,,false
7284,0x3bea0a5504ceb26e249cc95f7c2ebe30f08352e0,5,0,Unknown,,false
7285,0x3be8e5b4edc325bb48aa0e5d1780b06fecc7bcf7,5,0,Unknown,,false
7286,0x3be84d25c2d5b03d3d89f45a8e71ca3113e061a0,5,0,Unknown,,false
7287,0x3be746fa22fdd75b042c0a0525bf588695e689e4,5,0,Unknown,,false
7288,0x3be1229fea723594714499ca047fc7301decf587,5,0,Unknown,,false
7289,0x3bdf56ab87072e46cf76dea430b2a64eb99be40a,5,0,Unknown,,false
7290,0x3bd4676bc2157524636ed87e6c4a37a44f4f31af,5,0,Unknown,,false
7291,0x3bd161183b5092bf13ef3c167e316374a8b11b83,5,0,Unknown,,false
7292,0x3bca82d09aec2175c166f03e32d4ef7a8ead3c52,5,0,Unknown,,false
7293,0x3bc275427159d32e0d45ebb4e4e7df054854d118,5,0,Unknown,,false
7294,0x3bbf551bc79974d89c23b4057f14b9da37dcd2a6,5,0,Unknown,,false
7295,0x3bb69bd98552c98921520ab64827f53fc2376b2f,5,0,Unknown,,false
7296,0x3bb04441d4e3704d54634c1bd3c57454daee4b3c,5,0,Unknown,,false
7297,0x3ba50a80597cfb02ac47b6065aedc68f503bfad2,5,0,Unknown,,false
7298,0x3ba037c47d8dfcf8a0c75492588f6ca40ce0c0fa,5,0,Unknown,,false
7299,0x3b9c35fdebf6c28e8a622b19a86c7eedc31d5247,5,0,Unknown,,false
7300,0x3b8cf6802e16a685115795e5facac5db91ede6b7,5,0,Unknown,,false
7301,0x3b82020dd56ddd55e043ca06c13095c913336166,5,0,Unknown,,false
7302,0x3b76b91ca06c4ad05587bacf02c136d1a62e00a5,5,0,Unknown,,false
7303,0x3b7522412d49176a70fb79e8ebc1e019ae2898ff,5,0,Unknown,,false
7304,0x3b6a17faa54c52de035311880e029203abc9842d,5,0,Unknown,,false
7305,0x3b68f5a5da202bbbf712132618408c74382ef0f4,5,0,Unknown,,false
7306,0x3b6111cffaf7600e01ff27c25b4017398b44a0ca,5,0,Unknown,,false
7307,0x3b55a723202d950532b9f98d53feff5d3e468fca,5,0,Unknown,,false
7308,0x3b387646022ef69c55ce6ed0d4a2a25003ba2cc9,5,0,Unknown,,false
7309,0x3b291785f17b71b8998477af26f285554612d5f4,5,0,Unknown,,false
7310,0x3b1c3c700b488262fa1a9fcca0362e8bf905867a,5,0,Unknown,,false
7311,0x3b1a217db2ba8fa66f67b4e9d9132e326ca27711,5,0,Unknown,,false
7312,0x3b1a0a6bea0a9b974bced8105bdcab92b1632543,5,0,Unknown,,false
7313,0x3b0d699d183802988c552ddc988aa9c86f4341c5,5,0,Unknown,,false
7314,0x3b0c61485f0d9e768128d4c6867a3d82fe19454d,5,0,Unknown,,false
7315,0x3b0615bbafbd8fc3cae121323a2929b50e67af71,5,0,Unknown,,false
7316,0x3aec44c070f1934584a60dec41faf66f8e23b459,5,0,Unknown,,false
7317,0x3ad753e876b35dde7c0cf0c883c744484688025f,5,0,Unknown,,false
7318,0x3ad6cda65ddba8ae145e047a1cb94d4b38350800,5,0,Unknown,,false
7319,0x3ad2aa7b9c04ed15aa6ca25a07e3b9cc20acbeca,5,0,Unknown,,false
7320,0x3acf32ee111ad8475549d33c988c58c16ae23087,5,0,Unknown,,false
7321,0x3acda044fa74f80ade5c8810b851c7977cc78867,5,0,Unknown,,false
7322,0x3ab5d7233340be9a33de1dce9c7016585ee4bdf0,5,0,Unknown,,false
7323,0x3ab46a4dcccf3f62e7a547fd1afacb4377b6cc01,5,0,Unknown,,false
7324,0x3aa2c05199fd4998f572b1459f9aa1b167ee2c59,5,0,Unknown,,false
7325,0x3a9b895d1ea8651b2e33624bc87adc5ce44f9e66,5,0,Unknown,,false
7326,0x3a92e37130b45d4d7e8d822a620647549ba7d601,5,0,Unknown,,false
7327,0x3a922b6312a2808ec9d744f83f38f9f1f9f33997,5,0,Unknown,,false
7328,0x3a7e07c6a16cfe8c71c3571bdbe208245806e4ae,5,0,Unknown,,false
7329,0x3a75d18e66c423c2fe9a2b582d76ba994656a8ba,5,0,Unknown,,false
7330,0x3a5350795eca44d27529cd12f4e9ccf1f6d6dca1,5,0,Unknown,,false
7331,0x3a52566cb79f7b58633d0276c8e4a4ff5d22cf3f,5,0,Unknown,,false
7332,0x3a472627e5cebcca2dcaaba47a94c23a1e94e90b,5,0,Unknown,,false
7333,0x3a448e9b85994bdf6363e41d243891cd8bb7d99f,5,0,Unknown,,false
7334,0x3a38c31121a5968e0020df2043e59f062c9a7748,5,0,Unknown,,false
7335,0x3a3756e869f515692c108a7a3a91bf43036c5f40,5,0,Unknown,,false
7336,0x3a213d733df08f784d29ad241dd1e76dee96f1f9,5,0,Unknown,,false
7337,0x3a1d382c752d68938208cb31a8faaf9a99e32162,5,0,Unknown,,false
7338,0x3a1770ac95e196dc5d7ff59ee635b6b0029dd85e,5,0,Unknown,,false
7339,0x3a0fd177fd89fef1e4933a2897c80f07e382ab53,5,0,Unknown,,false
7340,0x3a07a39fa16f6388088d3ebb77ee4b138255b326,5,0,Unknown,,false
7341,0x3a03977a5c71db9ff10e4c5833dcbca6a0607092,5,0,Unknown,,false
7342,0x3a033f1de9f004a26673d09bb3d5800ea21c9024,5,0,Unknown,,false
7343,0x39fd3d562921d404d2bd1f32061db8aed8dc6bdb,5,0,Unknown,,false
7344,0x39fbdb95d3fed1c20b2d5a2296f0c067f0efb8af,5,0,Unknown,,false
7345,0x39f2cbeee81158e167c36e8dc0a588a24bd82dba,5,0,Unknown,,false
7346,0x39e995fc69aa96896fa6cb2aab10e9016911b453,5,0,Unknown,,false
7347,0x39e44f10ce66d04102fd4da01f3edaff4fabee2a,5,0,Unknown,,false
7348,0x39e431b1a1d2e5a7920e83a95ce50990889dc094,5,0,Unknown,,false
7349,0x39e1a34aa6ddddefb88dbb70faafab6ae0ed480a,5,0,Unknown,,false
7350,0x39db601eff5db03628a509e6dd936e1c1080114e,5,0,Unknown,,false
7351,0x39d004e44c5aa3d4c79360893a4ffb5e05686029,5,0,Unknown,,false
7352,0x39b5db6cdbb0f7cfd34eaf5358ba48baf6f82536,5,0,Unknown,,false
7353,0x39adc1dc6991adae999ad5d1b68b2cf4885baf65,5,0,Unknown,,false
7354,0x39a2c3c2507ad2a64c13f2802d93c688265df0dc,5,0,Unknown,,false
7355,0x399f2ba1c64f3320b0c01f5e8249d978c3c700df,5,0,Unknown,,false
7356,0x399e853d02c84e2e24cd0e92bdcaebeab72b6226,5,0,Unknown,,false
7357,0x398eecb933a5d1898effea65d06b12d4909bbd45,5,0,Unknown,,false
7358,0x398e3355d065d088208eaa69cc9180dfe5184bea,5,0,Unknown,,false
7359,0x398a267c245244b7a5d5bbcdb5058cdfc30cdeb6,5,0,Unknown,,false
7360,0x397d49a1bfe062d1bed8f7677cdc6c54ac24c9c6,5,0,Unknown,,false
7361,0x397334365de27f1c621121d0a1ade9c42913c4a8,5,0,Unknown,,false
7362,0x396eba7c8d140b4bb35b64fe03494b0c1111c05c,5,0,Unknown,,false
7363,0x39618ccf7a92b4ea7f00dd1f6c7b3852d18811db,5,0,Unknown,,false
7364,0x395309c508510b6d473a230d71daaa62f8ac7b74,5,0,Unknown,,false
7365,0x3950b165716f4d8d2e6968570edc698611b6da8e,5,0,Unknown,,false
7366,0x394f4495a055e73dfaa103e0273031b5910c75be,5,0,Unknown,,false
7367,0x3948bec237f8c379b8693b5e1043bd1200d73de7,5,0,Unknown,,false
7368,0x394434555143b7a80331a7c1ad0a142d3a36be59,5,0,Unknown,,false
7369,0x393a7c35feabf1666942fbe03c747acf265dd5e4,5,0,Unknown,,false
7370,0x39320fa9cbde756211bfdc6747120af9569b4066,5,0,Unknown,,false
7371,0x3925bb081eb795ef385acbd968a9140e5f01fa08,5,0,Unknown,,false
7372,0x392274fd91f7f17167008e28b17bd4998d607ddf,5,0,Unknown,,false
7373,0x3914f448008e800f9d2a6e8453ff1876ae5cb448,5,0,Unknown,,false
7374,0x391130673a4b84c30d4b031c5f7a9ae690f3180a,5,0,Unknown,,false
7375,0x390ed206005a7b0aeca22f09c54a38ded5a85e9a,5,0,Unknown,,false
7376,0x38ff59c173e5d6d43dd553824ad901c455748ee7,5,0,Unknown,,false
7377,0x38fc50d8c6c0ab631dadd646f6401a829dc68ee7,5,0,Unknown,,false
7378,0x38f80e1399b4056d100ae7edc30c7eef6d7f1a8d,5,0,Unknown,,false
7379,0x38f50f523dd8c7305c1cd0f7fd19cbc8e4d8df6a,5,0,Unknown,,false
7380,0x38f46a930c23b9902888ad9d31b0a520aff91191,5,0,Unknown,,false
7381,0x38f3dd7f032b9956e65a16961e0d0b44554fa576,5,0,Unknown,,false
7382,0x38e42585e3ea5ebf8b9737b7ee21cab815e457c2,5,0,Unknown,,false
7383,0x38e2b9377ccf4417c4f2f2eb5e0cb8c2b682b855,5,0,Unknown,,false
7384,0x38cde39b0e024d001d8f555c40f3023538b34edb,5,0,Unknown,,false
7385,0x38c8375015a8c3fc6d657a973a21d2f6c733c819,5,0,Unknown,,false
7386,0x38c354f8a0316aa4c7ef80fb05f7d6d043f90cf5,5,0,Unknown,,false
7387,0x38c324a8904fa3160cfd97bd84ae1318168e2928,5,0,Unknown,,false
7388,0x38c0058648d12b3012368b8d192e68b2453b1a96,5,0,Unknown,,false
7389,0x38b43e7c1395e5672f145db6d78422eab3898d5a,5,0,Unknown,,false
7390,0x38a1040c49ee5d33101bf5711a9b2e0435507882,5,0,Unknown,,false
7391,0x38a01c8ca7998467475ceb814fe273c027e3de5a,5,0,Unknown,,false
7392,0x389619c59e47d780965ca57cd895eca27f570158,5,0,Unknown,,false
7393,0x388b8ac1ab53040557dad268fd7488719179f4f7,5,0,Unknown,,false
7394,0x38858807afd1ef5f44b5edc92a284fbb717c2e05,5,0,Unknown,,false
7395,0x38804ebb0a70d4b18171a6be4cf68271cebeb596,5,0,Unknown,,false
7396,0x3879aa49a4651bfacf5899a6a7f5c6d8c80bf146,5,0,Unknown,,false
7397,0x3874a5b33f484016f63c205fb66c750bd761b0d2,5,0,Unknown,,false
7398,0x386efc4f2a5d07e5a4d631954ef3bb2533d98961,5,0,Unknown,,false
7399,0x3860bd7ba6ea161eafa62ea461123a53bee64488,5,0,Unknown,,false
7400,0x38582eed7f0ea118c00af304fe7c5f70be6a169a,5,0,Unknown,,false
7401,0x384aed4300aa5416c0e2caf9eb04722c45f83f1e,5,0,Unknown,,false
7402,0x3841e7bf4b357b301660dc884c9a30ac63aaa737,5,0,Unknown,,false
7403,0x384105b46d1ac1e93bf1bebf2405abbdc2d2e097,5,0,Unknown,,false
7404,0x383f8192f89d67f893564ab70399b83a03ee39ef,5,0,Unknown,,false
7405,0x3839b855080f1cd21e5f1580e3e1b41fe5234a64,5,0,Unknown,,false
7406,0x38377bd0e970a4bd5f5f86e7491e6655c547dd92,5,0,Unknown,,false
7407,0x382c9284f45bde0ad8163b1a1f5233573af2be8d,5,0,Unknown,,false
7408,0x38288e776141973ab91bab54376db8686c4b735f,5,0,Unknown,,false
7409,0x3820191caa04fabe21c029e29554743b08b02496,5,0,Unknown,,false
7410,0x3808d38d867ac76c874a552ab2b60e572ceace72,5,0,Unknown,,false
7411,0x3804d7bdfd79678ef5415de997bd316a75f0f78a,5,0,Unknown,,false
7412,0x38020863ebcfd6b194b916469d9cd551d4cad726,5,0,Unknown,,false
7413,0x37fc0b4c1f3addace6da94ae02812e313cd5fb60,5,0,Unknown,,false
7414,0x37fb4e84a293ac4008bec44f40db4cb1ebb776eb,5,0,Unknown,,false
7415,0x37f80ff30c1cbe23753ed3dd12c67c9c179be3a8,5,0,Unknown,,false
7416,0x37e7db1627983e43eb70e4af93e8a68e3fa51a09,5,0,Unknown,,false
7417,0x37e263932b75bea16658b7b2d8a3ea1af14866be,5,0,Unknown,,false
7418,0x37d902fa0d8b3731c233d9db5b614a38dce921e9,5,0,Unknown,,false
7419,0x37d8bf2640984843c0022c735458eb49d5725814,5,0,Unknown,,false
7420,0x37d3829bd2d7d0387576e123e3cb95cf6d5c5067,5,0,Unknown,,false
7421,0x37d32f603822a47d06ac234dcd3e05dbf7b749b8,5,0,Unknown,,false
7422,0x37c7e29d984ef1ec079976efde5ccf5962eb0ebe,5,0,Unknown,,false
7423,0x37c776e8692b28ed60cef25e18dfaf83beb8dd3f,5,0,Unknown,,false
7424,0x37c320f9b85cbf3b809f3cf33ec490ce8ce615a9,5,0,Unknown,,false
7425,0x37b26a92e1d78ba5d46bfa432427ca0425bdaabf,5,0,Unknown,,false
7426,0x3792f3adc95a921c4c91d94f47904a255ea2520e,5,0,Unknown,,false
7427,0x37851255f28a47077010e8034eed408b2234fdc1,5,0,Unknown,,false
7428,0x3774f60652236ae2c59834593ccaa8fc5b2103a2,5,0,Unknown,,false
7429,0x37673ca7074b6d83d3cd7fe73e5eab1b6f06c43b,5,0,Unknown,,false
7430,0x375b9d934fca282c78fba49ed3603b5164e263b2,5,0,Unknown,,false
7431,0x375322cc225d9142e95e62b8725d6dc515bb5fdf,5,0,Unknown,,false
7432,0x37474c3647193bf13f07db9943513703c8cda21b,5,0,Unknown,,false
7433,0x3743d0e5b016f095928070767ec28bb9238418a1,5,0,Unknown,,false
7434,0x373eee35d0c2582d08d174eece493ea7faebdc23,5,0,Unknown,,false
7435,0x373cd9926944c216fb954eae16faa6f18d0b453e,5,0,Unknown,,false
7436,0x373790fea9c47d6ae97ee62652dedb39136a3d94,5,0,Unknown,,false
7437,0x3736fbb8d8fac80e3de90a90846de02c90003a27,5,0,Unknown,,false
7438,0x3729d40e37cd78c50e7ed2fcce40abe27050ff85,5,0,Unknown,,false
7439,0x37275226677732ba3fcbc9be8ac77241a97a3926,5,0,Unknown,,false
7440,0x370e5807f442f348521ed29b02c34241a03d72ec,5,0,Unknown,,false
7441,0x36fe1a3b1fce91a4b2d13df91e2d2102aab32151,5,0,Unknown,,false
7442,0x36f7e85331ae014899d8bce916e0beeba0983667,5,0,Unknown,,false
7443,0x36f6ff28902db97bb922a260ee428ed9eb8d6877,5,0,Unknown,,false
7444,0x36f1f5007c1a2d8c8d9af57dc637e006a542a336,5,0,Unknown,,false
7445,0x36edff0a91bcbb9c84730a75d07860fd3191549e,5,0,Unknown,,false
7446,0x36ea0dc2ad31b9c9962f873aa455963a136f393c,5,0,Unknown,,false
7447,0x36e72ac21a83fab7c3c0e6da440fcad3767bbb3d,5,0,Unknown,,false
7448,0x36cc2184f806d026a739370f205efcd1aeee1cf5,5,0,Unknown,,false
7449,0x36bf05619dd711da6a7d89a6e55d3866c74f9ca5,5,0,Unknown,,false
7450,0x36b9faeb23de8fb270950491b5538c39450c657a,5,0,Unknown,,false
7451,0x36aa3981f95230d4f44f23de27b70d0b8f374a51,5,0,Unknown,,false
7452,0x368faedf94e165685065358dbe0475a66f9723d7,5,0,Unknown,,false
7453,0x368ee89002b82d9d2bf0659e26911ed1c1c5dcfd,5,0,Unknown,,false
7454,0x368442725c07b5a0182b848c5828188150456140,5,0,Unknown,,false
7455,0x3683ead8980f0db05d0d4b333e49e77862982227,5,0,Unknown,,false
7456,0x367cd9c9d63d7f51ac315bcbe7b5d3e4f3916a52,5,0,Unknown,,false
7457,0x3674d3be44498c92b00050fecdc8dc3f6a85ec8d,5,0,Unknown,,false
7458,0x366ae908d6aa17601e2496fe0fcfc0aa5a28a4cb,5,0,Unknown,,false
7459,0x3667aa543cf67f556639d1f9da173e661d092e90,5,0,Unknown,,false
7460,0x365af252751651e191d42e0fd395805e0fc3c7b7,5,0,Unknown,,false
7461,0x36546e9c314f129012660c72b3abdbf75a1840fd,5,0,Unknown,,false
7462,0x364a880771eb1a7358b15abf8ca0ad032e6504c8,5,0,Unknown,,false
7463,0x36391387e0c803981a6a7668c524ab6de77d827a,5,0,Unknown,,false
7464,0x3636afe63dd9145317dec1702fd3c1138a6fec13,5,0,Unknown,,false
7465,0x360df38e72de9b52390e0b9a6d449a4da7219877,5,0,Unknown,,false
7466,0x3605a8360303df8211248468afc2fb4c2cdf66a3,5,0,Unknown,,false
7467,0x35ff63c5aedbaeb7046eabeefcd631b4f06fdae0,5,0,Unknown,,false
7468,0x35f511310b4715ef840122b261895eb3e9cfd0b5,5,0,Unknown,,false
7469,0x35edc961d365513cb64e3242f6acee6162ad701c,5,0,Unknown,,false
7470,0x35de4566905150609a398e91f200c8d00142e225,5,0,Unknown,,false
7471,0x35dc1f26d70fd7c5d6c693afcbbef02190f71da6,5,0,Unknown,,false
7472,0x35d12f655415696651fa225e8daffd756da9cc8b,5,0,Unknown,,false
7473,0x35c8445b4f8f32f3489776890158348ff6e55e54,5,0,Unknown,,false
7474,0x35c6759a55487aeab47941030fbcac0bb44603ec,5,0,Unknown,,false
7475,0x35c3b60307d9ff974d2b24d7cb5d96ce81f10c86,5,0,Unknown,,false
7476,0x35c251c4afa71c83276118c580f90cc0e8b5ea60,5,0,Unknown,,false
7477,0x35b7213a38b31b69e7e5447be91d4089ea158346,5,0,Unknown,,false
7478,0x35b6e3c68aa30eeb419d2bf3105495e194558ea8,5,0,Unknown,,false
7479,0x35b390467eb91d152b7e22b672cc095be55b1a67,5,0,Unknown,,false
7480,0x35b20bc75406631180a276668a5053b33ca54f42,5,0,Unknown,,false
7481,0x35acf45a44cdec9f112feecc743b6507ddf46926,5,0,Unknown,,false
7482,0x35ac8b2ae096a3c2e5ab2f464db75e3bf8a0b2de,5,0,Unknown,,false
7483,0x35a5382f907d9e0b8d3d8f0f7a465e376f88eeb8,5,0,Unknown,,false
7484,0x35915387b8e195c292e45a7c271691e342030ad7,5,0,Unknown,,false
7485,0x358fcaff1b5e127dccfebfc5fba9f0b0c182f19e,5,0,Unknown,,false
7486,0x3589ca3ba819833fef3e0b60968eeaddbc191b21,5,0,Unknown,,false
7487,0x3578f0e95efebd69e302893c05c2133202498562,5,0,Unknown,,false
7488,0x3574f4d782330e66c29c2d0e2f653897061244ba,5,0,Unknown,,false
7489,0x3571214ba88b245c7de5a95e1f4a5a5275ffe985,5,0,Unknown,,false
7490,0x356dc3d926caf5884d5ac7584cb5abc4fe255c19,5,0,Unknown,,false
7491,0x356445cec4fb29f502f76fa814a3edaf7dc31bf2,5,0,Unknown,,false
7492,0x355005def9c49a885f1ba086524c3659201739ae,5,0,Unknown,,false
7493,0x354d953ac35c9920b6b3902903e98d786157ea2c,5,0,Unknown,,false
7494,0x35433baf711a7ea38ff347c72ab8d34dc63dea61,5,0,Unknown,,false
7495,0x3531678fed4ae2868498a21c4027c8f879bfdea8,5,0,Unknown,,false
7496,0x352cb305b8198c40a40c906318cfdf94df277944,5,0,Unknown,,false
7497,0x351f331110f584ec9b6845a65c198fa47164f06b,5,0,Unknown,,false
7498,0x351b7e3396be6765ccb2de3b6fe30b48542c2f8d,5,0,Unknown,,false
7499,0x3518aecdd947b1c209c7324783c65febbd87293a,5,0,Unknown,,false
7500,0x350790a71b52312d52b0e9eadff387eccfee0e30,5,0,Unknown,,false
7501,0x35005c62681076503e76da908af496f7def53801,5,0,Unknown,,false
7502,0x34f6130b5393c5644543b9bb7fd198b49a64a680,5,0,Unknown,,false
7503,0x34f3d9744d551583bd376d3b62a66e4fcf9a013e,5,0,Unknown,,false
7504,0x34f2cdbd6dbb92a1ca89a2b5aafda78ebac3d962,5,0,Unknown,,false
7505,0x34ebb52c1b8e78ff3a9008efa176bfec3cbabfed,5,0,Unknown,,false
7506,0x34e6b4c6a446e390eae05fc46f8482652897d109,5,0,Unknown,,false
7507,0x34e6501fdb62746e952da0003a0d09aae9d0c08c,5,0,Unknown,,false
7508,0x34d714a64c4ad261621c13f39445b1f641a44e4f,5,0,Unknown,,false
7509,0x34d09dd5222d28a91733bce875ccf23930f7332f,5,0,Unknown,,false
7510,0x34d079da307154c5632b936ada250bb2073d4c91,5,0,Unknown,,false
7511,0x34cc8f007ed78ce6b1ec99cfb324b90832259009,5,0,Unknown,,false
7512,0x34c6ea357978733d0bf7b3d05745a57ade3ce6cd,5,0,Unknown,,false
7513,0x34bfce9515df179962707a17c314982753a43295,5,0,Unknown,,false
7514,0x34bcda253f7fe5a3c5d7f6b23cd79fe364dde38c,5,0,Unknown,,false
7515,0x34a14f7474dde50e19fa4ae9f4cd33d886749dd9,5,0,Unknown,,false
7516,0x348807ff8eab07a529d682c0e7737dda1397e2e0,5,0,Unknown,,false
7517,0x347f93524b56240a69c0dfa2a437a8e74b2104e0,5,0,Unknown,,false
7518,0x3478eb928b339a08ed940ca08944faaab303b138,5,0,Unknown,,false
7519,0x3478e096b763181802b37e2fe794eb2615e1679d,5,0,Unknown,,false
7520,0x3449c7a5a5e6fb077e59141613925754c0330038,5,0,Unknown,,false
7521,0x3449491dcf782cf6040e9639f203d9f60b358111,5,0,Unknown,,false
7522,0x343a9039ac0b30917001b852cab9a4c324061455,5,0,Unknown,,false
7523,0x343986502400f2126edbc88e60df84cbbe58a68f,5,0,Unknown,,false
7524,0x34338d87361fcaa9a1e513f8ce14a7ace7a0a1c4,5,0,Unknown,,false
7525,0x3425c8dc1830066e27f83079252203c5da5f7a03,5,0,Unknown,,false
7526,0x341ca11f196b784c5d3cc512dbfed60994eb4e89,5,0,Unknown,,false
7527,0x34133cf552c9aa8a8efed3ceb4b4f3511867e57c,5,0,Unknown,,false
7528,0x34111c8814d3734d1c81784e8c27d74af93c93e3,5,0,Unknown,,false
7529,0x340bc57304193853bf4b15d5ddbc78fa7cc21078,5,0,Unknown,,false
7530,0x34057c2c35bf079427af2ce6763e6f1cc32e7582,5,0,Unknown,,false
7531,0x33fd1a0331a33fdca1b29558e4ac688b15211ea4,5,0,Unknown,,false
7532,0x33fba405a51807531f09b8f22825e70fc8eabc09,5,0,Unknown,,false
7533,0x33fb03f338b3c1cfeb01a8ae5be17ca146e65c6f,5,0,Unknown,,false
7534,0x33f73452c75aa34fa683faa06b81cbd4e8b86ae6,5,0,Unknown,,false
7535,0x33ef49ec381cc8600f15b38816a4f553aebe90c3,5,0,Unknown,,false
7536,0x33e39ab662eeb615f0da8ffa7889f1ae1d6bbe41,5,0,Unknown,,false
7537,0x33d8c44d2f46387e4c86b807771b518baa40dfa5,5,0,Unknown,,false
7538,0x33ce5f2fc2622a6c9d055a02066fcb6915e40531,5,0,Unknown,,false
7539,0x33c49b36f452a7e07d19706a2886bae75f56f9c5,5,0,Unknown,,false
7540,0x33b8327ef3c4ea0606f7fa9bf3cc86d3d68530b4,5,0,Unknown,,false
7541,0x33b53cc2dc79de116f4f90c49d2404c61897b12d,5,0,Unknown,,false
7542,0x33a62aa1d34cbc8bf4081838e8b69ad2853862fb,5,0,Unknown,,false
7543,0x339a9caf2e12c22d82f8e2b3e66985f0e917864c,5,0,Unknown,,false
7544,0x338d6c022af4f73e9f1d0a7cfbcf219368e6dfd8,5,0,Unknown,,false
7545,0x3387a482f3c5895f41110b49527315271725dc86,5,0,Unknown,,false
7546,0x337e171a2691a1bb9ca5dec6807d680017bda47d,5,0,Unknown,,false
7547,0x3362e2e1d602dd8f287d48ba0668dfca7b1f1003,5,0,Unknown,,false
7548,0x33571d24f1b7060839fd0d41198cff50e1158632,5,0,Unknown,,false
7549,0x33543bc4309ad121f683b3c9cfc2bf05a266f887,5,0,Unknown,,false
7550,0x335129546fe0c965f69eb0a9ffb42e6aa7d61528,5,0,Unknown,,false
7551,0x333b07801f03ce4ae3b5831d16199753f24031b0,5,0,Unknown,,false
7552,0x332f8de7d3572082a9fdc054a87c56fc3fd44e2e,5,0,Unknown,,false
7553,0x33293d61901a04aa9668de00bea99b86973b9951,5,0,Unknown,,false
7554,0x33271fb66dbbc87dac3445468be2f9ecf9798eda,5,0,Unknown,,false
7555,0x33242158dcb7867469f4a3b317c3465dd4bc1830,5,0,Unknown,,false
7556,0x3321f287d46da93c789b5ae50e25929b0a4e85a5,5,0,Unknown,,false
7557,0x3321d0048d889e103ba58e5ef0b778ab20509032,5,0,Unknown,,false
7558,0x331fba1c724fbe974518cbcd03431552f084aa77,5,0,Unknown,,false
7559,0x331980405844daba6655515dc74c12cb676bc51f,5,0,Unknown,,false
7560,0x3316016cb35091e04f23a8f5acaa47129d2cb0a2,5,0,Unknown,,false
7561,0x33129694b0cdf5ac912eb1209ced2f6b4bda0036,5,0,Unknown,,false
7562,0x3312220186cea248931115e95fc81c08b2c816a9,5,0,Unknown,,false
7563,0x33105735aeb36f48cf006910afe2d1759b87c595,5,0,Unknown,,false
7564,0x32f6fd69ed4c585ba245c4a71a164538c9f36344,5,0,Unknown,,false
7565,0x32f217e031e19e2b4a6687e09bebcb3e089ff442,5,0,Unknown,,false
7566,0x32edb1dd1346a10513adeadf7680fdce49961eea,5,0,Unknown,,false
7567,0x32df5f8329c006ebfdd762a1418cff6b09d2f4aa,5,0,Unknown,,false
7568,0x32d4a3c1a1b3e0fc519225c52d76d87387e660b0,5,0,Unknown,,false
7569,0x32d214774764681af7be7af0a4dfaa79487e0b97,5,0,Unknown,,false
7570,0x32d0d7576e290b0f56d407dd5f77947f1b94726d,5,0,Unknown,,false
7571,0x32d01437d795eb084539d21d808581ac9e075287,5,0,Unknown,,false
7572,0x32bb66f51d84ffabe7427ff0b062e12ee16663ea,5,0,Unknown,,false
7573,0x32b752012ac7e77f5bcb7bb0d4e8da9945d9a477,5,0,Unknown,,false
7574,0x32afce836ad83e4fbb5f54f78d01c2520875ecd2,5,0,Unknown,,false
7575,0x32ad9d137a32e18c31aba4d742c3ff19dfae56fb,5,0,Unknown,,false
7576,0x32a0cb6dc046ee766a0ff739c05ee80fb06f40d6,5,0,Unknown,,false
7577,0x3282092ccae67f6919e2cbb9b1e8fff0255c7728,5,0,Unknown,,false
7578,0x32800e1c98be28673e292d2d511d813dc05d4998,5,0,Unknown,,false
7579,0x32778c8fe3f32248353e31585dfeea807aa45b70,5,0,Unknown,,false
7580,0x326e6a7e6caa3a721ca9638fbb61735c6fe5eeb7,5,0,Unknown,,false
7581,0x3269f0c94b11ce5ffd8c6653a91407c077cced23,5,0,Unknown,,false
7582,0x3260c0e020b2e9dc03ab88b95d5ef8b6af63c18f,5,0,Unknown,,false
7583,0x326019f50ec990a3d4513ad8343990fb4e26f1c1,5,0,Unknown,,false
7584,0x3253012da6c34b83f4f3f52a9dcee9bc27bc484d,5,0,Unknown,,false
7585,0x324fdf30ebc8074cfe44a448773d4e91af18209d,5,0,Unknown,,false
7586,0x323cdea7d5f31a8a776c09005c418717551f3ae7,5,0,Unknown,,false
7587,0x323433d65eed230ab7fe85770dc6ac4e5af963e2,5,0,Unknown,,false
7588,0x321bd5c17f6f1cd6d0ce4e1ec15b08a80ede6349,5,0,Unknown,,false
7589,0x320acfb56c2523f79cc734ae4ec7bd13c2ac4cd2,5,0,Unknown,,false
7590,0x31fdf482dcdf1a20ef55c13cec4b484c1f4e7cc6,5,0,Unknown,,false
7591,0x31f6bf8c2781f33ae51bc42adb901b5ea9d4f71a,5,0,Unknown,,false
7592,0x31f012a4ce4b69353d6ef6dcd34f80d3010c4b2b,5,0,Unknown,,false
7593,0x31daaf9f3924a0100eb4dafe712c4668e924982d,5,0,Unknown,,false
7594,0x31bb6995db50269548217ccbf1dd7803dce3890c,5,0,Unknown,,false
7595,0x31b74317a3a24af62896e43d6edda87291e7b998,5,0,Unknown,,false
7596,0x318494e0308f4ba46bbf3f924450ddb18f2a58ff,5,0,Unknown,,false
7597,0x31715fabaacc5dfbcc8274301bf76b92ffc5a025,5,0,Unknown,,false
7598,0x31708a48533d01b14f7d1f3a30101426e25e0a03,5,0,Unknown,,false
7599,0x31658321f00a3b1e339a8e6ca3d735ec4043e31a,5,0,Unknown,,false
7600,0x315f698b40a5006bb9813a7775b8a2bfed59fa35,5,0,Unknown,,false
7601,0x3156bace2c975c51f7c7fbd37f036a2b6991361d,5,0,Unknown,,false
7602,0x3139d580e7b9230286cff39b6092462edc7b335a,5,0,Unknown,,false
7603,0x31344da7e5fb2feb01c17c4481ab453e6ef9a7b4,5,0,Unknown,,false
7604,0x31165d9b2ac30dc4d044603ca1f0ae439b9ccd2d,5,0,Unknown,,false
7605,0x3100c40c8f1931bfce97b0ed433d902e0e58d31a,5,0,Unknown,,false
7606,0x30fbb7be2ec0926811de574ef8601f7a6962e43f,5,0,Unknown,,false
7607,0x30f9e346674a8457375d97bd9655caf67de47b86,5,0,Unknown,,false
7608,0x30ef70535746a203fdc6b46daf56eaa656876b9a,5,0,Unknown,,false
7609,0x30ec980b5f34db57e0530ad9d28c12934f29abfd,5,0,Unknown,,false
7610,0x30eac94d1bb927da4e80c41f966106d7d0e56e32,5,0,Unknown,,false
7611,0x30ea6a40709bddeed0cb227af41062d9a87ed3e9,5,0,Unknown,,false
7612,0x30e4c71868bd672bf45894410884f402afa9cae6,5,0,Unknown,,false
7613,0x30e186c92d74b7d961ede40457889e085095674c,5,0,Unknown,,false
7614,0x30dec43df7266b333a32292ca33c03f9761bf84e,5,0,Unknown,,false
7615,0x30d118ab5de016a77b7d2b3a14c6ddb92d823e5e,5,0,Unknown,,false
7616,0x30c5fab76cdf2297f665ac57b1321de004034ff5,5,0,Unknown,,false
7617,0x30b7b8a250ee5a54d6f496ea3d3b15d1e7da8470,5,0,Unknown,,false
7618,0x30b542ccd925ad613d16cec80000ec3a825e2e85,5,0,Unknown,,false
7619,0x3093bac1fa09c379f28d2d12e988e361f26aa0cc,5,0,Unknown,,false
7620,0x308fdbfe18e2f7064374c10059d3ee847248a137,5,0,Unknown,,false
7621,0x30891e1976d4a31a5b723d6f0a5f3abe3f2475e8,5,0,Unknown,,false
7622,0x307ff630ca82b4a66ffb8932f79b86b32453b356,5,0,Unknown,,false
7623,0x307f57d452ae5fc7dc22b41dd754ffa40fbda9a8,5,0,Unknown,,false
7624,0x30734cdf868d4ec3804b95a261e48097d31db582,5,0,Unknown,,false
7625,0x30645cefc321a092fec15f5a8b1c58f75306d77a,5,0,Unknown,,false
7626,0x305bbff3101e75c34b7d1ae1c9ee6e8bdc1e076a,5,0,Unknown,,false
7627,0x304ceda8161bfb74071312383a6e5cf371f1e078,5,0,Unknown,,false
7628,0x304748772dd6869635952da0f807432a5c3a5a07,5,0,Unknown,,false
7629,0x30463168f26caf0805cf9ead4659df7f14c3ec49,5,0,Unknown,,false
7630,0x3041ead2c8e6999e928c94411e083e6ce9ba042b,5,0,Unknown,,false
7631,0x30372d1f97f8151bb9c501b5cd53853c833210e8,5,0,Unknown,,false
7632,0x3035d802692387f0ee2a0dd7a7f3d590128caf4b,5,0,Unknown,,false
7633,0x303548ec0e1465befbf0826d51062ca95ca41e0e,5,0,Unknown,,false
7634,0x3032a38dd0dd33301e75393b5431eb0ff60f531e,5,0,Unknown,,false
7635,0x301d0985530990c94d1177ea4b25d185e7a0419c,5,0,Unknown,,false
7636,0x301cf6cead76506b29a55783fb3ecc003f52756a,5,0,Unknown,,false
7637,0x3015d2b905bd8b17b40ef5cef24ae94f564b2208,5,0,Unknown,,false
7638,0x3011ff4030d001c5d0a2b1d0e942ab766aa5e104,5,0,Unknown,,false
7639,0x30072c0df22c921eee9aacb39bbd27731a3084fe,5,0,Unknown,,false
7640,0x2fea7b2f7798ccfec1809d215f13d29f74415fda,5,0,Unknown,,false
7641,0x2fe5026ad53e9bba0c9a26cad23fdc45b16e4acc,5,0,Unknown,,false
7642,0x2fd6a97688985bb293ce2fa94ccb1d7c79880ba3,5,0,Unknown,,false
7643,0x2fcdaae5a14448d07f90641ff437fb519035c9f4,5,0,Unknown,,false
7644,0x2fcc21d68f6daeaa7fc814e9e00b88f2d0aab662,5,0,Unknown,,false
7645,0x2fc80e08c3456e2e0c9331372a764826b8129239,5,0,Unknown,,false
7646,0x2fc45da1c320ee966e5be612aaafd080c5f928ed,5,0,Unknown,,false
7647,0x2fc1217a5935fb94f482d1487b99f14a995fed30,5,0,Unknown,,false
7648,0x2fb27a881abac78c0d6ff11109c29aa48d788aa0,5,0,Unknown,,false
7649,0x2fb12fe076cb8d2cf7e8af6877416a354a3f4fe1,5,0,Unknown,,false
7650,0x2fafc32fc4c0f78e53b93639748032384e797f73,5,0,Unknown,,false
7651,0x2faf4364313b053198f223f833b9405709dba9a1,5,0,Unknown,,false
7652,0x2fa6a803597d92214df6c804e521bf5034dab926,5,0,Unknown,,false
7653,0x2fa56cb6ff2d654e815d8364e7d6f1fe0f4c920d,5,0,Unknown,,false
7654,0x2f9b61ec6b5778076338a96666722f4c12fc8a8b,5,0,Unknown,,false
7655,0x2f936334297f3e1f56002beafde2fe9750ae1295,5,0,Unknown,,false
7656,0x2f8fc56800ad81773909d5357206370b7cf1b12d,5,0,Unknown,,false
7657,0x2f88423705886ed821b7bd76135b7a14f45167e8,5,0,Unknown,,false
7658,0x2f845877e8868ad79d597922f9d69c1143a3603e,5,0,Unknown,,false
7659,0x2f827cfac72437b0683d273aa23f0cdf8cec9fba,5,0,Unknown,,false
7660,0x2f803bee8ecfe2eabbe58f880e52e8f03d958d56,5,0,Unknown,,false
7661,0x2f7e636e7e04631700a1e88629a80558db7267c4,5,0,Unknown,,false
7662,0x2f71e1edbab6b875c72891fbaaed6f97d572e865,5,0,Unknown,,false
7663,0x2f66b40ed1054ef9a9ab40d137050ce291ed3195,5,0,Unknown,,false
7664,0x2f65b13aa8d71e37eeef3088a1934792c5f65bd3,5,0,Unknown,,false
7665,0x2f647e2a77c69bc908238cef6641de2ae882e4da,5,0,Unknown,,false
7666,0x2f62604045023b4328b3565616a5d46e2ccda7f3,5,0,Unknown,,false
7667,0x2f5da5ccd2eabb2b99a78b2cab1fe831733007e8,5,0,Unknown,,false
7668,0x2f38f36b912d4c5fc643944cc0d3b760ac84252d,5,0,Unknown,,false
7669,0x2f25f76053a8bc7b32e6acf57324007b008f5fa5,5,0,Unknown,,false
7670,0x2f21db44c53a19f9dc76a020c76cf1d317329a96,5,0,Unknown,,false
7671,0x2f13edfd7f9a63c074f8e88ea15d6cb1be7db0b6,5,0,Unknown,,false
7672,0x2f0b2e12e5ef31f9293f50ba92fdcb01dc26991e,5,0,Unknown,,false
7673,0x2f074b10608319f78674b5fd8f93f497548df0e0,5,0,Unknown,,false
7674,0x2f06819f45299d13b82b979827e92b4e2dafcb72,5,0,Unknown,,false
7675,0x2f00ede13bd089dfccf11ad06c75b8b1f2fdcbfa,5,0,Unknown,,false
7676,0x2ef6b564a5efc57ace1ba4768a963005b9149957,5,0,Unknown,,false
7677,0x2eea73e84a17b5507c606bae1dd990bfdfb530bd,5,0,Unknown,,false
7678,0x2ee70133f82fc8e8cb7cd430d4e5cb5c649e4caa,5,0,Unknown,,false
7679,0x2ed60373a0fd5b36cb009d2ea4e97bc6629b265b,5,0,Unknown,,false
7680,0x2ed39c2cbc97850b4cf9f0cf33acace75885f6b5,5,0,Unknown,,false
7681,0x2eca6f8e2baabe4fa397563ae3c7fa482862579b,5,0,Unknown,,false
7682,0x2ec68fc0f6b3c7b7ebfd453df19213d69d81114a,5,0,Unknown,,false
7683,0x2ec66f7b6777b87f273c3254053320b161179174,5,0,Unknown,,false
7684,0x2ec644afa1940a3d1ada3fb10c52983d0c52da58,5,0,Unknown,,false
7685,0x2ebcfffcc069526617d920a2a56023dee0f2b34b,5,0,Unknown,,false
7686,0x2eb3a87915bd57a3c39011521ed99039e0c178de,5,0,Unknown,,false
7687,0x2ea9750f2c9e2058732d0ab43dbbc41dd531acb5,5,0,Unknown,,false
7688,0x2ea154604b0757c5412af1648fe4a6fc7164b1a2,5,0,Unknown,,false
7689,0x2e99efbcae231d12339e5c59679be1b0aa30d5a3,5,0,Unknown,,false
7690,0x2e880ea40cc6d091a4dfc92eca86cb51d07e39ec,5,0,Unknown,,false
7691,0x2e85468eaa232ef7b963abd76076931aa607e656,5,0,Unknown,,false
7692,0x2e8044422c36868e47331d443b91cb6b563d2b76,5,0,Unknown,,false
7693,0x2e71d83c4622789961eb2a553763cfa23ac974f7,5,0,Unknown,,false
7694,0x2e6f86db87f63dc975a8c68d65dd00afda426a62,5,0,Unknown,,false
7695,0x2e66a627109cb5f2d1c17292d63477186bfa3b10,5,0,Unknown,,false
7696,0x2e59488fb788ee36dd5039b631e3e415470a159b,5,0,Unknown,,false
7697,0x2e563917dc4f671f2c1a8608747db226eaa013f5,5,0,Unknown,,false
7698,0x2e55e36c81e0e6aedaada99e075d765b9d410ef2,5,0,Unknown,,false
7699,0x2e4cd3530a8edaf038962b516555f40a820705fe,5,0,Unknown,,false
7700,0x2e34f348cc7af5c730f66e02f8ed3778167717aa,5,0,Unknown,,false
7701,0x2e3245018403b005d124427e7de60efe1d371285,5,0,Unknown,,false
7702,0x2e2e3107dd636e2e76d37b03c9ee3906f2d4f28c,5,0,Unknown,,false
7703,0x2e2dcd8cb6f6ff3cacd98ad112808a2637e82eb2,5,0,Unknown,,false
7704,0x2e2a840b29d6b1e15c0029e8c8a4d79cf7b33eca,5,0,Unknown,,false
7705,0x2e24f99c78e7679f434b8660a334615f25c4274f,5,0,Unknown,,false
7706,0x2e2448ee1d8d74ec6544ecc209e8009eae177e2a,5,0,Unknown,,false
7707,0x2e236e4b04b1a924f9110bdc69a71ba8f02ec4dc,5,0,Unknown,,false
7708,0x2e13674f32c7434ecfbf64f3ab246b75efc8624c,5,0,Unknown,,false
7709,0x2e100de822852fe2b59db6eedc5d2b47052ab22a,5,0,Unknown,,false
7710,0x2e02ecd39f9ae7f709743b5250d025095b03c5f7,5,0,Unknown,,false
7711,0x2dff1110d741647589c648157272c78784c35baa,5,0,Unknown,,false
7712,0x2dfd31cffc0700d74ec76309f57239fda547c3a2,5,0,Unknown,,false
7713,0x2df1feec6fc3bbc2a921c069e395f283ea551653,5,0,Unknown,,false
7714,0x2de2dca9a608a29a1b5baf4f5f51cc43b41eebfd,5,0,Unknown,,false
7715,0x2de114e04e12348deb019771149c4d9897cceeef,5,0,Unknown,,false
7716,0x2de001c5de7edcadf505760f149cb87149d27215,5,0,Unknown,,false
7717,0x2dd10c2461fdc6c731bf82dba7937b8c84bad6c0,5,0,Unknown,,false
7718,0x2dcf7be09a4d4f52606b6dfd2754ad8723d2a74b,5,0,Unknown,,false
7719,0x2dcf3fdd3f40b4cab8d6729d489c6f9b108d5ed5,5,0,Unknown,,false
7720,0x2dc0e909c380ac3f554e8e0d0c656e450522ad88,5,0,Unknown,,false
7721,0x2dabdef3cb27e4b777209876fde36df6c7e52742,5,0,Unknown,,false
7722,0x2da0ca199c8fe1dd2d20fd1e2f5d01ce6384bb5f,5,0,Unknown,,false
7723,0x2d98f17ff80c2fabe89e52cf08aba7381bd4c187,5,0,Unknown,,false
7724,0x2d969fd8f8059a0cbf42e677c5fde847ba553685,5,0,Unknown,,false
7725,0x2d9649683d5d0452d9e21659af3ecf940c132b1f,5,0,Unknown,,false
7726,0x2d92c55af54849d7f1f14a9e41f1dbba83dec749,5,0,Unknown,,false
7727,0x2d85700d63b0a41b8d445b671a38070e483b6833,5,0,Unknown,,false
7728,0x2d7e8b9c2dc16a66d8e700af94f2d1af1b75b59a,5,0,Unknown,,false
7729,0x2d7bae7f477acd8a256e69671b24c34669ab9139,5,0,Unknown,,false
7730,0x2d77787f5b31ad7b09d34bd84d103e07b1335825,5,0,Unknown,,false
7731,0x2d7514b468e645b27dc7007cd68d33552eb44aef,5,0,Unknown,,false
7732,0x2d69d4d9fac03eb8e17753c0b52cf76ac54f2ad5,5,0,Unknown,,false
7733,0x2d66b8ac29f5c6c9266259a971f2797c6c93d6a5,5,0,Unknown,,false
7734,0x2d6338a088111f1cb0e883bac2268f3ff5ed3403,5,0,Unknown,,false
7735,0x2d62fb6de24edd93f0b8f9f9ba4c03380fa662e0,5,0,Unknown,,false
7736,0x2d604fc15425189d5afc628f407ea6cbe4714803,5,0,Unknown,,false
7737,0x2d51c8e19bf28c4ff4f5d01750851c30a6f65962,5,0,Unknown,,false
7738,0x2d3b8d1630e1484a8c93e7ba66a64528afcfb2f8,5,0,Unknown,,false
7739,0x2d392106956e909e73f87a2b8d07b8ae3cb4b7a3,5,0,Unknown,,false
7740,0x2d32764076f0aec048ed9e3a7335de2130781b7a,5,0,Unknown,,false
7741,0x2d2da2e13441700b7e3af2c4939d490175dffdc0,5,0,Unknown,,false
7742,0x2d19f2fc2524804f2981ca1d0385f422e48f5231,5,0,Unknown,,false
7743,0x2d175b0da27df06672aad24232202287a51f25b2,5,0,Unknown,,false
7744,0x2d0f3f5587c338c1e3fb0f412aecb88e88dcd9dd,5,0,Unknown,,false
7745,0x2d067f28e1b58be0ab36f8b5fb017b640f6babf4,5,0,Unknown,,false
7746,0x2d051c9a6176cfe0b6983f3584d6a59e2632f9e2,5,0,Unknown,,false
7747,0x2d0132b7589f31ccbd7ea8810fa814cafaf4b43b,5,0,Unknown,,false
7748,0x2cfff2da932981d0d77635ca7b5ecbd67f52ddc8,5,0,Unknown,,false
7749,0x2cf61b5c992d69f585b25a44540b46e448cf7bb9,5,0,Unknown,,false
7750,0x2cf0e8f711b10b029be129070698b4a374fc2cde,5,0,Unknown,,false
7751,0x2ceb275868d1fdd89722cb6b143b8db96343c5d8,5,0,Unknown,,false
7752,0x2ceaaeeb0efaad4ec506fe47f266b65a20c27469,5,0,Unknown,,false
7753,0x2cd94aa3024c62745736d56c1bed60f36ce748d3,5,0,Unknown,,false
7754,0x2cca222347be2c47ad3d695b6751ec4650dcfcb3,5,0,Unknown,,false
7755,0x2cb7913321a58f6c6275dfeadd49af2221841579,5,0,Unknown,,false
7756,0x2cadec0e0a0139ed20097bbf3bc37571288422a3,5,0,Unknown,,false
7757,0x2ca076c3000b63eda0e494322561fb2b1886e125,5,0,Unknown,,false
7758,0x2c9d26189a141c290e6430effdc9dd26ae5f42ae,5,0,Unknown,,false
7759,0x2c8dbc5e6235f01990769a2889d1f28c7f3c4684,5,0,Unknown,,false
7760,0x2c7001f7fc1c9d1658721ae1ad5edccd18d22c1c,5,0,Unknown,,false
7761,0x2c6fefdebf036117bd7825f7521ca10a8ada4ec0,5,0,Unknown,,false
7762,0x2c6ed25f0ce361357aa5eba17a6b4a402609c242,5,0,Unknown,,false
7763,0x2c6c5d54ff07c60aa5aae112f1361304cade80da,5,0,Unknown,,false
7764,0x2c6be9935299212069ed3f6abed036e3ea0f75dc,5,0,Unknown,,false
7765,0x2c5044073a0913e338ba72b38622e49c4928e3be,5,0,Unknown,,false
7766,0x2c43dacb14862426659d75b5ed5c1c07d124dfad,5,0,Unknown,,false
7767,0x2c2c704cf8e957e56d454e003f9c90c4ac0c1d92,5,0,Unknown,,false
7768,0x2c1378d32661a2ac0c97fab8509cb709079df24b,5,0,Unknown,,false
7769,0x2bf3e0dcb1fc74022d0cf81dfaf72c8b94125c51,5,0,Unknown,,false
7770,0x2bf0c2f44ee4e8f19e17ba5550742e9addb27728,5,0,Unknown,,false
7771,0x2bedea5f95618e2ea34927c822e3dd6367519ebe,5,0,Unknown,,false
7772,0x2be779fc86d31401e43507235c8ce58b609f2691,5,0,Unknown,,false
7773,0x2be5d1426decec991ad31592dae7ffb0c4890c39,5,0,Unknown,,false
7774,0x2bdbd6e21492bb4ff7b4620bf04eced87b706b1e,5,0,Unknown,,false
7775,0x2bd37624cb79efffbb8bc6e8480675f998627bdb,5,0,Unknown,,false
7776,0x2bc36d6cceb57b5b3040abea2de45de339a250f1,5,0,Unknown,,false
7777,0x2bb0288487c420ed56829851878d69d50b5e0877,5,0,Unknown,,false
7778,0x2ba75ad7d9e3e39349a1275410c423e7e93a6632,5,0,Unknown,,false
7779,0x2b91ad13ea40ee9d737efdb4b95aa2bc25c8475e,5,0,Unknown,,false
7780,0x2b8c737092b50ade25657652533c31fd8297bd7b,5,0,Unknown,,false
7781,0x2b7c36632d02b524563f8cd34dd10888a55d757c,5,0,Unknown,,false
7782,0x2b75eb33ab5486fe2607d515def9495c176dec2b,5,0,Unknown,,false
7783,0x2b66180a7fa0d9f75c3650f8fe12900178c38042,5,0,Unknown,,false
7784,0x2b56d8042ebdefd644714943b7f9bc6cea489a34,5,0,Unknown,,false
7785,0x2b4237d1cdadaadb8a785a80aefcafbc5bccda04,5,0,Unknown,,false
7786,0x2b383ba4090919611de276e78f5480b6f7d27c44,5,0,Unknown,,false
7787,0x2b28be8ddffe0516da296963663a644c895707af,5,0,Unknown,,false
7788,0x2b04dcc9bb7d47a5c07399cb467adf45c27b8cf2,5,0,Unknown,,false
7789,0x2afe3b9582c7502b523861cc0cf74e82e7576aef,5,0,Unknown,,false
7790,0x2aea266f61f68a6dfab0f04a3d45ec5c600a5a92,5,0,Unknown,,false
7791,0x2abd31f9bc9d693e7091fead13a2a4faa581624d,5,0,Unknown,,false
7792,0x2ab0aef119c274989112dc5861180fd025cf7aac,5,0,Unknown,,false
7793,0x2aadda5797c704e43bff284fb29625d2c755397f,5,0,Unknown,,false
7794,0x2aa09067a3338c8ce446858c29d03d118421ac4c,5,0,Unknown,,false
7795,0x2a98660a6f037c99906297ab638fab7d326828f4,5,0,Unknown,,false
7796,0x2a8e217eeebc94571a185c22cdf3a2f4aa4d8836,5,0,Unknown,,false
7797,0x2a82beec76078d4624d6ed3861c754199c1c43ab,5,0,Unknown,,false
7798,0x2a73949633e44a6d65ad409fa275bb30c4860166,5,0,Unknown,,false
7799,0x2a6e3ca121f5af8d30f5ac6764ee15fc4c6e9b1b,5,0,Unknown,,false
7800,0x2a58f3994b9c5d073e20d6731e5e34c0ebfb5b47,5,0,Unknown,,false
7801,0x2a3e4362bee45f01fcfd02076e7c8faaaa94ecf9,5,0,Unknown,,false
7802,0x2a388bb4e2a474288c00129c7271be6c03a206c2,5,0,Unknown,,false
7803,0x2a284b816e0163424494a10a09da31caf4fc571f,5,0,Unknown,,false
7804,0x2a281eb57fe6b56fd8ba4d7132ca988102b30881,5,0,Unknown,,false
7805,0x2a239996ec595cbcbe894159f3bfa9d6b160a80a,5,0,Unknown,,false
7806,0x2a2234010d202bb653053ca2533ebb63583f8b70,5,0,Unknown,,false
7807,0x2a221b9daee8f83d9f2309a09bbd631309c99cdc,5,0,Unknown,,false
7808,0x2a21c98740dfc8e741de069c6434fe357a5f8e23,5,0,Unknown,,false
7809,0x2a1d816058f24f8333591b050e6f25bd7c9eb530,5,0,Unknown,,false
7810,0x2a1b82b8077c2a9760dbe0e2f769615679176266,5,0,Unknown,,false
7811,0x2a05c3170d3effdb1e3af16c271d418b342426f1,5,0,Unknown,,false
7812,0x2a0379692c96c6b295c88646db3de7aefc7d6a1f,5,0,Unknown,,false
7813,0x2a032402e0c42be19f5273221e63248cbac257ea,5,0,Unknown,,false
7814,0x2a0277004fb4b5e948f86cd56b3f73597ecd784e,5,0,Unknown,,false
7815,0x2a012976893f39050d9f0d35effd78f3fb0bdab7,5,0,Unknown,,false
7816,0x29f91b3ea3169d0be8bc95103aa4851ae0c07d6b,5,0,Unknown,,false
7817,0x29f7e14006f309039cb2276868f8d3138027a38e,5,0,Unknown,,false
7818,0x29ef79e6b5ec93ff606df0896201747c36268a67,5,0,Unknown,,false
7819,0x29ef20f4cd07e902cd2182e52204ec36e141fc5a,5,0,Unknown,,false
7820,0x29df3d31cc07c850183ff270b6f3e8bf06e4c964,5,0,Unknown,,false
7821,0x29db57e7501ccc7351480099ac7bf143c8ae483b,5,0,Unknown,,false
7822,0x29d7c60ffcb4db4b6b6941737121f5d29e5ca164,5,0,Unknown,,false
7823,0x29d1501b3dc2e3a4243d7e39237edc1b10d70ac4,5,0,Unknown,,false
7824,0x29cbe136630714bb8fa79dd26273753406ca3ce7,5,0,Unknown,,false
7825,0x29c66fed460c503c342f744393fbfe8d79ae25c2,5,0,Unknown,,false
7826,0x29b84877269d9581f51b1b5819367736cb847685,5,0,Unknown,,false
7827,0x29ac6a428969dd0ec4664c7ba83b847c33cbefec,5,0,Unknown,,false
7828,0x29a2eeeef3277f462b3cfba265b55599b552039d,5,0,Unknown,,false
7829,0x299f1591641363cff6786e84269bbd87bd8bdc67,5,0,Unknown,,false
7830,0x2993ed74b5e4e1501e59ef60d2285805509926ae,5,0,Unknown,,false
7831,0x299226658d16aa27215f710d9fa774e94d7193b4,5,0,Unknown,,false
7832,0x2990618752d904c1cef8dd8565143effb8957acd,5,0,Unknown,,false
7833,0x298fa8c19c2090459b82b1400bed46015a50ac0f,5,0,Unknown,,false
7834,0x2985c75d3bb70bbeb484510972641f0e1098a0cf,5,0,Unknown,,false
7835,0x2980f6b4be941c4425d6bc53ba8d0d46a00c2f24,5,0,Unknown,,false
7836,0x297aa03a30f54e1047b917eed9cc03709eba465a,5,0,Unknown,,false
7837,0x2977ccd53963c4fc22dba87002635777efd45184,5,0,Unknown,,false
7838,0x29718eb1f6176fd83606efef610ea4bfa1401eb4,5,0,Unknown,,false
7839,0x2971746eed3fbce178f31adc070b1e25750b4d98,5,0,Unknown,,false
7840,0x297020d4b198c30ce8c6fd1f9f92baa4b366efe1,5,0,Unknown,,false
7841,0x296487f9b189ae7963ea2a464c3bfb6942829ced,5,0,Unknown,,false
7842,0x29622cbc5613dc2d86567744366d9fb975291f2a,5,0,Unknown,,false
7843,0x29413481f1fbcb6645764549d609a65768ccccf2,5,0,Unknown,,false
7844,0x293d47f447740ada8319b53c31fdc01d830fa55c,5,0,Unknown,,false
7845,0x293bd7388fad6310d177d3b9c5c766edbc71ecb6,5,0,Unknown,,false
7846,0x2933f3cda6b2f944b71466f8300db6ce8f875fc8,5,0,Unknown,,false
7847,0x292a149e7a5eed6fdb75cfded53ed2435226c60d,5,0,Unknown,,false
7848,0x2926b0b11d010bfe6f2493474fc44c223e08bda8,5,0,Unknown,,false
7849,0x292094138afd093fc4d24650dfe76e6a46dcb914,5,0,Unknown,,false
7850,0x2911155c6535a7ee943eca63e837dfe2d53fa43d,5,0,Unknown,,false
7851,0x290c5024b2a36a5bfe7ebaddab9f9171bc067e75,5,0,Unknown,,false
7852,0x2903f72b0ea411249b3cbf44d7c294cd52bf82fe,5,0,Unknown,,false
7853,0x28f9244a590e92e5558564ca3c71181c29061c6e,5,0,Unknown,,false
7854,0x28f8d349345cdcf1f119cd55ca9002eb2d0c91c8,5,0,Unknown,,false
7855,0x28efcb65f86b4c795522c89c2ffa6c8c38172120,5,0,Unknown,,false
7856,0x28edb91aa6461019855e1b1ffbaf698dd08f99b8,5,0,Unknown,,false
7857,0x28d010a88301763abf8ccf8bb6bebffb03836911,5,0,Unknown,,false
7858,0x28ad8adc0527f02fca7f180e7abfe44b9d2cf951,5,0,Unknown,,false
7859,0x28aa5acfae466645be3c5a71447a7c23885b46c9,5,0,Unknown,,false
7860,0x2881268dd22227e64514bdb179ff89e3d748c9d8,5,0,Unknown,,false
7861,0x287dedf3ee2c79c8241bd9f01d52abee56ebadf1,5,0,Unknown,,false
7862,0x287a4f3995fddf74ab406bd0ecf012b2ecaa0ee4,5,0,Unknown,,false
7863,0x2877e1742e3fe66c327b62c7dffd0e7dfa47667b,5,0,Unknown,,false
7864,0x28721487864ef1a2f775a73c9130d4abddaf7fb4,5,0,Unknown,,false
7865,0x2866fdbceaecc2c0447b0d3b9e55103d12087862,5,0,Unknown,,false
7866,0x2864c174d28cc23a83beb560649344f04c6a6f39,5,0,Unknown,,false
7867,0x285e9f0b4e57b94f49326f91584caa038807827d,5,0,Unknown,,false
7868,0x285c0bd16c0ecabb2969c4bd365c6e0462a89058,5,0,Unknown,,false
7869,0x28577dd87a1f2d3f2465e74c60b6aaa41a6c8a8f,5,0,Unknown,,false
7870,0x284bce6da495795d5e7a1dd0c9f614c1d6423748,5,0,Unknown,,false
7871,0x28413d4ab099955a780d5a275baa22d43460ae1a,5,0,Unknown,,false
7872,0x282e8baa20683e3fa2fa01cf5f70927f2d680583,5,0,Unknown,,false
7873,0x2829ef287af481da2eea99b85db8683322e2ed77,5,0,Unknown,,false
7874,0x2828619f4f2171434e554a8dfe2fb672b7b229b9,5,0,Unknown,,false
7875,0x2821112fc34efa431c2d874bcc59f53087dbee1d,5,0,Unknown,,false
7876,0x28177d1f79afca235c3343efef196ea70a68a906,5,0,Unknown,,false
7877,0x281647a4974d65c17285e088ef10742b1b3b3560,5,0,Unknown,,false
7878,0x28157e60cf6277cab84d13108a6f4dcd766131b1,5,0,Unknown,,false
7879,0x280516ed50a873710bd20c181c5aba5c761e09b6,5,0,Unknown,,false
7880,0x27f3f50b44a7f3afc4a2a9508696771e21d25274,5,0,Unknown,,false
7881,0x27ef2ae1351dd07d079708fb828abf7463ccca66,5,0,Unknown,,false
7882,0x27ee5610069a6f4439644023a68da681204b412f,5,0,Unknown,,false
7883,0x27df802203f22f5be5bee4dfa397da720d0ad1ce,5,0,Unknown,,false
7884,0x27ce340a39400d2fe5ae093f91eb8a74a00a18af,5,0,Unknown,,false
7885,0x27c96ce93599d229d27a9d01035ed1bfa823f56e,5,0,Unknown,,false
7886,0x27c315f02a66e5017b444b97c832a2be94d03766,5,0,Unknown,,false
7887,0x27b7077040c395ebb0dc54f9dd5a106f167c5b74,5,0,Unknown,,false
7888,0x279a34c6e6c47a622b4dc5c341015dc9d605e074,5,0,Unknown,,false
7889,0x279968e2beede267115cb7511f5090723511f256,5,0,Unknown,,false
7890,0x279908173be8d1fc1dcaa8e5b453673a9adfd1fd,5,0,Unknown,,false
7891,0x27987823cf900f12cf0530bad5ba9bbf52aca37e,5,0,Unknown,,false
7892,0x27950fc1dc78fed4cdeb913c6d8603b360cd237d,5,0,Unknown,,false
7893,0x278aa8d5d10d620a63351e67326fe6ab3737daca,5,0,Unknown,,false
7894,0x27825f77360968f0d5f38460982d191b57b67a0e,5,0,Unknown,,false
7895,0x277b11882d16d755b43c1146fa0fdceb62652f19,5,0,Unknown,,false
7896,0x27749918c0259d632af896636f3b90ad37288725,5,0,Unknown,,false
7897,0x276e267ccd51000b9642ee35f022d535b305e859,5,0,Unknown,,false
7898,0x27699537acf055bcbb0d652991207d06fb814506,5,0,Unknown,,false
7899,0x275cd71cee49b91bb6533f1f34907b322c8d0056,5,0,Unknown,,false
7900,0x275ae6481391085c1ec6229aa666108328d7b843,5,0,Unknown,,false
7901,0x2757995cb4a4c36d345cb12601e9886384bd44e6,5,0,Unknown,,false
7902,0x275054d9957a0765d4f41d2be1908fcaf52bccc1,5,0,Unknown,,false
7903,0x2746794de88a2aa44b948ac4459ec0699de917e8,5,0,Unknown,,false
7904,0x2745520af9aa66c28bf4da7ae3a3450a5998a3b5,5,0,Unknown,,false
7905,0x27298725a68550254c164e8a28f0789f11c4f948,5,0,Unknown,,false
7906,0x27292c8acb20512ba5e24e0e59bb77c01e7262de,5,0,Unknown,,false
7907,0x2724726ab64e07fddb73c1e3ed887bcbacabb333,5,0,Unknown,,false
7908,0x272250958d872c97f87b6e8d03dfb429bb383d88,5,0,Unknown,,false
7909,0x271fc15d0ad99afc3bc6fe74962f5e2407c0d997,5,0,Unknown,,false
7910,0x2714f251b71e24b4a3ef47f9e2e671eb941b2665,5,0,Unknown,,false
7911,0x270dfe29402472dd11c043b665823bf0e5c4e3b8,5,0,Unknown,,false
7912,0x2706b6f5fe5262f0386de6a8f1f22ebf3e76c342,5,0,Unknown,,false
7913,0x26fe649b7671ccddd805ae49dac17eb9ef199104,5,0,Unknown,,false
7914,0x26c227ba30e3b431c83f8c7322e89acfa89712cb,5,0,Unknown,,false
7915,0x269cc042d1a4d0f33e6aae8ad58497ceb2f9421b,5,0,Unknown,,false
7916,0x2693ef5e965cb20fa44d85a3ffadb5f855524206,5,0,Unknown,,false
7917,0x2690eec47e55620ac3f365eb4d4b340134ad8fcb,5,0,Unknown,,false
7918,0x26870c30703f18570db6b41ec58b24c5b20c49f6,5,0,Unknown,,false
7919,0x26852a5bde6ce481f898ef7fde0ea8abd9ca4ff4,5,0,Unknown,,false
7920,0x267dcae7450157bb8d03330098c0d30878d97b8e,5,0,Unknown,,false
7921,0x2672b16cd23f7787a90610782cbd18ff4eaa1008,5,0,Unknown,,false
7922,0x2670cc6b186e865b044d2b0277915361764ea8d8,5,0,Unknown,,false
7923,0x2658cd5d53e90902f9e3aef4e84a6c025ef022e6,5,0,Unknown,,false
7924,0x26553ac2b77c0f1bb09583113ddd2e4daefab1d7,5,0,Unknown,,false
7925,0x263ef61b3fb269cbf647eeaa4c31cacf76c0bbed,5,0,Unknown,,false
7926,0x26328b1202030032ef89a53144a7f51de08664a8,5,0,Unknown,,false
7927,0x262e904afbb8144263f99710735cc182770b6e4f,5,0,Unknown,,false
7928,0x262dc6152892324df5adbadd65a93d98010704c0,5,0,Unknown,,false
7929,0x2629f8435f92242a82934092492318d6c4bb37a5,5,0,Unknown,,false
7930,0x262868e0a3b69157bc7c99cdefb74e81bb8bd6ad,5,0,Unknown,,false
7931,0x26263fbd67ec511fc105c564d98f7a2bbba94149,5,0,Unknown,,false
7932,0x2625af8ff2ce1787bf18348e3ef9986fbd7ba199,5,0,Unknown,,false
7933,0x2622fe01ccdef5508be2a6f8de98d2babbe51f28,5,0,Unknown,,false
7934,0x2622f100254d395eeab09e6ce885f3165e870acf,5,0,Unknown,,false
7935,0x2622c6de4a2f0f5dd3688630792fa9452d01443f,5,0,Unknown,,false
7936,0x261d23e31c9007ca98efd9f7ccf8a68c862ee02c,5,0,Unknown,,false
7937,0x261bdd0172762645e2d11b8981a6ac2279667aa0,5,0,Unknown,,false
7938,0x26161255511c6f4bde1eaccf69743a80a31539ff,5,0,Unknown,,false
7939,0x260ce3519ad3587d2a2f5fb9dee1b51bd27781cf,5,0,Unknown,,false
7940,0x2600dfeb88ca50ea7652d091d644e52bc41e0755,5,0,Unknown,,false
7941,0x25fffe496b871a573bc527b014c0bfba3ca50539,5,0,Unknown,,false
7942,0x25da018e308b5bd965c0d80163d84a83b580fcd3,5,0,Unknown,,false
7943,0x25d66d354ea1ccee8ff12505426bf64ab5e26838,5,0,Unknown,,false
7944,0x25d2fa6c884e8a3490907b4bec3d1db747b63652,5,0,Unknown,,false
7945,0x25cb0ce054404b635a90e6c60a091f2cb96eb0cd,5,0,Unknown,,false
7946,0x25c8ecefc5626e32918f570ec40a6a6a4321498e,5,0,Unknown,,false
7947,0x25b3eeebeea57a5496cbabacc3d148ccca6de925,5,0,Unknown,,false
7948,0x259dcb3f923cdaac1e569a894c1fab79abfc22d7,5,0,Unknown,,false
7949,0x259953d89fd110cdcd3c9fb7e876ea83fa9a1c43,5,0,Unknown,,false
7950,0x2593b1a8e5218fcd61bd47ebd6d582c2cda6eb9f,5,0,Unknown,,false
7951,0x2590e173ce19808359dd6341a78af2cade321be1,5,0,Unknown,,false
7952,0x2577c25b2cf9409838c0926d8edcc966b01a41ef,5,0,Unknown,,false
7953,0x25618d96707bc77a0c91c40a684448186f5e580d,5,0,Unknown,,false
7954,0x255d9fd81897cfdab6831ad785e1ce2719f3a0f2,5,0,Unknown,,false
7955,0x254c3aa42741ea8a5623780b346ee36a0a04d37a,5,0,Unknown,,false
7956,0x254a6d8267f377d42b9e79e1a7cd166f6ea7502b,5,0,Unknown,,false
7957,0x2544d71afda84c801e6e06ff5422e7b48195f13c,5,0,Unknown,,false
7958,0x25135b4711c43129d55af0defb41009714432ac6,5,0,Unknown,,false
7959,0x250bc69b01a2eaf903166b625275a1f004e615de,5,0,Unknown,,false
7960,0x250714d7d32631d1dd9ab09ac29d16e3bba7b4b5,5,0,Unknown,,false
7961,0x250325973d80f39a4840de88db22096a9068c3d5,5,0,Unknown,,false
7962,0x24fe7edcc6196a8f1336d4cdc5b27350bb070b1d,5,0,Unknown,,false
7963,0x24db484a321677839c551fd3afb93ec428789ffe,5,0,Unknown,,false
7964,0x24d53f8b78780c7eadd3124f477628a94995fdb4,5,0,Unknown,,false
7965,0x24d51095db81cee13f8b422c0410fdfdcd3d421d,5,0,Unknown,,false
7966,0x24cad0bf98d7b6a6b473ad08b7f371d838947e85,5,0,Unknown,,false
7967,0x24ca787d32c7308ee15093e357e67793d0754dfd,5,0,Unknown,,false
7968,0x24c91bb25d0879212100d8993bf528df2397150c,5,0,Unknown,,false
7969,0x24bc920a4a52d4565fa374e9bc143dc592cc359f,5,0,Unknown,,false
7970,0x24bb0da71a36deb0a3325523890c46ec347b64d4,5,0,Unknown,,false
7971,0x24b1221cdfaac34fad277b171524d330fd664626,5,0,Unknown,,false
7972,0x24aca7889281b82a2297088b8172a2c912a77128,5,0,Unknown,,false
7973,0x24aa0cdb800bea8856b7a757b570c1f01baf3b43,5,0,Unknown,,false
7974,0x24a422aa3bafd194fe0ee49505effefc85c4d8bc,5,0,Unknown,,false
7975,0x24a131c57acf764a4aa86ef081e9d71753e8738d,5,0,Unknown,,false
7976,0x24a09aab717474f6d74f0c0aa17fcb87fbb07258,5,0,Unknown,,false
7977,0x2498de06a157150c14e08d8e18f705aae7bfd7e9,5,0,Unknown,,false
7978,0x2490203d89c1f1b7cc68b012935940ca7fec1349,5,0,Unknown,,false
7979,0x248439ccac3582a19076d551d44317e9f3e91a3c,5,0,Unknown,,false
7980,0x24786b084a420f0703c7a4e0fa29e2c4a0dbbaeb,5,0,Unknown,,false
7981,0x246fcf1dc69a91fd9e1d94bf79e9385c71f139f0,5,0,Unknown,,false
7982,0x246488eae6b44532ab88f58960b57616631fd91a,5,0,Unknown,,false
7983,0x245b4d2cf85db5ca15f144f95c8921bede234fe7,5,0,Unknown,,false
7984,0x2442fda65bf8d390418db7c9b56c2f5bef5bf43f,5,0,Unknown,,false
7985,0x24421f80b72b44a2ee9a103621d22d77e0fa9fe9,5,0,Unknown,,false
7986,0x243e543b3306f26ce80ff5e2d8910db188e71138,5,0,Unknown,,false
7987,0x243bb4596afbf07631005b390f7052ce864f39b0,5,0,Unknown,,false
7988,0x242ed77d315a8d56cb79a6495c903a3f828f8c6f,5,0,Unknown,,false
7989,0x242b5fbde46677ed156562359e4f5c446e9f7196,5,0,Unknown,,false
7990,0x241364f6e207cc8b8c3ed9c8fa82d3a3b756329d,5,0,Unknown,,false
7991,0x24019e3a7d15f180e3f29464936ced2c21c99b03,5,0,Unknown,,false
7992,0x23e367832ab4b53a98f8688dbee5a8c1a0ee60c2,5,0,Unknown,,false
7993,0x23e061e73029f52af740db032243164bd44b79a7,5,0,Unknown,,false
7994,0x23dbdd40d05547c1fecb7cfc1cc5bf27edddc3fb,5,0,Unknown,,false
7995,0x23d62529ab86013659b92a8ef2f3ab004c7bb37f,5,0,Unknown,,false
7996,0x23d306a07f0174addda35be678240233d993cdb5,5,0,Unknown,,false
7997,0x23d186cfa0d26b03504a96f22458fd07f485c095,5,0,Unknown,,false
7998,0x23c77eb34fec4a7192f938b2474a3b2883fdcd8e,5,0,Unknown,,false
7999,0x23c6219c90eb7e84cb735aee765216055b01e273,5,0,Unknown,,false
8000,0x23bf62c91213980a9fc3adccf2c5f8390d5666a8,5,0,Unknown,,false
8001,0x23b86b650dcdb424960212423a875f7f662cbc6b,5,0,Unknown,,false
8002,0x23a4f19a16d786bc16e7e31fa51337f9bea52c94,5,0,Unknown,,false
8003,0x23a477f0e26d550448c2d636a412105683c5326d,5,0,Unknown,,false
8004,0x2393d9a68ee9b6fd39ad3a399a458e96436a39d2,5,0,Unknown,,false
8005,0x238e1e00e681a20c16a7b68b43a88f128209fcec,5,0,Unknown,,false
8006,0x237acc1932070a2403b6044120c1553a2ce79e98,5,0,Unknown,,false
8007,0x2376356fa4f45abb1c0d26c0789fc4f64f6c54c7,5,0,Unknown,,false
8008,0x23730d4f28996c306ea677d63a58776af480c7a4,5,0,Unknown,,false
8009,0x236f3e8885f9fac6c38d15fd84d48948360514f4,5,0,Unknown,,false
8010,0x2363c97adfa8e92f432e114ab9842b11988a58ad,5,0,Unknown,,false
8011,0x23595be82b21a48419dad28b9b2074988af08085,5,0,Unknown,,false
8012,0x2353e5dce2c1ad6cba51044c9b8b9b80633d8742,5,0,Unknown,,false
8013,0x2335355779dca171027895ca8984d28106b26484,5,0,Unknown,,false
8014,0x2330a1c2e049e0600714d433abd7b0b7532606f7,5,0,Unknown,,false
8015,0x231de276a7520adb9e188855fc7d785b7a30b3db,5,0,Unknown,,false
8016,0x2314e0285698b1a84049ed153d9319899b7c3a14,5,0,Unknown,,false
8017,0x2306aa1ba22434119b91c88792b99e103505be37,5,0,Unknown,,false
8018,0x2304446317a14cf20a12e3614925aa3e1d37396c,5,0,Unknown,,false
8019,0x22ffb89fcf1597c78974d5a283965fde020688b5,5,0,Unknown,,false
8020,0x22fc30965f65b90c7232aedef3f56899a61b9822,5,0,Unknown,,false
8021,0x22c842c09eafeb3e5efe468c123b35872f47f8ac,5,0,Unknown,,false
8022,0x22c4c053a60fb7f44600840e50af1a8c4c48a276,5,0,Unknown,,false
8023,0x22c462da3b3e77c499d2e63a6fe5aea4f518d396,5,0,Unknown,,false
8024,0x22aeb9516b12cb9a649ee1bc6428a35f49bf9f6a,5,0,Unknown,,false
8025,0x22aeb75c0c79aee9123ffa465c90840a1ceb555d,5,0,Unknown,,false
8026,0x22972b662137c6ddfd621c7c1dd6be7ad222b208,5,0,Unknown,,false
8027,0x22953b313e17ce772e84686453cd85edd6c44b41,5,0,Unknown,,false
8028,0x22939e5bbda3cbe9b817cde74a4f944871c75014,5,0,Unknown,,false
8029,0x228843ba3f0744a232505c3a99116e559ba80d25,5,0,Unknown,,false
8030,0x2275b8689c227a288a5c386af866e612627fb719,5,0,Unknown,,false
8031,0x227303f9dde57f01264d3b379266f5827e1684fa,5,0,Unknown,,false
8032,0x2272228a8239fc7c3bd54d88316c27c131829385,5,0,Unknown,,false
8033,0x2271b71950139aaf928b4467d33740e242f1b5da,5,0,Unknown,,false
8034,0x2270d12e151b4ce8785750b08ccbdb32d503466b,5,0,Unknown,,false
8035,0x22664b452f5396189178a46f9d249d671e34d050,5,0,Unknown,,false
8036,0x22560d9fb15f9aaec17d0c70aeffe4a9b4639925,5,0,Unknown,,false
8037,0x22365e821f3c70da995d59466687d738f2469328,5,0,Unknown,,false
8038,0x221eff660354e43e2aaf1a0e76513cec1ef35430,5,0,Unknown,,false
8039,0x22168728d17675c5b4ee6613c4a3a04010ad5e9e,5,0,Unknown,,false
8040,0x220e607e4ed00cda3afc5e1e3960aaf4b328b5a2,5,0,Unknown,,false
8041,0x220ab1acd0aa571fbcf0a7f1efa3195f1d92f033,5,0,Unknown,,false
8042,0x22062a48821e03e18eee90cd31cfe37fc9b94203,5,0,Unknown,,false
8043,0x21fa04d9d09bb0945ffc65b42be6d51b989b76c0,5,0,Unknown,,false
8044,0x21f8d1a959c5d8f4de8b6dec7cc76911cc67c02a,5,0,Unknown,,false
8045,0x21f0a504017e110ec32db5d7d80ec59032faba3e,5,0,Unknown,,false
8046,0x21ea0d053b061e93bdc6a7bc330287cae9ff4861,5,0,Unknown,,false
8047,0x21dd316fc64c4e8f1ffcb3620312e1b9cc4f4baf,5,0,Unknown,,false
8048,0x21b858f404e2e0d155d73114b9b544ac4cec4e0c,5,0,Unknown,,false
8049,0x21acf41839af6ccbc343e3d428450711e4d878ed,5,0,Unknown,,false
8050,0x219d886e9ecf94698cfa0769d642440788e7f77c,5,0,Unknown,,false
8051,0x219aa466af74aeab047f161b282fc18eba95aba0,5,0,Unknown,,false
8052,0x2191c152276de89045dc6d26317df9cf9d0ca4e1,5,0,Unknown,,false
8053,0x2188af96aa7283d910432ffc226fc922f20144c4,5,0,Unknown,,false
8054,0x21803b2c85508b8e129355c72780f486c4c076cc,5,0,Unknown,,false
8055,0x217fa0cb3028b3cab2bceeb41d0a763357b5f8b4,5,0,Unknown,,false
8056,0x21754ce9210756a369dc3c132b5e03851a33907e,5,0,Unknown,,false
8057,0x21747b453b44f76304d6e2b5cd01fcc39d972305,5,0,Unknown,,false
8058,0x216e62cbabbedb64177adc24cf3e0a5231751b56,5,0,Unknown,,false
8059,0x216cdd5bc218fa0b603512363b8f8d322cde5676,5,0,Unknown,,false
8060,0x216a73085aa27b6213cf26ce7decbce2062b5dbd,5,0,Unknown,,false
8061,0x2167883f33bc08baeb639bb6f2aec77ad152a942,5,0,Unknown,,false
8062,0x2140ab6b9ee2870b2d90e01f3f24172a9dbc0c9c,5,0,Unknown,,false
8063,0x21358cfaf78c9cc609d52ae71065f68b611f850a,5,0,Unknown,,false
8064,0x213521f0b01b388a80830c7948a991cd4d7b7afb,5,0,Unknown,,false
8065,0x2131863b6eab630ff3a4aa0a768c9c62d960cf81,5,0,Unknown,,false
8066,0x212cf3dab9ba7a433df14d95fd5d0165b8e11e3a,5,0,Unknown,,false
8067,0x212ca5252b5c3b746d70f28dd099df5617629def,5,0,Unknown,,false
8068,0x21167c380df49ad00e3163aa72594f4c3c3e6c78,5,0,Unknown,,false
8069,0x2114c8dd70b37dfc25766e5c08caa1fd9edd1c90,5,0,Unknown,,false
8070,0x210c7f56bc5027c50992608f0c025c5be69de77d,5,0,Unknown,,false
8071,0x20fcb754e8afd56fd3425139f3833692dda74908,5,0,Unknown,,false
8072,0x20f9efca7f45028df8920fecb939ea1382879620,5,0,Unknown,,false
8073,0x20f66dd865bcf46c77299b157d7031d07dbe02b6,5,0,Unknown,,false
8074,0x20ec5ee157d171975c625e291f22c52dfced5a54,5,0,Unknown,,false
8075,0x20df77871df15918609931f14d48960db9895562,5,0,Unknown,,false
8076,0x20db3eabe6ed46c1b8ecccf96ce05101afacff3d,5,0,Unknown,,false
8077,0x20c79bb8a4570bc807ad59b7092f7f4502e9537a,5,0,Unknown,,false
8078,0x20b8ff75d586acfea1a60328efa3c1111558966d,5,0,Unknown,,false
8079,0x20b6751f85c7b92b51f68fe208feb9a8ac1cd3b0,5,0,Unknown,,false
8080,0x20b243cc785cdeb6a78f65cf58899ebeaf441728,5,0,Unknown,,false
8081,0x20ab873440653ed34d420cf3b1cd00cb9975346b,5,0,Unknown,,false
8082,0x2096fa180564cc6bd04ea2045c806cd761548cb7,5,0,Unknown,,false
8083,0x20865755d4f2fe10026b8d5ce853fd53fe6d7c15,5,0,Unknown,,false
8084,0x208516d2f4db6e22adf55e94dd6ae856762f669c,5,0,Unknown,,false
8085,0x2080659d744cc9b72e2674d37e50e563a460d44b,5,0,Unknown,,false
8086,0x20800e51baaeb9e736956f19b0fccb7c1c4d61ec,5,0,Unknown,,false
8087,0x206e85be50b3911b006e932f38e8cbecc407f081,5,0,Unknown,,false
8088,0x204ee536b9fd65d31c448fa29acc01c94cb4d6e8,5,0,Unknown,,false
8089,0x204ba8634ba451f61147e788fb64f91328139ca4,5,0,Unknown,,false
8090,0x20405040b9897401cbcd69e4a716f50e90e4db29,5,0,Unknown,,false
8091,0x203b7c6388b69e5ddba009765ee24abd8c6ba198,5,0,Unknown,,false
8092,0x203936de90b0e2ba98194678999ef923d14c38c6,5,0,Unknown,,false
8093,0x20310e3e2b615882301b80a9e0df0c1fb566fcd1,5,0,Unknown,,false
8094,0x202f6850fb9779d3323757744b37ac44713043dd,5,0,Unknown,,false
8095,0x202ddb30d5d40a5410bc6f1688a57f2c3c7c57b8,5,0,Unknown,,false
8096,0x2023ffa17e51bb9d08324c6542871fa8c55d995f,5,0,Unknown,,false
8097,0x201f2b41ea9a9d4f556767115f07f094c818a09a,5,0,Unknown,,false
8098,0x2009a0d92a91bae1127f79a30570f3dc3b086534,5,0,Unknown,,false
8099,0x200842215b53f5bbb7c3a68c1cddee32e5a1e752,5,0,Unknown,,false
8100,0x20054ddc889d0638af356c0db8b6056cad7df328,5,0,Unknown,,false
8101,0x2004f7ccda86d638f557e7682f3592e5377d754d,5,0,Unknown,,false
8102,0x200218d783f52d0ef4e73345153e6a5267d59eab,5,0,Unknown,,false
8103,0x1ff34493817fc03e8f1d989683fc93475644d416,5,0,Unknown,,false
8104,0x1fe3f30ca121c3c53c52ebb9a16b7ccdb0efdfbc,5,0,Unknown,,false
8105,0x1fdcdebadcfd3c0b0909a596232f51a014afb165,5,0,Unknown,,false
8106,0x1fd204abec6ec6dd269f98ea5bfa63ced156e6d7,5,0,Unknown,,false
8107,0x1fc65e31ac40ee10feecddea4ab1af3dbe8bd9f7,5,0,Unknown,,false
8108,0x1fc287f953b2d64850de46b5d454fd410b71b181,5,0,Unknown,,false
8109,0x1fc17ac735a1c31ae7577fafb6526cecd4f1815b,5,0,Unknown,,false
8110,0x1fb508f2c32725dd3ee22a5edf76a7f107f409c0,5,0,Unknown,,false
8111,0x1f9e643938e065297ee115e0c06377a3c86018ee,5,0,Unknown,,false
8112,0x1f9564c4c75a81ff44c0cc8edb103d2c9b6cc448,5,0,Unknown,,false
8113,0x1f895b3bf88ec32859a97d676d4f024011cc71cc,5,0,Unknown,,false
8114,0x1f87efb625b82d69bee0d2b0d142b417c8b1176b,5,0,Unknown,,false
8115,0x1f818bfc54e75d3768f68a6795a68ee1704c3264,5,0,Unknown,,false
8116,0x1f7350789901627140a608975e476615fadf352a,5,0,Unknown,,false
8117,0x1f6d3779709f16a56bc0527494625e308632e345,5,0,Unknown,,false
8118,0x1f5b23209d2b40db7d00cdef566d10278e89524a,5,0,Unknown,,false
8119,0x1f5aea5453de087e96f29a96a37dd87fc7e914f2,5,0,Unknown,,false
8120,0x1f511a6bbc94617394d7b4c558e6f4bbb15aa1a8,5,0,Unknown,,false
8121,0x1f29135d620346bd128e0c33e97a228a4c146425,5,0,Unknown,,false
8122,0x1f234bf0606d7dbe5449010362d3e3530f732a0a,5,0,Unknown,,false
8123,0x1f0d4f6ff1479e245288510ff5a8518a4c57187c,5,0,Unknown,,false
8124,0x1f060b54c770cdd664463385065bfa338507073e,5,0,Unknown,,false
8125,0x1ef313b8c3f7ddd86ecda4cfab7325a0983e449c,5,0,Unknown,,false
8126,0x1eef2f6672dbf4d018b304760c3e685116bdf508,5,0,Unknown,,false
8127,0x1ee6a5c62ce8339dbc0237816eefed85ad7c9f67,5,0,Unknown,,false
8128,0x1ee46bdd25d49b7b51834a8f853931a4b8066682,5,0,Unknown,,false
8129,0x1ed9da0a70d2f2dbbde40602c1de7c06c2714dd7,5,0,Unknown,,false
8130,0x1ed009ca30298e5522512202bcfb7cfd989e41ff,5,0,Unknown,,false
8131,0x1eceea2427de5b4867bb77471da7971e3bc83061,5,0,Unknown,,false
8132,0x1ecd2229de9e6a91676ebaf2455fc5fa5e5b86fe,5,0,Unknown,,false
8133,0x1ecaf207984c7894fe98b40f0e26e46c0c19cb57,5,0,Unknown,,false
8134,0x1eb5ead5070f668198553d2f19cc760a053fdad1,5,0,Unknown,,false
8135,0x1eb419449183eda5ce79fb1c4cd586f72d549808,5,0,Unknown,,false
8136,0x1eb3b3da1793083d722e1cb00f881839c3655a49,5,0,Unknown,,false
8137,0x1ea5d1bca11954313cd7058a5d02d8489af07254,5,0,Unknown,,false
8138,0x1ea30298943dad90a35886e9d1e7060a5f2a4005,5,0,Unknown,,false
8139,0x1ea08b3ba89f1b0e7f11cebc147316b594b2aac6,5,0,Unknown,,false
8140,0x1e9981a573325d56693cdaa81e5703d0e66342cf,5,0,Unknown,,false
8141,0x1e97736aa259ce2d1e3eb9f5c6afb2b648c1fee5,5,0,Unknown,,false
8142,0x1e9767c60a9822bef9987a795d18470fe2d1d40e,5,0,Unknown,,false
8143,0x1e90dbfe6ecff2031a3881097a7b69583507cc32,5,0,Unknown,,false
8144,0x1e7e553a77d4816c65dce776a7c66dd949432cc4,5,0,Unknown,,false
8145,0x1e713f17aea320227a9e0321783c393fa79945ca,5,0,Unknown,,false
8146,0x1e705051036b30317a3f0bfb75d0425b5c1b0bda,5,0,Unknown,,false
8147,0x1e684532b217efc820f73569d608ddfdf49568ff,5,0,Unknown,,false
8148,0x1e621fd1079f9fce1973bf8f21bf2caf0fb93e8e,5,0,Unknown,,false
8149,0x1e5cbf4160fda9c10538308097ce21ac9cdd41eb,5,0,Unknown,,false
8150,0x1e4cc0342ee2332bb6820d78450e038cbb3950e4,5,0,Unknown,,false
8151,0x1e4a9f7b7d793485f6c2e7bc36b16efbdeec2f80,5,0,Unknown,,false
8152,0x1e35b3b92f0125f6013ec911f9bc872326979e57,5,0,Unknown,,false
8153,0x1e30143144c7f9038c3c1d678708e7db9ac9a7d4,5,0,Unknown,,false
8154,0x1e21b3f345213350c4f822476bc0e753fcd79f3e,5,0,Unknown,,false
8155,0x1e0b07213e5d4956cd0d706039c0da5b72b36065,5,0,Unknown,,false
8156,0x1e04a88188671d57b81b72612d4cd917c3d5c323,5,0,Unknown,,false
8157,0x1e03fa1e9fa2d86d779e3fd871f817be5d5a061a,5,0,Unknown,,false
8158,0x1dfafd101cb61e5ca441ea2d786d943ffcf30987,5,0,Unknown,,false
8159,0x1de596e4dcdf3e078443bac9e29775f6384c1892,5,0,Unknown,,false
8160,0x1de40c95a5e1491de65608a68ef055bf1cbe9ef3,5,0,Unknown,,false
8161,0x1de3bda7175124e3cd86e3633a638a8c9664c80e,5,0,Unknown,,false
8162,0x1dda8271dece628519e036f31193ca4c28995395,5,0,Unknown,,false
8163,0x1dc56db98f5512c5b7159c3d9a16d08e8fd044a0,5,0,Unknown,,false
8164,0x1da735f6a5df8beb428017149cdc37aeb4105489,5,0,Unknown,,false
8165,0x1da0014218142cbb1bb0e5b1e4a8a510a662142e,5,0,Unknown,,false
8166,0x1d9cce65776c4def1664b6976ef915ec31e2e97b,5,0,Unknown,,false
8167,0x1d9b67ce1cbf499f21eeaa71da8b06897ebb37ad,5,0,Unknown,,false
8168,0x1d94a6c1aebfbd629745182966d441af3495c773,5,0,Unknown,,false
8169,0x1d773d66801d2a6b66babffd5dc9337b37cfd9c8,5,0,Unknown,,false
8170,0x1d5bee9de29fb4b076f14d36104e2b57fa0869e0,5,0,Unknown,,false
8171,0x1d4747b9968377bfb82b19edf871460e031a3f36,5,0,Unknown,,false
8172,0x1d42b03042ef07447481d247b75ebfcbdb694320,5,0,Unknown,,false
8173,0x1d381d9f2ad95ff96b3c6245598a0f2687832d2f,5,0,Unknown,,false
8174,0x1d24fa09f37c18369770bd6440e0d97b06fa8770,5,0,Unknown,,false
8175,0x1d2218d8f06d3e13d6a5ca12b8a7add9c957a229,5,0,Unknown,,false
8176,0x1d1de53f764c6edb5647373a69ea9956a3a3f1b7,5,0,Unknown,,false
8177,0x1d0dceb57c72efa15bca311ddb0b495a2c4b6a8a,5,0,Unknown,,false
8178,0x1cfc433d5483eae678a207d97e67c80f7da5e3f1,5,0,Unknown,,false
8179,0x1cee82525a3f49e6110c3debcd11f06375e9a33c,5,0,Unknown,,false
8180,0x1ce409e3bc3ecf18e1775045e88d081f6d199b14,5,0,Unknown,,false
8181,0x1ce0a437e51b251f4efefab9f6c94d65698c0b93,5,0,Unknown,,false
8182,0x1cd64f317afa741cc3132d0d7f361d676f4dbf6f,5,0,Unknown,,false
8183,0x1cd111d6036f08d4e0d55f7d563b5e170f893468,5,0,Unknown,,false
8184,0x1cca5745b45a2e994f52b075a59389932f7b47fa,5,0,Unknown,,false
8185,0x1cbe9c4e37d6d90f3b5c915dffb01455c4c6cb12,5,0,Unknown,,false
8186,0x1cb9ce5bd752092f4cb0c47641e23aeec9bca66d,5,0,Unknown,,false
8187,0x1ca005e2c25d33090ac5cfcfafeca3fd5d4b1d14,5,0,Unknown,,false
8188,0x1c93314567d75f84805dece39de649b8a1f3f142,5,0,Unknown,,false
8189,0x1c92fe62e8c6daa5d8db432d2567a627845b834d,5,0,Unknown,,false
8190,0x1c88a158b68094e2d9b43ea21de38c405fece9e5,5,0,Unknown,,false
8191,0x1c85dd60dc8d513d9df1d6df86c60177cdb2eb8d,5,0,Unknown,,false
8192,0x1c7d45979cdb1d130cf863a5ebca55f2b6531ec0,5,0,Unknown,,false
8193,0x1c71ee83f5b910b332070b3c0f157903ffb5e36f,5,0,Unknown,,false
8194,0x1c7180c1d46679af5fb305ccf2f5dc9947435716,5,0,Unknown,,false
8195,0x1c4e5f65c64b5e0d9415b08596fc356cb48da514,5,0,Unknown,,false
8196,0x1c48d6a999daeb3f94664ef6e38605ad61073645,5,0,Unknown,,false
8197,0x1c47da7b97f121efcdd70d67e0df98840a00a5d8,5,0,Unknown,,false
8198,0x1c1c1b6c40fe114edde15a46cd30ed2100a34005,5,0,Unknown,,false
8199,0x1c0a470b85ec32f9068e7a5f44020b180ba02f33,5,0,Unknown,,false
8200,0x1c032395f8f71c7b264a5105b34fdb6112b3a768,5,0,Unknown,,false
8201,0x1bffe75f7adc50bd0c3592ce9d0ef36611d0f14d,5,0,Unknown,,false
8202,0x1bf57e0252eb29c8e64bb585522644d612a921e3,5,0,Unknown,,false
8203,0x1bef3c793a4bd858ebf84400e56e721cc2772260,5,0,Unknown,,false
8204,0x1bec1a8e5243f3910d82affb84d3f9b110586f2a,5,0,Unknown,,false
8205,0x1be66f01052244047a322a7ddd50ded586e43cd6,5,0,Unknown,,false
8206,0x1be53ffbf729aa83a37b5e3d4343fa7511ff286f,5,0,Unknown,,false
8207,0x1bc8d9d5e452f5339245989e4fe691f501cd3787,5,0,Unknown,,false
8208,0x1bc690a634782684870dbbbe8bdedde2c0a7aa6a,5,0,Unknown,,false
8209,0x1bb593502720f6b15ae02e31cf32bdb728dc742f,5,0,Unknown,,false
8210,0x1bb1d26ea9a010899fbb1021cc030a0b92da0f7e,5,0,Unknown,,false
8211,0x1bb1beba6ad0c60dfcc2910912a1e659239133a1,5,0,Unknown,,false
8212,0x1bb0b3cf811f55ac989767e455ddfb3950134e58,5,0,Unknown,,false
8213,0x1bb03963c2f64fa26c129945ce3a3c2733b1bfc0,5,0,Unknown,,false
8214,0x1ba19a0c566ce397ddc2aed9411fad0d10c3dbf3,5,0,Unknown,,false
8215,0x1b96938fed53e9dfc2bc77f7092d0c26338952c0,5,0,Unknown,,false
8216,0x1b93f2c4168f85429f929af5803584a1044b9576,5,0,Unknown,,false
8217,0x1b8a07c7bfc2fa94c7f7a41f1b5e3ed3592f27e9,5,0,Unknown,,false
8218,0x1b8595fb693f19912531f4164451aabcea6d0e5b,5,0,Unknown,,false
8219,0x1b8546a5ec9d8871080ea0d316e48889e6f3f867,5,0,Unknown,,false
8220,0x1b81a0f314c8849e76de07514ce2e6e74e7a25d2,5,0,Unknown,,false
8221,0x1b6c413e2cf7770d9b4fcf2bb27e2ad138f840ad,5,0,Unknown,,false
8222,0x1b65ff8765b28e599f8002395cc86f190b0c96f0,5,0,Unknown,,false
8223,0x1b61375728e19e3e2ccb35cb4812c18c3fed02ba,5,0,Unknown,,false
8224,0x1b58300e4337ecbeb5d4f775c5fec645142c6e07,5,0,Unknown,,false
8225,0x1b4d817e4b37c68525bd2d71154c6a55a3ac70f2,5,0,Unknown,,false
8226,0x1b4761569bf9e9862df30677b0fd90841c996c29,5,0,Unknown,,false
8227,0x1b3c92ad40de028d1ca8a5279add3ebaf66338d2,5,0,Unknown,,false
8228,0x1b3baa238bc0c7d38a9d89250afaa258556adeb7,5,0,Unknown,,false
8229,0x1b378c3b1f373df52f84aeb1dd3ca2ea659d9823,5,0,Unknown,,false
8230,0x1b26d3a4483573fb38d6f9688d5bc10663cb43af,5,0,Unknown,,false
8231,0x1b17c3cb303654c8e6cad2f90869d2deaa5f639e,5,0,Unknown,,false
8232,0x1afa78948a67ec86435485baa18944a0f76e1fa2,5,0,Unknown,,false
8233,0x1af12b776bdc5cbfde593da0e6863b32e59afb38,5,0,Unknown,,false
8234,0x1af092d137f60d20102b2d1d6b3d8cbd340c40fd,5,0,Unknown,,false
8235,0x1aeb18980dc78707a56abb81c229ae00ee0aeb24,5,0,Unknown,,false
8236,0x1ae1550980d5afdfaef1a02d25d7cb951d019e55,5,0,Unknown,,false
8237,0x1adc5386b4ca2cdfb3eac9ab4847e22dd6474b59,5,0,Unknown,,false
8238,0x1ad9b269520695b1f82969cf09937cf2665fedcc,5,0,Unknown,,false
8239,0x1ad3937f177b45a710e42cfcc708545f8e5e1998,5,0,Unknown,,false
8240,0x1ad35aa6a2894f75282e62102c7fefc24179068b,5,0,Unknown,,false
8241,0x1ac9e005d3b09b3465ad7afadf631d8737643b2f,5,0,Unknown,,false
8242,0x1ac774161b6f9f86726bdfa584db1df81cf5c7cf,5,0,Unknown,,false
8243,0x1abcb177ee6d6646ec490c0ed8a0c7e5a0d65275,5,0,Unknown,,false
8244,0x1ab7ae94e412a64b55576121615b11fa290c5fc1,5,0,Unknown,,false
8245,0x1ab68b4a59d8df0ade6016fa39da8925ae5d4e71,5,0,Unknown,,false
8246,0x1ab21ae1853cf4f6ac05c6297229b6b302421b39,5,0,Unknown,,false
8247,0x1aad907b16ca3d3a6f122a4628f89ea241a27faf,5,0,Unknown,,false
8248,0x1aacd81cbedd1e49d02591042286bb13ae2f2e73,5,0,Unknown,,false
8249,0x1aa4b03fb1fc3e76f53ca732dfd89bfc7122ba24,5,0,Unknown,,false
8250,0x1a9710a1076c56d301445931be72894702b0758e,5,0,Unknown,,false
8251,0x1a898c2f251f18768876a018e7a08e4cec4645df,5,0,Unknown,,false
8252,0x1a66d23cdec8d00e827cc3c534615e674d1c3a84,5,0,Unknown,,false
8253,0x1a62205eadfdae50931fb4e47748a7821151c1d5,5,0,Unknown,,false
8254,0x1a583aecab8af51381886ed3add7b7547f106b4a,5,0,Unknown,,false
8255,0x1a569f7f91ed3f6f42b1e317e774c3d41ba49921,5,0,Unknown,,false
8256,0x1a50d53fff164cafdef79a3d5d0dfd36f629439f,5,0,Unknown,,false
8257,0x1a2e39d15c1a280fd9f7ee9f68283679c1492770,5,0,Unknown,,false
8258,0x1a2d3c34130207afc3c39b828e184736223543b5,5,0,Unknown,,false
8259,0x1a272a97ddfe2fdb1ff3d4cee24c4ce80c1cf8b6,5,0,Unknown,,false
8260,0x1a01496178907b8e67d4acb0852f5442466e1010,5,0,Unknown,,false
8261,0x19ffe1742aaab83b070536900c29c9ef9f8bce55,5,0,Unknown,,false
8262,0x19f5a917d2c7320b7ea89f394164512f5c67fd24,5,0,Unknown,,false
8263,0x19f316cfcce9c28d472b5a83f19b555f8cffed81,5,0,Unknown,,false
8264,0x19f25c060cf383733150e8c37f4e02a70724acc0,5,0,Unknown,,false
8265,0x19e1b7b8fc30ac652b9215e9e39baa5e00af839d,5,0,Unknown,,false
8266,0x19dd0d4a8245d97b3a5ad68ef8028f3803b892c1,5,0,Unknown,,false
8267,0x19db3b7f6715f390f483a3ee9f2c26f9e516830f,5,0,Unknown,,false
8268,0x19db2bf1a93573c131cb8d96a93086a5571be2ff,5,0,Unknown,,false
8269,0x19d3024678020dbb4c20c15e0569ce98a7268ed5,5,0,Unknown,,false
8270,0x19b37ec8ba0d2d3814cdf72e39b89e821e53791f,5,0,Unknown,,false
8271,0x19b25e986b6181c7abcc23af775fb7200bf1bf98,5,0,Unknown,,false
8272,0x19a9ca5fd4b1f47f5f1f42ee4aa41e5b889074be,5,0,Unknown,,false
8273,0x199916fcb414a27a705d07dabb5ae7691860799c,5,0,Unknown,,false
8274,0x1994df162cd2988d019f71bd02e43479cccf2710,5,0,Unknown,,false
8275,0x1994b6f4bb5f2cfbcdcc7b988d138a0935a59fe3,5,0,Unknown,,false
8276,0x198cf8099608311ec570b0e8497819eacc060f1a,5,0,Unknown,,false
8277,0x198ad44ef9e3faf91e3770ef7dedf9229591c32c,5,0,Unknown,,false
8278,0x198479d3cace57b9ea0f887ebe1fb9ee75c4fb1d,5,0,Unknown,,false
8279,0x197c2a7e1b64316d5b64c826e1fe0db1ce529892,5,0,Unknown,,false
8280,0x196845c9cb12423c311a026091e3bfab4bcde937,5,0,Unknown,,false
8281,0x193368b9ef6c7e8dd3980b69273158628fb41f21,5,0,Unknown,,false
8282,0x1930cd3dcea7a15772122119fbf5dbc4a817503d,5,0,Unknown,,false
8283,0x19292aa100dcdae918bddfe7ecf3c3726ea1c6fb,5,0,Unknown,,false
8284,0x1922882cd6231a3c06e8fe1c1a95690d4ee496f5,5,0,Unknown,,false
8285,0x192256f6bef3965335f7606662502684094fe9e6,5,0,Unknown,,false
8286,0x191c93fe337324dba549ef29682660e4e4c37014,5,0,Unknown,,false
8287,0x1911035b5acc43539a8c70416e9679e91566d504,5,0,Unknown,,false
8288,0x190e607ebb0574561fc28d830db412214a27b3ea,5,0,Unknown,,false
8289,0x19058e0d04bc7671105ed0a044c3379c42c5d398,5,0,Unknown,,false
8290,0x18fbd48c3e47735f3bda5320234c0d89761c3ca2,5,0,Unknown,,false
8291,0x18f98d7e94532b19423f7782bff5bb75fd83bedc,5,0,Unknown,,false
8292,0x18e6acdbc5528457523524f6f5161e14e6391544,5,0,Unknown,,false
8293,0x18e3eaf846f788c59add3d19e057537e884f18f0,5,0,Unknown,,false
8294,0x18e24548deacfed6d7e288fdc985ba172811fecf,5,0,Unknown,,false
8295,0x18d18ab2f76e834fe468678c777543d2abf509af,5,0,Unknown,,false
8296,0x18c8727a95bd4a3f3155ab46a59d05d1724a807c,5,0,Unknown,,false
8297,0x18c7228926e054a349287516ea4aae2e42d31279,5,0,Unknown,,false
8298,0x18bfdf7e3672ca600861275d2efb37051e93c3e4,5,0,Unknown,,false
8299,0x18bf437f666d04e7b7ad5c54771fe8c5aa0d22ed,5,0,Unknown,,false
8300,0x18b481e05f22677df40834e6ed5d65d09a5baec9,5,0,Unknown,,false
8301,0x18b074cb0be66acdc53422f35c96bb3fb6ed5fec,5,0,Unknown,,false
8302,0x18a63a0a47bcd58efffc829638b7e1d73794ca05,5,0,Unknown,,false
8303,0x18a14f86fb1b4445918d7b241dd3661fa76bc8d0,5,0,Unknown,,false
8304,0x189307c3b7cef39c7d3b7345104fde5980df63ec,5,0,Unknown,,false
8305,0x188da1d6fd8dd0660649073002099c6614ea180b,5,0,Unknown,,false
8306,0x18804d20c1f59cb6a36a017bded10c6176b35d8e,5,0,Unknown,,false
8307,0x18785d67e647e2fe70e4525077913cbd26c4cab0,5,0,Unknown,,false
8308,0x186ec8f7d51d4a3db3fb4dc010ca593cb1693480,5,0,Unknown,,false
8309,0x186c9945d434bc0e400afdc83012ad2974f83805,5,0,Unknown,,false
8310,0x186999a69beda70946e064b52306601913a75119,5,0,Unknown,,false
8311,0x185e1bb652d9aa99fa5077f1e383d41d1dbde41e,5,0,Unknown,,false
8312,0x1854f684bf600dd1fdeea0a7ffeb5279b7c03b4f,5,0,Unknown,,false
8313,0x184a75d0b215121e83878cc3fdc71bc10e05f1b1,5,0,Unknown,,false
8314,0x1849b297b0244ee68fbd8dd2ec1bbab955d0e7d9,5,0,Unknown,,false
8315,0x1847a7f63050b52493de197f240d07e7b6335f8d,5,0,Unknown,,false
8316,0x183fad23c3f49e0c40a78d4abc3c2c2356039bdf,5,0,Unknown,,false
8317,0x18386b49b2ceb3890de54a8d6b87c61af0c0a893,5,0,Unknown,,false
8318,0x1833ceaffa84f2646402cf91e059fc929293ddb3,5,0,Unknown,,false
8319,0x183213605212127da857f1aaae9874ab4675d69e,5,0,Unknown,,false
8320,0x182fa35db29219138e487530bb8e68f4d8ace194,5,0,Unknown,,false
8321,0x182af694899e0b04ed91dda2f0f35302fa4bd09e,5,0,Unknown,,false
8322,0x18227d6a8af9a80c8cf6480ae4566ee04e995874,5,0,Unknown,,false
8323,0x180d63ad5992d67da769fca4d12abdcd7cf0b3ec,5,0,Unknown,,false
8324,0x180758e5576295ed0700ed54ed6c16c950420da5,5,0,Unknown,,false
8325,0x17fcc786286112e8a4532dbc2661baa22bb4f639,5,0,Unknown,,false
8326,0x17fc64eabf1faa140c77a03e96825e97db1b80fb,5,0,Unknown,,false
8327,0x17f99723ec317a345c7e333a532cc180da5378d7,5,0,Unknown,,false
8328,0x17d9afe09a0b529fb08bc3a307c4d6f020bf9bab,5,0,Unknown,,false
8329,0x17d6dd12f27435b92e7bc88a2444277528cc5043,5,0,Unknown,,false
8330,0x17d6acea5d8b469a01bf11fb634bdbaa245d1e90,5,0,Unknown,,false
8331,0x17d3da3abecb25a99a2d36e15a07f36183d75c8e,5,0,Unknown,,false
8332,0x17c6f767530a4c890541b00f676d8df1ca5ac016,5,0,Unknown,,false
8333,0x17bf9e5a3ad3f5bcf5d5ddf63e5a990e7c99d366,5,0,Unknown,,false
8334,0x17b846de9a6710c6ab745fcef61563e540211081,5,0,Unknown,,false
8335,0x17ad2dd59d66f07e6dfd1ff48383313cff198371,5,0,Unknown,,false
8336,0x17acd2ebec3a3f00b7400578574c31307a305310,5,0,Unknown,,false
8337,0x17a917f389b979020b109b1c70f6046eb1b9cacc,5,0,Unknown,,false
8338,0x179ea8c66ff4db8970c9cc42602ba0525c816376,5,0,Unknown,,false
8339,0x1796cad0dc7633b41620a30c25f3a56404ee9d79,5,0,Unknown,,false
8340,0x1790f89f7b30aef755449081d48c81a2323351db,5,0,Unknown,,false
8341,0x1782d52e92f7614fffcd41cdcf6a7cc0ff949577,5,0,Unknown,,false
8342,0x176a2dbefd00617ec6283c20b1e6c82d310f65ee,5,0,Unknown,,false
8343,0x17559ec459b1fbc40dcb955a20cc8f2b720ce347,5,0,Unknown,,false
8344,0x172b64aef01fb3f93461d2d69aa7ab1d6f9607f3,5,0,Unknown,,false
8345,0x172631a85f92c95a3df331e14e9ed7d845315628,5,0,Unknown,,false
8346,0x17201f598e472254d8319514ebc5f9b1613d89ed,5,0,Unknown,,false
8347,0x171fd1b448d41933585356ae6cd4f3fb6321fcbf,5,0,Unknown,,false
8348,0x170c184a15df5c27cf8f12bd4b2a4666a3412ce2,5,0,Unknown,,false
8349,0x1709fe4d1ea528e01ea4bb5c7bc118f05fa71cb1,5,0,Unknown,,false
8350,0x17052df754c5e8c377097e3c68d75a345f401b85,5,0,Unknown,,false
8351,0x17006e6b101f1cc9c9e45a947ea2c5e58130f3c6,5,0,Unknown,,false
8352,0x16fd5858554d8c99589e70463b58bfa287ee5535,5,0,Unknown,,false
8353,0x16d69b0e0605950dba04d73234fa5946aa18d3a8,5,0,Unknown,,false
8354,0x16d68ae26725c748af6336e5855f22ac81df970a,5,0,Unknown,,false
8355,0x16d20004b440ee969bd6ee95dfcb28335ddb85e2,5,0,Unknown,,false
8356,0x16c47faa2188083f21e6b01f5544708c860e68e0,5,0,Unknown,,false
8357,0x16bc8d9b53075a6dbbbdedc694ec31ecf8eb76d0,5,0,Unknown,,false
8358,0x16ba836a868be71fb843ab183beaf7c1791a9081,5,0,Unknown,,false
8359,0x16ae85c23bb1bdb92eb62d2d6175d548667b25b1,5,0,Unknown,,false
8360,0x16a36257b1c4a5884c70d6691f72f04c91f5e597,5,0,Unknown,,false
8361,0x169e7d7bca2810cca8c725fa05652b39afcc4537,5,0,Unknown,,false
8362,0x16850a94a1b6a48b2faa6bde3cd69fe26fbfe2d9,5,0,Unknown,,false
8363,0x167d8c7142d9dea1cf4dc03708fe7c74ed30c920,5,0,Unknown,,false
8364,0x166d17edb2ed416d119c47da34a36302ee319a63,5,0,Unknown,,false
8365,0x166be35c5caad5fc390b760da900a3030f6dd5fc,5,0,Unknown,,false
8366,0x1660e8072da8b55ceeea82e16d97d2638b3d5477,5,0,Unknown,,false
8367,0x165dd429ecb8488852d4fb95492def3695698f1e,5,0,Unknown,,false
8368,0x165dad0e0a1a2809418194ce6a53b16f1df58f8a,5,0,Unknown,,false
8369,0x1659f280ccb38df1975a21ab5517bf68c6a04d06,5,0,Unknown,,false
8370,0x1650b0705693263344abcb2e0f4ac599e00622b0,5,0,Unknown,,false
8371,0x16418c19e3cb4182ddb78b4f4ed9725235622c4a,5,0,Unknown,,false
8372,0x163a16eb82b7712f4f20a4040baf6eca0eae85ae,5,0,Unknown,,false
8373,0x16397f70c8e2b9b1a87a4239ad7f5e247cf4cb8d,5,0,Unknown,,false
8374,0x162d88b6221b20e9e76cec06d66f4732150506d4,5,0,Unknown,,false
8375,0x1629d35b8c94f20359a1b06589815810cc62403d,5,0,Unknown,,false
8376,0x15f32c5c4cdcd5a5f1c27429a5ac031a8e07708e,5,0,Unknown,,false
8377,0x15f0c78250daf1b9b647db8a26b5c73c89b5c094,5,0,Unknown,,false
8378,0x15d6f980959688744a3146966c22c1b271a69e67,5,0,Unknown,,false
8379,0x15cc4947680427a598d791e83f0c0827036cf337,5,0,Unknown,,false
8380,0x159b34c0c7f9d82ebe240382921bdabe1839b190,5,0,Unknown,,false
8381,0x1584326aee2c5d2ee8463c42c1fe791f0778068d,5,0,Unknown,,false
8382,0x1580c4479551a9db609ca9a505a96a69d5290eed,5,0,Unknown,,false
8383,0x1574f70ef63f07065b9a428442d0c5ef0b2bc4bd,5,0,Unknown,,false
8384,0x1570cfffeb79e6056af5b8d842709eb4b1d2ea16,5,0,Unknown,,false
8385,0x1563d0d1eb42adbff738d72e2af04555b6abde6e,5,0,Unknown,,false
8386,0x155b949965fc82a44bc504a01daf479c32e26903,5,0,Unknown,,false
8387,0x1552938552c9cffa631b7ab36124c5339a40d5a7,5,0,Unknown,,false
8388,0x154d6f0f7b808007e5175010ee5d462af743bfd7,5,0,Unknown,,false
8389,0x154788583fde5c5bf2c8a692612af7659b1862e9,5,0,Unknown,,false
8390,0x154140e847f28b4d56beb405e191bd50657483c1,5,0,Unknown,,false
8391,0x1537b93167ba297caff15696b26eff93bfc4cab1,5,0,Unknown,,false
8392,0x15332b1d06db15a4af87c2098e39848adcdfd4eb,5,0,Unknown,,false
8393,0x151abad479f2dd573af774aa57c0b78b704eab34,5,0,Unknown,,false
8394,0x150abefb96bea1d0d74adfbeb2641d5e3bc873a9,5,0,Unknown,,false
8395,0x150709f2d13692e617abd0f28b75a9ff7c120961,5,0,Unknown,,false
8396,0x14fb64d51b154bf3232e4719162236d6f5dde5f3,5,0,Unknown,,false
8397,0x14f3954a9000c9428884e050f75ca1ba5cb39c6a,5,0,Unknown,,false
8398,0x14e9920837763d3ab0c0c9df021c6dc5aacdddb0,5,0,Unknown,,false
8399,0x14e7eae088bfe3eef5262bea8880eb57e719e61b,5,0,Unknown,,false
8400,0x14e1d9bb18c8268c2ec6c113f2ebbfbcd50fdd8d,5,0,Unknown,,false
8401,0x14ddd54e3d5c778ac2187815be54bb1eb4720e26,5,0,Unknown,,false
8402,0x14cffcb275760aba59fb8ea17e88e38fffdfad81,5,0,Unknown,,false
8403,0x14c08e275cfc36daccc427333a5d19196b6803d5,5,0,Unknown,,false
8404,0x14ba796af307523ca77ef8d1f0fca84386697598,5,0,Unknown,,false
8405,0x14a2d87fa05abdfbcbb258bdc889e210fb3683ae,5,0,Unknown,,false
8406,0x149ee6b852a542651809f03e61abc7122dae4915,5,0,Unknown,,false
8407,0x149e03eac4ac29dd9142b13b2da354980dafdff7,5,0,Unknown,,false
8408,0x148f165b2c5db4a507cdb6f1ee8c87558a32dafa,5,0,Unknown,,false
8409,0x147abb70a90caa26895b9370735b315c892c2012,5,0,Unknown,,false
8410,0x146cf5e421a11537d0cb50bc18e1f6919bc202a8,5,0,Unknown,,false
8411,0x1464997a1af4dff0a3d04bb7ae34925373c4536d,5,0,Unknown,,false
8412,0x14631d42df32c636c9ec516f450a9666005ea69c,5,0,Unknown,,false
8413,0x144a2c73714bb2f33d79e21eb1fbe85ca82f9225,5,0,Unknown,,false
8414,0x1449f9bc01a163a187e653dac24b036ceda04986,5,0,Unknown,,false
8415,0x143053d1772f5cf2ac3d69dbefe7a8b92cd96a24,5,0,Unknown,,false
8416,0x142736e69f7c614d3fee0cae08682f14f6c9fa23,5,0,Unknown,,false
8417,0x14163feaea370cfaecdd8f7cb9018cec92aa5c40,5,0,Unknown,,false
8418,0x1415f2d9c492529854f0ba6b56e405472990774d,5,0,Unknown,,false
8419,0x140e324f15821019e04f202a0e45c9c70b33cc07,5,0,Unknown,,false
8420,0x140835c0d0b95b354fbea4b16a9bbb1a94cde581,5,0,Unknown,,false
8421,0x140825ad2522828cbef54a4f8f5361d2eaa8a471,5,0,Unknown,,false
8422,0x14015d55f00bf2309ac511d0ac202979e3ee08bf,5,0,Unknown,,false
8423,0x13f2b8bd6229e30135f1ccc51e95cb0dbd2f8c11,5,0,Unknown,,false
8424,0x13e6d5beee81e536d60b82c5fbee8c3a30ca7fb7,5,0,Unknown,,false
8425,0x13ded6eb918d5455c50533056bc174dcd3188d17,5,0,Unknown,,false
8426,0x13d9f0461140a68c6ab82566bcb2b47722360a41,5,0,Unknown,,false
8427,0x13d2390205ae4b7112bce7cdc6e1992107aaaae3,5,0,Unknown,,false
8428,0x13c2ffb00904c8fae32030e481c569b5de29a33e,5,0,Unknown,,false
8429,0x13c12aa6c1b5464bc263bf9e9e01041457adeb87,5,0,Unknown,,false
8430,0x13ad6006545ab1074ac322df9d983907503da5b1,5,0,Unknown,,false
8431,0x13a258457260b2304abf952eabdedb3f88352120,5,0,Unknown,,false
8432,0x1382b72c8a276ee35c26c7ac0f687bc10de04b6f,5,0,Unknown,,false
8433,0x137dc1d2e5d03500b6874fe0db559bcbb9ac610c,5,0,Unknown,,false
8434,0x1375824deb61279517a6c8be7878d8b2e8267c06,5,0,Unknown,,false
8435,0x1373a251bc8ed9737927f9534528895af4be60c2,5,0,Unknown,,false
8436,0x1352042b3ddaa42137c6d8b848cb4289dae45c6a,5,0,Unknown,,false
8437,0x134f6cd68423a39d607781fe6b5323a86616ac6d,5,0,Unknown,,false
8438,0x1326caf3d506cd565c7aa732be992e9dc70b2d70,5,0,Unknown,,false
8439,0x132268815550615cfb322fb1a2bf0b716b42ca25,5,0,Unknown,,false
8440,0x1312f27ca9fe0a1a7e93ebeff81e63f3c8a06b0e,5,0,Unknown,,false
8441,0x12f4f1d80e23181b56593583809b938719dbcbfc,5,0,Unknown,,false
8442,0x12e98a8bd88d0481634fa2e37ed5cb359e62869f,5,0,Unknown,,false
8443,0x12e0d41c1c1fa65a5b19c4cd7af4e56954798b4a,5,0,Unknown,,false
8444,0x12e0a594b81f9e746d9bcea14bea621558faeffa,5,0,Unknown,,false
8445,0x12ddfc404ab6b6aac0e3ac8f1c8a23bcbbf02144,5,0,Unknown,,false
8446,0x12d098c94017b39384d36cbfaa5c571c7e96cdaf,5,0,Unknown,,false
8447,0x12cd1d7224eb401f60d6792370a2732e543da1cb,5,0,Unknown,,false
8448,0x12cc18807712d2f0dc6484700689f33671d63e67,5,0,Unknown,,false
8449,0x12cbc40502c7b1c723edc23bb3893cacaf9dea0d,5,0,Unknown,,false
8450,0x12cb3613b253463156e20e7b45724738b0bdfa8d,5,0,Unknown,,false
8451,0x12c30eae7e17931a70bb18f3450ff6993d3c12d3,5,0,Unknown,,false
8452,0x12c11452ecc205a6e33ad79ef02cd03f0b9d0fe8,5,0,Unknown,,false
8453,0x129cc5221e30bd026581ad36e88494aa3bdc8fb2,5,0,Unknown,,false
8454,0x1299fa48e3f54d1b7e25e981a65921aaedcfb710,5,0,Unknown,,false
8455,0x129773ed2fcff4f2844f0189c0d98f00728a6697,5,0,Unknown,,false
8456,0x128c99b50056ae1e76977b05b780555c18a819bc,5,0,Unknown,,false
8457,0x1288f2fe679c51f5d06c928ea69c37f996da5182,5,0,Unknown,,false
8458,0x1283482d37b0a0c28f616ed6888e36b3214fe432,5,0,Unknown,,false
8459,0x127816d0fc2fa0b68c7e87e3d419fb574daf37b8,5,0,Unknown,,false
8460,0x126bcaeee6b240e8bfd045c04185d7bf8cbc3057,5,0,Unknown,,false
8461,0x126b45674efde0cd90d804b015bc2f9da860a520,5,0,Unknown,,false
8462,0x1260370b9e1fe5d4e3a45fbdc7292ae860fafb7b,5,0,Unknown,,false
8463,0x125f493a3e999f9502dc19d6400559090951fb2f,5,0,Unknown,,false
8464,0x125bb7b1c4759cdbb5137d57663a0ab3aca0a538,5,0,Unknown,,false
8465,0x1259d446982e90fa26a86cab9cc213635b3df6c5,5,0,Unknown,,false
8466,0x1252dd90d4e55178c976aa5ff77bd4391c78d400,5,0,Unknown,,false
8467,0x123e5c92b14d419ac8f6e8ae742825a1e8c5e4d3,5,0,Unknown,,false
8468,0x123dedabf55b565f91c11b2715b72143b3f06ba6,5,0,Unknown,,false
8469,0x12374d5dab2a341fc8298135d6bfdb9f05f6a5d3,5,0,Unknown,,false
8470,0x12358d1492308ca320094f4805711b536c7791d6,5,0,Unknown,,false
8471,0x12338668ce5d73ed5dcb0a37c809a1d459cd2388,5,0,Unknown,,false
8472,0x122fc4d7e8ca6321d28f154af0ac14dd54752c1d,5,0,Unknown,,false
8473,0x122f004f895b34c79e69e7fb6aec614fd00e304e,5,0,Unknown,,false
8474,0x1227b3ad291945332bd39b2cf0dd57af370e034f,5,0,Unknown,,false
8475,0x1221f13990fa55870666aae88904984ef6b7fd18,5,0,Unknown,,false
8476,0x12191a3f0ae1e16e2286b29a2287dd07f3a35bcb,5,0,Unknown,,false
8477,0x12106a3942d2e06053fdd6dac3c9ce2d6739a581,5,0,Unknown,,false
8478,0x120df3a15b7ed9cd11ec5c12e2d5947a0ecf322c,5,0,Unknown,,false
8479,0x11fd7136df3938dedcfd72aa6de8a83655c29c8b,5,0,Unknown,,false
8480,0x11f918077bdb20af02e8fc130d75dadc0c8eab66,5,0,Unknown,,false
8481,0x11f771c739f823ade2bd2361ddc4245b1a550432,5,0,Unknown,,false
8482,0x11f3cba90992866eece8ba26e2c5e07cdb5c8a4e,5,0,Unknown,,false
8483,0x11dea424bdd7aa60635867717105ab0c52571309,5,0,Unknown,,false
8484,0x11d90e3e5cc270ba1a55d99149c44d6b2ab18956,5,0,Unknown,,false
8485,0x11d90015b7adc1ff22bd7eb58e6a74e43caa97d1,5,0,Unknown,,false
8486,0x11d139870b0c9cb9c832869bd77a30145e1c13f2,5,0,Unknown,,false
8487,0x11d0ed06a4daa3344ff785c28f1c60bd25c83a19,5,0,Unknown,,false
8488,0x11b869e00e7ec25fff7ce9abc4e597d8da1f2fb2,5,0,Unknown,,false
8489,0x11b353eab2e491a5ff8994660dceb2a8bf642bae,5,0,Unknown,,false
8490,0x11ab6052f93cd54f651351114cf7c7aad9dc497d,5,0,Unknown,,false
8491,0x11a808cc333d4000dbb6edb2b8c06f75b645f121,5,0,Unknown,,false
8492,0x1193eaa995aae4e97334ca2cdcd9a6a7314e7688,5,0,Unknown,,false
8493,0x1187763c4378b6c382ca407150583217bc6a2e4e,5,0,Unknown,,false
8494,0x1181a8fdb0dcc0eb1662f551e0eb8f83349b71bc,5,0,Unknown,,false
8495,0x11773aafd08db9181f55e321f791ba8287a6183a,5,0,Unknown,,false
8496,0x11768c2deb191eae0ef942c91c522d03e3366369,5,0,Unknown,,false
8497,0x116a2c025c43759a5b6ecd7b6cf8c80f568f8100,5,0,Unknown,,false
8498,0x11632992f7db5a4ecf036d3d5cdd9c6fa7155e98,5,0,Unknown,,false
8499,0x115e0a2c80f685d4fe23d3ba802448b02bc5a9c0,5,0,Unknown,,false
8500,0x1159dfdb950661dcb2a5e44654e2db12395cf784,5,0,Unknown,,false
8501,0x113697dbb2a082378123e7b1ea0749738a4d9c7d,5,0,Unknown,,false
8502,0x1126e9f5b8f668302da2e0175b59e38e752cc675,5,0,Unknown,,false
8503,0x1116f3437c07dde74c20d45df50c54567e2b77f6,5,0,Unknown,,false
8504,0x10fb4c3e66594d2802897ea7e760b04b2fb44cf2,5,0,Unknown,,false
8505,0x10f9732df4cf41c5c3ca17ad4a399ea60acfe7d3,5,0,Unknown,,false
8506,0x10e504ff700444415b98e1f451444e142ef20336,5,0,Unknown,,false
8507,0x10e2f5635d2873a23fa7c14f9c8e2c882bf0759e,5,0,Unknown,,false
8508,0x10e1413c235d6f95aeb3794e047f3768a2f1bc75,5,0,Unknown,,false
8509,0x10cf107b162d119bf9f118cc156e01d5c3e06b15,5,0,Unknown,,false
8510,0x10caec5971973a4f843f435427dee4ccb1ef6bda,5,0,Unknown,,false
8511,0x10ca2a5c687568331cdecd9f318f4346ecfeb559,5,0,Unknown,,false
8512,0x10c0d511dab389bfe509621c559800b988197d08,5,0,Unknown,,false
8513,0x10b3e454fb110ce1845d414d34d22784259f81fe,5,0,Unknown,,false
8514,0x10ad17987d34a153cf2e53fd1642722b688b42b1,5,0,Unknown,,false
8515,0x10a5cb1f92e749c9cbf91559041ffa910d0cafec,5,0,Unknown,,false
8516,0x10a134deedc258100756c2ead493d8395a07cf6b,5,0,Unknown,,false
8517,0x10986d353833b8387e2e6b5308621d9a12ef8fb4,5,0,Unknown,,false
8518,0x108881b299e3b6e07ab13749df158230ba5873ea,5,0,Unknown,,false
8519,0x1082c4a2d808ef0ed29255820434a67e383af751,5,0,Unknown,,false
8520,0x1080127082ca8617a269e5ce3ba073c7716c28b2,5,0,Unknown,,false
8521,0x1073d0206beb969b654c35965775dc839e188757,5,0,Unknown,,false
8522,0x1068ab5d10a0756b2f66be931f3dd8bf2c2d9033,5,0,Unknown,,false
8523,0x1063796e18ae187478b86b7f1ffd10e9dcffe1e4,5,0,Unknown,,false
8524,0x1047a549a11142122a7b9ed615d40660daaacb80,5,0,Unknown,,false
8525,0x104538eaf3babb73d16923adb58f16e098849e61,5,0,Unknown,,false
8526,0x1044c0bd41d8576519e9a979ea7db712d08049d0,5,0,Unknown,,false
8527,0x103860805d6d891e6f42a0a54b85aec24d82f027,5,0,Unknown,,false
8528,0x102d5a8179b8a9560740697b40478e8b8f4fc4d0,5,0,Unknown,,false
8529,0x1020ccb2c58f9789a1fce4419456eeb3ff2995c0,5,0,Unknown,,false
8530,0x10188e955f5f8e3d0b86edc161dd9811e72df894,5,0,Unknown,,false
8531,0x10085f803ad4515efa16bfd9767a31a02db8e9bb,5,0,Unknown,,false
8532,0x100858de3ed30395f731f99c6f42f6d68c1bb8d2,5,0,Unknown,,false
8533,0x1005a0741fb7e7addb21ed01d4088bff42c42a82,5,0,Unknown,,false
8534,0x0ff3e47838baa3549f8e2036c7631733d2329371,5,0,Unknown,,false
8535,0x0fec5998299e940dfbfc9fc280a0cf8b7bae46be,5,0,Unknown,,false
8536,0x0fcd2b9d62abafcb59265e4b72fad8cd42d60d95,5,0,Unknown,,false
8537,0x0fc88307983055e8b747a33b39b74c84c925da13,5,0,Unknown,,false
8538,0x0fc2d6abfa1725aed02937304549beebb6c9e2c2,5,0,Unknown,,false
8539,0x0fa49be127c8ec222a70459366793d9ad814547f,5,0,Unknown,,false
8540,0x0fa233ee524c4fdef4452af96095d077226f21eb,5,0,Unknown,,false
8541,0x0f9cce902ebc220537a54f9a9e2dd581fc5a5ec4,5,0,Unknown,,false
8542,0x0f7ff1a7d763c4c3a542f48749a850ff2ab9446c,5,0,Unknown,,false
8543,0x0f79f00658270dc0e78926a5855f718aebf09054,5,0,Unknown,,false
8544,0x0f7603668c235ffaa8ea9769e81d6f64df1750ad,5,0,Unknown,,false
8545,0x0f415f6490155072e200117f3377b5a03ff0be46,5,0,Unknown,,false
8546,0x0f410953f82434344fef8e5e607e35698f6a589c,5,0,Unknown,,false
8547,0x0f355ad10696eb6e7586263932f0db28e7236d9c,5,0,Unknown,,false
8548,0x0f2aa089d5f7a139f3dd818663caed19b89d1493,5,0,Unknown,,false
8549,0x0f2a74c176ab7823ac59e0d7860cec7849221de1,5,0,Unknown,,false
8550,0x0f1b5e05c172da2885e182e687e0c1eda97922a4,5,0,Unknown,,false
8551,0x0f12041a1a73df1ab4719fb265e0ef4450d125c3,5,0,Unknown,,false
8552,0x0ef8bfbc307b66495b8446ca7f77960dbb51a380,5,0,Unknown,,false
8553,0x0ee6b41f58df16110f1b10ccac2fc8d5e663f2a0,5,0,Unknown,,false
8554,0x0ee3d7ecefc61f15f715a503aafeeb487bfac6ac,5,0,Unknown,,false
8555,0x0ed0caacd12eb505805f69929f7bfb674adc038b,5,0,Unknown,,false
8556,0x0ecad2e374f0fd0fed26df07153691ae1211f147,5,0,Unknown,,false
8557,0x0ec01e576319d53e606143d99359029ea59f258b,5,0,Unknown,,false
8558,0x0e907beed02ea6a283ad9f2f876bb7d33d991ed2,5,0,Unknown,,false
8559,0x0e8d3fef2a050dd2f0a9f0ecae948738f2dfb0a5,5,0,Unknown,,false
8560,0x0e8bab593f25e04ddd1f52fb2bdfb15d54ef85f9,5,0,Unknown,,false
8561,0x0e8768837e29fe7d3fc71a0d861e8d912b8006e0,5,0,Unknown,,false
8562,0x0e829f04a080bf787ad1a8748e8d1c6c2473a4ac,5,0,Unknown,,false
8563,0x0e81249317d5175e3dfbbcbdb89df92af2a81c5d,5,0,Unknown,,false
8564,0x0e66ba049ce395705dcb39c176be87181bd33aea,5,0,Unknown,,false
8565,0x0e538ff78a103320a33da25aa9ba62986ad443db,5,0,Unknown,,false
8566,0x0e43907eb6779168f8c2ebf708e9e0c392290438,5,0,Unknown,,false
8567,0x0e41dbaf225cd0081e26bc1d988062e5769ea3dc,5,0,Unknown,,false
8568,0x0e242a3c558c902ae9221800e68509b941556f95,5,0,Unknown,,false
8569,0x0e20c5fd557738d2f18e47b599d9588e6bc94ecf,5,0,Unknown,,false
8570,0x0e14355fd9fffc8ec24af821d5a7953a1249f7c7,5,0,Unknown,,false
8571,0x0e02d041fbeca8f8a9f632af37bc4dc72491acc5,5,0,Unknown,,false
8572,0x0dfe2b7a34af8c2c94ec8f7028a017eceb8b84be,5,0,Unknown,,false
8573,0x0df47ea01eeddfadff0a985c4349ac008a002603,5,0,Unknown,,false
8574,0x0de9fc3f6d9e141fd61d76b8355c3a3cdb3da7f1,5,0,Unknown,,false
8575,0x0de412230fe284d5663de927ebe41cbdee4a20d1,5,0,Unknown,,false
8576,0x0dde14c94ba5d968f0aff90d3580958f32da3cd1,5,0,Unknown,,false
8577,0x0dd41df50228f6dc6cb5f4000aea5ce3e7940428,5,0,Unknown,,false
8578,0x0dca01dd1751254983789bb3556d375b2d314f7b,5,0,Unknown,,false
8579,0x0dc5bdcdab458fc40378a8810947f71981d0d1d3,5,0,Unknown,,false
8580,0x0dc4fb52047431e78494ac902923204f8b384405,5,0,Unknown,,false
8581,0x0dbff506a6d5ed8f33fd277f35b550b339bbfdd2,5,0,Unknown,,false
8582,0x0db8dfffbd85b9948d1ccd9de220e35f47bafbb7,5,0,Unknown,,false
8583,0x0daaa7122a84f2e24171e9251ee6ea5abd52ac12,5,0,Unknown,,false
8584,0x0da5e6630a12faf5ccb3890c286ef412cccfd311,5,0,Unknown,,false
8585,0x0da29c0e46c7e1b1f2c45b008acb96602094fa5e,5,0,Unknown,,false
8586,0x0d9e7eb85fb94653511c94c1596833d6e127644c,5,0,Unknown,,false
8587,0x0d8f567fa6a0792492c4608daac9d344b1e87416,5,0,Unknown,,false
8588,0x0d777f1374ecfc9758902137c09b155e5514dbb4,5,0,Unknown,,false
8589,0x0d2d43c3c459f6a12e3205cd605c6054baad4144,5,0,Unknown,,false
8590,0x0d2918fae26b41f77a1c27a1b7381ce08eaa6005,5,0,Unknown,,false
8591,0x0d263c57ff72ceced2c7e10cf5147eb216f3696e,5,0,Unknown,,false
8592,0x0d23cd12e4dad564bb2d520c2a0aa36942b87b6d,5,0,Unknown,,false
8593,0x0cf1d959f77fc0b918617c49e91ee011c1d487e0,5,0,Unknown,,false
8594,0x0cd39ae01bd0237f93ba9241d29c18bf3aac8c2a,5,0,Unknown,,false
8595,0x0cd2ec002a60a6c92f855a11d777ae531cc132bc,5,0,Unknown,,false
8596,0x0ccec8a83eca902ebe9f2cb9f5a81428445aa5cc,5,0,Unknown,,false
8597,0x0cc8b0a4991de432312a495d325350fbaf0f9cb4,5,0,Unknown,,false
8598,0x0cc18174b5b047cf00fdfe86f7939d1858d99547,5,0,Unknown,,false
8599,0x0cc0a2b45995e717920ea2e4f87e30a8598ee78a,5,0,Unknown,,false
8600,0x0cbdb70087e9950246a0db88e344174027dc46f4,5,0,Unknown,,false
8601,0x0cb0d290c5b971b7140edcf6600e6d5de061c5fb,5,0,Unknown,,false
8602,0x0cad2e67c1176b7c088580e810401e48e712719f,5,0,Unknown,,false
8603,0x0cacde8303608604637752a2093495b06621f76b,5,0,Unknown,,false
8604,0x0cabda398eeeb4b8f6611bd06e28b1199c916fe3,5,0,Unknown,,false
8605,0x0c977d6fa16571e0e75c487ef7dfdb1be8ef2fce,5,0,Unknown,,false
8606,0x0c9394c6685009afebe99462d07781ca360f0a58,5,0,Unknown,,false
8607,0x0c85ae7e8fb15c4fe93ac8db0195806a51943883,5,0,Unknown,,false
8608,0x0c804eec992dae6ad5443f8a8c4e96593ab54280,5,0,Unknown,,false
8609,0x0c6a32539f9cec568e21455cb55830002a3c9e4e,5,0,Unknown,,false
8610,0x0c55321c275a5c658bf0efacfced9d506974b4b6,5,0,Unknown,,false
8611,0x0c54f2026ade75520fe499457cd760de69cd54ab,5,0,Unknown,,false
8612,0x0c53a35dbe4dd35aace7c2a29b43ea5b5051aab8,5,0,Unknown,,false
8613,0x0c50791654cbc302b2d1a7f24d93d353966cfa30,5,0,Unknown,,false
8614,0x0c3b230800d4dcab10535870b64ef5644662d5e8,5,0,Unknown,,false
8615,0x0c2c5384006cc40115437e77550d65e9c626ac55,5,0,Unknown,,false
8616,0x0c296d79dfeec33756ac4eecc28a3321efc4f29f,5,0,Unknown,,false
8617,0x0c1dca399dbd04e1b502b152a4d3b6e1ec795ca7,5,0,Unknown,,false
8618,0x0c19ebe211779fbddb23face64b1e4b8615b3f69,5,0,Unknown,,false
8619,0x0c018b74b89c4f37e9ff5ea87b03ac54e3e0f0d3,5,0,Unknown,,false
8620,0x0c002d6407204d582d206f5b5485a0952c1a334c,5,0,Unknown,,false
8621,0x0bf8fcf1783228b74e955956c8905407101378d1,5,0,Unknown,,false
8622,0x0bf7011a77491d5a748430979668c15cc96a080c,5,0,Unknown,,false
8623,0x0bf12ec1ea02c79a901079c1842d8c828ff4a790,5,0,Unknown,,false
8624,0x0beea4409ff6fb1f543487847e19139e113391fb,5,0,Unknown,,false
8625,0x0be24776eb53b9c903b8a589d609c06ba171acb8,5,0,Unknown,,false
8626,0x0bde9565f053cdb55ede1511efa7fe0f2d487216,5,0,Unknown,,false
8627,0x0bd1740e8d25d497a6a607d63d8dbf69cc7f1b8a,5,0,Unknown,,false
8628,0x0bc72448d3a434ba87579f7a7470f10a005b1384,5,0,Unknown,,false
8629,0x0bc3f82f6e36f4301e3746db5d023da2c9f14dfa,5,0,Unknown,,false
8630,0x0ba645bea6d7e175ea63164895df7c699ff38315,5,0,Unknown,,false
8631,0x0b9ce0786594747a37d702d1f0632c5b0debc66f,5,0,Unknown,,false
8632,0x0b994884e34f0be1f563b9f4178a51c945fa4e95,5,0,Unknown,,false
8633,0x0b8ca58df6cb700db42352d56d1cf43db3380bb6,5,0,Unknown,,false
8634,0x0b89dac8aa11b7e222bf5c79e0674dba864c1ba8,5,0,Unknown,,false
8635,0x0b86968c24076db14b88009291787bcb4d84dc31,5,0,Unknown,,false
8636,0x0b797c2017f3daf15bc99c23a544e2cb5ed73512,5,0,Unknown,,false
8637,0x0b66cba280df6a96aad3536718a7d43f764a845d,5,0,Unknown,,false
8638,0x0b61deb9dcab54b4641060f8eb13b6cce0bb5c5d,5,0,Unknown,,false
8639,0x0b5d4ccd7da4cdfb9378df98053d64e9d66192b0,5,0,Unknown,,false
8640,0x0b54656af5ed6ba82493b3861aaf8a90d68445fa,5,0,Unknown,,false
8641,0x0b4a525fa7ad4ce7de560099aa9c277d6fb6f4dd,5,0,Unknown,,false
8642,0x0b46b3110bb9c8f5bcd825fe20c75ced06f2124f,5,0,Unknown,,false
8643,0x0b4502d9546a9fd5a2e82879751cc037631d920e,5,0,Unknown,,false
8644,0x0b415274a3f6a5264da8313bae2398ebc4a79fc3,5,0,Unknown,,false
8645,0x0b3b352084fdbc9956d4d012389fc68e77769684,5,0,Unknown,,false
8646,0x0b27002b7134ac82e33924f40cdf4bff32575bd9,5,0,Unknown,,false
8647,0x0b1ab78b632536637ae812db20452263d0cf9c72,5,0,Unknown,,false
8648,0x0b1a6388c7e7c39a5c5fa9431aa77d5bdc2b6c25,5,0,Unknown,,false
8649,0x0b14d8eed4884cf3de34f009420e39e7f869a504,5,0,Unknown,,false
8650,0x0b0f98bd7c2ee53a890d7ace549549930a65e186,5,0,Unknown,,false
8651,0x0afd6d2ba030346c275c30597042082be755b42f,5,0,Unknown,,false
8652,0x0af93468d32f14ec145fff616a079e14eca075f4,5,0,Unknown,,false
8653,0x0ad3bf7fe921ad26d874946db360518f6cb4a749,5,0,Unknown,,false
8654,0x0ac07c64c03d02f73b09976b59f630785198a8f6,5,0,Unknown,,false
8655,0x0ab638d03000ee910c5eed4dc7deda1fd728fb30,5,0,Unknown,,false
8656,0x0aadb534d5c0113e27fcef52edf6120bad20dfdb,5,0,Unknown,,false
8657,0x0aac548155fa7f570596f507de6fe33567853dbb,5,0,Unknown,,false
8658,0x0aa7d71425d51660679917fcd29680e85142e26a,5,0,Unknown,,false
8659,0x0aa07174f09e29e4a88fe6689fad20195661e5bf,5,0,Unknown,,false
8660,0x0a9fdcfb670d3b5e3fb1bee6afbd478bb96c5083,5,0,Unknown,,false
8661,0x0a9afb7a4c34909af3c2fdaead6169f7c0936d82,5,0,Unknown,,false
8662,0x0a99d515b7383c9e383d63ec120ebc1c338e52a0,5,0,Unknown,,false
8663,0x0a92e3177a27483bbac5adf34fbf3b9e77922ca3,5,0,Unknown,,false
8664,0x0a85b1c1f3da7ca7ff677640bae6ff3bc8da91fc,5,0,Unknown,,false
8665,0x0a79ea86ade1f1739dd1b8f945331ece725ab660,5,0,Unknown,,false
8666,0x0a66bf4e44f091231a9a1c39d1bca72c5e9e26c2,5,0,Unknown,,false
8667,0x0a656954405eee1e8168f4c1ad6b39c5c66cebd4,5,0,Unknown,,false
8668,0x0a63d946585feaae41254e98ae2399b482e67155,5,0,Unknown,,false
8669,0x0a5f57ce3a0e9da6206c6286e478103d19ff5a36,5,0,Unknown,,false
8670,0x0a510913fcdc2fe4f2db174d28820a6532af4fd5,5,0,Unknown,,false
8671,0x0a46d4910db430f38d7becb0aa32e28c68e564be,5,0,Unknown,,false
8672,0x0a4434ca5733a352be10a8310df7d3933c84f4ef,5,0,Unknown,,false
8673,0x0a4323ffcd3ab9116cae9bd6a7a05e1d5bf45860,5,0,Unknown,,false
8674,0x0a3d7a88cbf32a4e63097314904a587795376ee3,5,0,Unknown,,false
8675,0x0a3a693ae77539e308e0f1b5c80cbaba6ce95c5e,5,0,Unknown,,false
8676,0x0a36a333e7fdc6965e33250bc8e626b8efc4f677,5,0,Unknown,,false
8677,0x0a31ba99273889f2628038d081deff5d9342e494,5,0,Unknown,,false
8678,0x0a2ee1b5c19f85aae01bffca568212040d23e728,5,0,Unknown,,false
8679,0x0a2e16df26b3aa9d76eba2655e28a2cfc7671aa4,5,0,Unknown,,false
8680,0x0a2a5746970852fe75c93cce1a9e1edd5c5da56a,5,0,Unknown,,false
8681,0x0a25c3ffd9649364af43eebeee6dca595f2a0c18,5,0,Unknown,,false
8682,0x0a1f4bdd2064b5de6e51e718c7bc82845db63cb1,5,0,Unknown,,false
8683,0x0a0cc362cc211b0ae30d3dd83e40b4e8d4716880,5,0,Unknown,,false
8684,0x09f2764b95801ac6333bf5944d09ed588abc7535,5,0,Unknown,,false
8685,0x09eafe7c7e45410da21934788241a43fc4b4007c,5,0,Unknown,,false
8686,0x09decbe0fbe8759d0ec18c7f1f460cb313550a9c,5,0,Unknown,,false
8687,0x09b17b996d17ef5a686fe045d9b261d54a5eae39,5,0,Unknown,,false
8688,0x09ae562b2461c3e70fc70b160271ec6d07fcf7c8,5,0,Unknown,,false
8689,0x09a508c7d65afbf0d19e8b28cb98fa761e04b6b7,5,0,Unknown,,false
8690,0x099a5fbac9762941ade0384264621f085df42836,5,0,Unknown,,false
8691,0x099053fbbf848704c9ebed6cd83836d548ea4ffd,5,0,Unknown,,false
8692,0x0985c3bed29c0d8ac8c2349e750e57350f8e62ae,5,0,Unknown,,false
8693,0x0967ef4d0b5a128ae98ca6583a0865663dd7fdc1,5,0,Unknown,,false
8694,0x09656819a6840b8798de194b412f12c94b9db484,5,0,Unknown,,false
8695,0x09491ff485550345f8757443ac29f50295ab8396,5,0,Unknown,,false
8696,0x093a91676eab984a42d57a31e479c9d184736291,5,0,Unknown,,false
8697,0x093396f686971ac2ee0eca0e2618be41722685e0,5,0,Unknown,,false
8698,0x092c690397287df5734c3f7dc9a126af843488b1,5,0,Unknown,,false
8699,0x091d1440066e7bfd6bea37feb50a770da8df55c4,5,0,Unknown,,false
8700,0x090c2644f3b2d99bb3121d77b76200cf4521c928,5,0,Unknown,,false
8701,0x09062c100483398c755adef776e84b6353556087,5,0,Unknown,,false
8702,0x08fd6a80e72a2cd1369a7afda5ca633aa19a257f,5,0,Unknown,,false
8703,0x08fc82d82496894c7574d00886d9c2551bdc1593,5,0,Unknown,,false
8704,0x08f7c5d7979faef72ca7acf133656806ccfb88d7,5,0,Unknown,,false
8705,0x08e56860a51dfcd15cc0c8d19b63ed3d9bed4344,5,0,Unknown,,false
8706,0x08e0d1c6cd195bb05f46607fe2c9058d2f0e7650,5,0,Unknown,,false
8707,0x08d8a223f052f0e1b0745b67c2ab14d7c2cb3302,5,0,Unknown,,false
8708,0x08d306fac6e9826d8125335083f5dd5e73cc5d0f,5,0,Unknown,,false
8709,0x08d29003bd95ecd4b98415e15e135690826ac2d2,5,0,Unknown,,false
8710,0x08d2442b975e2ee3d396ee1a057a690e648acef8,5,0,Unknown,,false
8711,0x08d001152ce076c00e80b9655188ac8f329dc1fe,5,0,Unknown,,false
8712,0x08bd09c971b570b08b1592a7442cc6f20e5b8106,5,0,Unknown,,false
8713,0x08b64c086765581c6f384af8ada6d67463517acd,5,0,Unknown,,false
8714,0x08aca309c8ad14889e9d25046e497fc5957175e2,5,0,Unknown,,false
8715,0x08a8070f19822827ced2c4be6153879e60c777cb,5,0,Unknown,,false
8716,0x089caee515520190775be447b59d52632c9e86f9,5,0,Unknown,,false
8717,0x08973632d41c126e6380c3a62ed0c065a62e2c55,5,0,Unknown,,false
8718,0x08878f1763ffffd7e38d065a1040fb63b5381645,5,0,Unknown,,false
8719,0x0886b4be2fe8a28a3d48fdfd6f5640ad37078ffd,5,0,Unknown,,false
8720,0x088334a79c0a728ffbbfb1b95f06f0030d7a38c5,5,0,Unknown,,false
8721,0x087633718161da47b4fa54102b6c4791456502f1,5,0,Unknown,,false
8722,0x08666a2b4518b7599abae57b33ad7c46c952ba62,5,0,Unknown,,false
8723,0x0864abb85f06908165d70e1ce15d109b822c69d8,5,0,Unknown,,false
8724,0x085fd2838a292b0dc52253911deb6f4242503340,5,0,Unknown,,false
8725,0x085d71d9649b8ac1e748d88d4b826f305a448604,5,0,Unknown,,false
8726,0x0857a8ba4e519ad2ee76baaf5aab9cf9e07a9040,5,0,Unknown,,false
8727,0x08506ff23235a8195444e0745d1e11c93b904175,5,0,Unknown,,false
8728,0x084cbdd4b6b12fa34bd2b0fe3eb26eabb6ac6d53,5,0,Unknown,,false
8729,0x083da80fd037f4e42957ef66aae03c0b30ea650a,5,0,Unknown,,false
8730,0x083b3f8b208630349afd9ef93c8210bb3f42de84,5,0,Unknown,,false
8731,0x081f1accdcd4c32ebec8de9c56aee9f69a43f029,5,0,Unknown,,false
8732,0x0815ecd5e2a447643d0058f9ea7d2fca82a2f0ab,5,0,Unknown,,false
8733,0x0805d87d0e229c4315e5d8aa18380ca8f7653564,5,0,Unknown,,false
8734,0x07fb229fb10f74b37db0e9b2ee92c0c90955ab5b,5,0,Unknown,,false
8735,0x07eb50bdf917c2af10adcd7b85e72bc5bef0819d,5,0,Unknown,,false
8736,0x07e6a7635af00794694a1a1d069519ebb43ab6d7,5,0,Unknown,,false
8737,0x07cf97c3e1588da587d9edc6b7c1684a7e65a26d,5,0,Unknown,,false
8738,0x07a1cdfbc49f8ffa4ddef2cb0401231ecb65b696,5,0,Unknown,,false
8739,0x07905a25e0d9d89b22cb77cfc6e78179ffb2551e,5,0,Unknown,,false
8740,0x078fc7c0e818f847466921db8644710a049f5617,5,0,Unknown,,false
8741,0x078dadb3613edbe819200c437b0c1ab9efb269c9,5,0,Unknown,,false
8742,0x07898ed30a3a99431a021cbd3dce6508c4b88ef0,5,0,Unknown,,false
8743,0x07802c20a6803f3c2c84b8e90b8ec6819e6b2c18,5,0,Unknown,,false
8744,0x077c8912acc518ba9ad09211b9c966ad468c2f35,5,0,Unknown,,false
8745,0x076ad522885ee63f8963529de983fa36bdb3ce94,5,0,Unknown,,false
8746,0x07675628583bc382a7e8938a8aaf6cba4cc0109c,5,0,Unknown,,false
8747,0x07631f1b2e4308164d0e62d0faaa817cc152a90b,5,0,Unknown,,false
8748,0x07502c224c43f9fb128e1cb2fce8d6fdad1b154f,5,0,Unknown,,false
8749,0x0743edbf66921d33baaada3c1b94bc2ccc3ce750,5,0,Unknown,,false
8750,0x073a985968dc124ff7cf33de78634d0c8f5a6fc5,5,0,Unknown,,false
8751,0x0737c68caa1cee1a556eb69908c034f06c8c8bdd,5,0,Unknown,,false
8752,0x073793306e1b7f705764d2a401822ec0cdfe7276,5,0,Unknown,,false
8753,0x07257dc0a2b2539e31edbb08f73127665c7cc74f,5,0,Unknown,,false
8754,0x072154292c8f4ea8f2e4ba168f45f7cd77375dfc,5,0,Unknown,,false
8755,0x071f6688548519b914f68ab716eb4a07c70a4a9f,5,0,Unknown,,false
8756,0x071dec33d915928d190fcad7f2c6336676e7a99b,5,0,Unknown,,false
8757,0x0712c80c7aff4e6d891d410842459a88c1a33cf5,5,0,Unknown,,false
8758,0x0710b58cfd44a0453866163fd5d2e97df95848b7,5,0,Unknown,,false
8759,0x070fc27ae138a8e84944c732c2dd5cc63376fc8c,5,0,Unknown,,false
8760,0x070cc384cb233e1844845d45d1df3425d24b5e70,5,0,Unknown,,false
8761,0x07072142a34cab2d5946ac883f69f51f2bb560ae,5,0,Unknown,,false
8762,0x0702f86b9085a282dd467e9446df39c1314fe67f,5,0,Unknown,,false
8763,0x06f454be5787a20e82e2009f03096709d2076471,5,0,Unknown,,false
8764,0x06ee5687e8baa013eecc61c9954c9df69ccddf03,5,0,Unknown,,false
8765,0x06dcd67f6b17c2b39055389843ccee68d160943d,5,0,Unknown,,false
8766,0x06d9b7aa835c6b4bbec82158e4abc87754c4087f,5,0,Unknown,,false
8767,0x06d5fa7dae4e60db0215419d171f4b236ffcf383,5,0,Unknown,,false
8768,0x06d2ddb6ed4486d0ab5e443a98526554f93e502b,5,0,Unknown,,false
8769,0x06c254b934c39c3cd1372b44629625df49ccecad,5,0,Unknown,,false
8770,0x06bd4437c71a69828bc9b3600fb8af093f8efbdc,5,0,Unknown,,false
8771,0x06ae83c64470300036a601d5092608cfd8f3df14,5,0,Unknown,,false
8772,0x06a92691e048c85d96fcfbda78956b2aa8ae74bb,5,0,Unknown,,false
8773,0x06a874e4fa9d52aafb21ab18ea0719ce469449a1,5,0,Unknown,,false
8774,0x069b3e20eda478f44735678d6aa8a490d233e33d,5,0,Unknown,,false
8775,0x06981b4a21aec497c942538929fe079850430e3e,5,0,Unknown,,false
8776,0x067bf72777b8eab3ed6b615e2c14997f9806126c,5,0,Unknown,,false
8777,0x06751f6720a83dab35caa5e95af16504d6fb9499,5,0,Unknown,,false
8778,0x066e9713b710f5259253d834e4b11bbd43879833,5,0,Unknown,,false
8779,0x0661c14d5089ecda2653489f1ea704ae6d1949ce,5,0,Unknown,,false
8780,0x065b7581978836e10e770538e5af784aed9272dd,5,0,Unknown,,false
8781,0x0651e99699b8b50240dd65d73db96c50a3e141ec,5,0,Unknown,,false
8782,0x064d0536d2db9526229069b9e700d1ff7d3f2647,5,0,Unknown,,false
8783,0x0643189bb915135c8ef534cb7dfa0af1b710eece,5,0,Unknown,,false
8784,0x063f00c9b40f91282b634fde1db29768f1319e71,5,0,Unknown,,false
8785,0x063c4cffa4307a26f0f191fabef2e789cf77add1,5,0,Unknown,,false
8786,0x063b44eeb2f558ad5e50581b4f7f35fc2a75be5c,5,0,Unknown,,false
8787,0x062e3531507367539c443e3d1c9b810c96d18a25,5,0,Unknown,,false
8788,0x062d9e445c473583eca194376da1f6a3beb1c0dd,5,0,Unknown,,false
8789,0x0617ed6621e58d1f382c5fd26ada4d564ea46772,5,0,Unknown,,false
8790,0x061489bc635a3d0d5fe07488e91ef56f35e8557c,5,0,Unknown,,false
8791,0x060c0184e7dd8dec473c3706bf4417ec2034cae3,5,0,Unknown,,false
8792,0x05fca79b7cf5de5620117547d255d01822598470,5,0,Unknown,,false
8793,0x05fbbe969e08f7bfa687d21ca3c4823d29381581,5,0,Unknown,,false
8794,0x05fba170399672b981fb846838f18407863bf07c,5,0,Unknown,,false
8795,0x05ee3232289b6e6adbbaa4d46d7986143f97f5fd,5,0,Unknown,,false
8796,0x05e7ec1372116cb2589173513f88df0981a3d6fd,5,0,Unknown,,false
8797,0x05d990b641b837a1f2a096e6726a19b8cd9ab61d,5,0,Unknown,,false
8798,0x05d8efc44b7c79161235d1324d7ae23631f1f9e6,5,0,Unknown,,false
8799,0x05d23362ef203ce12f24aee751cdf186f3913dda,5,0,Unknown,,false
8800,0x05d1f0692b972205e6b0dd889519bd051eb9aeb4,5,0,Unknown,,false
8801,0x05d05cfd651c197ad1cda78cfe2e9cc17d1be4f2,5,0,Unknown,,false
8802,0x05c68a99e1f5833f2011b495ca47a4a1660b8250,5,0,Unknown,,false
8803,0x05c4b58eb4ce20e1424ad43f23a14abd16183268,5,0,Unknown,,false
8804,0x05bd8a8795c483d0c03fa8554d52a2ad2e0f65df,5,0,Unknown,,false
8805,0x05bce069c62726e5932c67f9945f4fb9e0593356,5,0,Unknown,,false
8806,0x05bb905716a7227abacda70e3b945f98a9e97e95,5,0,Unknown,,false
8807,0x05b965fa379c74b97ec8d245a666d6ed0b67ac38,5,0,Unknown,,false
8808,0x05b31aef63d76297fd3609268fd37f06c78782ef,5,0,Unknown,,false
8809,0x05af5710b159583ca8024bce8e6fe93281824854,5,0,Unknown,,false
8810,0x05a56ef9da43fff6ff72965f3e95f9994b8b4794,5,0,Unknown,,false
8811,0x059eff9f2112eefdbb8d359a223edb543a690399,5,0,Unknown,,false
8812,0x059cbd6644c3c443e58ca76b23f9116c0e893922,5,0,Unknown,,false
8813,0x059c2dc30803ce1db1817733c44bd1919e53bc31,5,0,Unknown,,false
8814,0x059016bd5150ae9d4e163ca86d509718557bfa76,5,0,Unknown,,false
8815,0x058e4669704e2f9d7d10da8d5042879087aaef16,5,0,Unknown,,false
8816,0x0588e85daa680f1ac752083f1e0a0b075eeac25d,5,0,Unknown,,false
8817,0x0567e00d247ff94092fa392d17372d1947fff4b2,5,0,Unknown,,false
8818,0x0560d5d51cda520f227f7545efeef2324536f08d,5,0,Unknown,,false
8819,0x055cd81c8aee26fd1ccd877a52539736cccca71e,5,0,Unknown,,false
8820,0x055cd0c014fc9916afb6db82731635b77293f7b3,5,0,Unknown,,false
8821,0x055af0a68539c1807aa28280e7a480e8c5d73649,5,0,Unknown,,false
8822,0x0557dad75c6be25a38ccce77adba3f76fe824c32,5,0,Unknown,,false
8823,0x0552512cd49da4def6e0ec5635abe076fec0b627,5,0,Unknown,,false
8824,0x054f41151c845ff6020e514a24d3bde36ba623fd,5,0,Unknown,,false
8825,0x054ed46b8628486e6d623149813b9e78e8b002e6,5,0,Unknown,,false
8826,0x054805fc56b9585eaa8af07d9a5da93d5d72d390,5,0,Unknown,,false
8827,0x0546c8a4a157ecbdc8d91a1d17092a0b35e36169,5,0,Unknown,,false
8828,0x05446ab33956c75e04bead2a59d7dd22acf66184,5,0,Unknown,,false
8829,0x052db7cb49cf2c7be963ff77c6984d8b67561d36,5,0,Unknown,,false
8830,0x051801f588759fd1a00c31d8df32313e27ac0f5b,5,0,Unknown,,false
8831,0x051560b1205755759417e5e41b332297dc2962c4,5,0,Unknown,,false
8832,0x0501c26edb0920878ad859baa8c3996e238b2bc9,5,0,Unknown,,false
8833,0x04e9cd30bc76f52281b089fc2902d6b54b170e27,5,0,Unknown,,false
8834,0x04d53736418705b462cbf1aa5d86ad17a073c759,5,0,Unknown,,false
8835,0x04d3d399fe4a5b7755f17fd1f4770636ed2a34cb,5,0,Unknown,,false
8836,0x04d333f8612d7cd0a86f2973cac1989799933d67,5,0,Unknown,,false
8837,0x04d075def59582aafda5934c37d3bc09bac8aacc,5,0,Unknown,,false
8838,0x04c599919845098bc6404480e96f77eebc8b9834,5,0,Unknown,,false
8839,0x04bf00859f003ac860037c3c17fc331a6abb3bfb,5,0,Unknown,,false
8840,0x04bd96511a43c82fd4f2cdc812e88a7d1545f7e9,5,0,Unknown,,false
8841,0x04b90954970b0ff3081e0f40f077cd72cb56defb,5,0,Unknown,,false
8842,0x04b6314419df9622be06a821886722c71cb71251,5,0,Unknown,,false
8843,0x04adc91916143cf5c8ca61400dbc8a10d3eca553,5,0,Unknown,,false
8844,0x04ab63e1bcce299276562abab2e659dd7d75d4ab,5,0,Unknown,,false
8845,0x04811fd0e008efbde3831d9eb7e420f1ce318cfe,5,0,Unknown,,false
8846,0x047ab7fef68d332725fcce1bd535914620c5cf10,5,0,Unknown,,false
8847,0x04790ff352496099d78dcc23f3c33905d25b695c,5,0,Unknown,,false
8848,0x045a910aed4702f4a669a2f6f094ae0e1dc7303a,5,0,Unknown,,false
8849,0x04591abcbb17d8c7d1705882d52c9a5884ad2453,5,0,Unknown,,false
8850,0x04404976af64734549c29fcd21f49cadf936f240,5,0,Unknown,,false
8851,0x043abc3a591be940c05ab0d52b7272d232771eac,5,0,Unknown,,false
8852,0x043a12ff44837a1b634e36300193181a13de6eb5,5,0,Unknown,,false
8853,0x0436f29b2563dec02701089433b0a335fbe753ac,5,0,Unknown,,false
8854,0x04344466d4c9efdcb2e8d8649b1be96cc1111efd,5,0,Unknown,,false
8855,0x042b587ae9f68b4ea67d4fdcfffc5aaaa4c1431b,5,0,Unknown,,false
8856,0x04296fa58d423b2ae2e91312f825047f4174a39e,5,0,Unknown,,false
8857,0x0423651926d83c77e1b5446e19032f6b40d2ce25,5,0,Unknown,,false
8858,0x0423319f84ba2011e5b0b9d8c09ebb7ec81e64ba,5,0,Unknown,,false
8859,0x041bf33754a432fa59be25703960638450710513,5,0,Unknown,,false
8860,0x041947892cbcee9cba656c628fefd644d0bc67fa,5,0,Unknown,,false
8861,0x040e52c562b6bb894b01baa5cdda5361149b1f0c,5,0,Unknown,,false
8862,0x0403954e1f1e0788a25e53128afa2a0ce98f752a,5,0,Unknown,,false
8863,0x03ef4cf239417a4cb7b99cb14fa86605304b2960,5,0,Unknown,,false
8864,0x03e919a42e22206486f0e0a1df9e5aca56cd7446,5,0,Unknown,,false
8865,0x03ce756b11d91e8ccf61619c1290a7f28a8b2523,5,0,Unknown,,false
8866,0x03c73cbfd120867aa0417758375c4c0a073c5b3b,5,0,Unknown,,false
8867,0x03c6cd3e444866704bdfde32e521015edb8c5bab,5,0,Unknown,,false
8868,0x03b38c918416c44606dbdd4bb06a9b71972b51bb,5,0,Unknown,,false
8869,0x039ae28d4000b537c415eb5c536ebfc22d6b1287,5,0,Unknown,,false
8870,0x03900099afe970faaf05feb74324d1a0e08d55b7,5,0,Unknown,,false
8871,0x038cd64d831b88c5c44ca116d0a39d685aa734b8,5,0,Unknown,,false
8872,0x0388960ec860124290ee759b6403cc22123bfe17,5,0,Unknown,,false
8873,0x0384a91601ceed7a696e3ca2bbd11af67925d23c,5,0,Unknown,,false
8874,0x03849a983b305628b649d0a2ed3c33a4dfda7bfd,5,0,Unknown,,false
8875,0x03784767a72cca6a200ca52411ee6254afb91931,5,0,Unknown,,false
8876,0x037347d4c88020216cc52df05928c0f9957decd2,5,0,Unknown,,false
8877,0x0371923cb2d0e225fdfbd2bceedfcdac2ec9aac4,5,0,Unknown,,false
8878,0x0369f4ce36c37600f718b21d0be6ba66e2803dba,5,0,Unknown,,false
8879,0x036602b51ef859aaaf39df8b0b30de7451c3d571,5,0,Unknown,,false
8880,0x0364a7130a422b12e730fa6b328ceef06c77699f,5,0,Unknown,,false
8881,0x0354ab3c7aff66596e89e5a299c54493d42067d9,5,0,Unknown,,false
8882,0x034533267be8ff8914e9a3ad94a98e51e789d16e,5,0,Unknown,,false
8883,0x0340f5783b756fb6588b6f1d0bf08fc587d0a034,5,0,Unknown,,false
8884,0x0327389a17b1c76d56ef5485f2f58d2b8dbd6c05,5,0,Unknown,,false
8885,0x032218523322ee945fed1ff7d36ddba2a3e4a84d,5,0,Unknown,,false
8886,0x031150c11631ea116994e540352fccd2dc1e92d1,5,0,Unknown,,false
8887,0x02e779d12e05a7c75d734e0a08f360192f00f452,5,0,Unknown,,false
8888,0x02d0bccffcacaadd7a3d3236f6dd6baaf83261b0,5,0,Unknown,,false
8889,0x02c8c59430992abb3bea22763ae66ba2f384fb30,5,0,Unknown,,false
8890,0x02afa6075fcede2b24d73daa45edb54853edfcd1,5,0,Unknown,,false
8891,0x02ab42c9c0491f93ed9e5e4bc7850bf14f86aecd,5,0,Unknown,,false
8892,0x02a07b9cb0e89c9e22422327788c9acb9543d0e5,5,0,Unknown,,false
8893,0x029e0a25933ba7cfdccd9366a5c4ff0172121aff,5,0,Unknown,,false
8894,0x029c2680974a955ed508d4bb3d53104a10a2f477,5,0,Unknown,,false
8895,0x02962a863714f5aaf060e38f1c68039194c3a82c,5,0,Unknown,,false
8896,0x02959a7d7b0b44e000bf8955b3f3185b0e615cfa,5,0,Unknown,,false
8897,0x02920ae2c287a05b6ab7dfebd4ce6eeacff95f42,5,0,Unknown,,false
8898,0x027f476f762bda2dd356fe534334ca2f7c562b75,5,0,Unknown,,false
8899,0x027dbb06b485320c05745ed7c1bb6d72c57794ec,5,0,Unknown,,false
8900,0x027bd98a7548e77279b74b83759088ada5bacb37,5,0,Unknown,,false
8901,0x0277700cbd0127bb1a061828dc7a83d77006344c,5,0,Unknown,,false
8902,0x0269a4809783860b440a781850314b1ac2081b0d,5,0,Unknown,,false
8903,0x025f34b8365033711e1222e6b6f22c8c619f7c0d,5,0,Unknown,,false
8904,0x025ba648d31e4ac0339a39757652d2062d2c1cc2,5,0,Unknown,,false
8905,0x025895022f78de61c1b63489d2b6717dcdb12070,5,0,Unknown,,false
8906,0x0255715e313d7051453b211e85360b9654cf4e2c,5,0,Unknown,,false
8907,0x022ccc5f80b066c72dd842f2ee435beaeaa8851d,5,0,Unknown,,false
8908,0x02135c61f8ebb2d24324226069c4e31a5ec33b30,5,0,Unknown,,false
8909,0x0204a6b6db52bf1b7518712048ece896d854f73d,5,0,Unknown,,false
8910,0x01f8efa04c0d275ff5415939b7d3cdf8651b8ecc,5,0,Unknown,,false
8911,0x01f54ce5ec3bf0180c980ada5ea83afd7910032b,5,0,Unknown,,false
8912,0x01ee25c1e78891c521479e0d5a6a84912b57dda3,5,0,Unknown,,false
8913,0x01edb262a7d057ea3bf786e3cf015733c5049d0f,5,0,Unknown,,false
8914,0x01e87f6e849ca333ed4156a6f8328aebdd98afca,5,0,Unknown,,false
8915,0x01dd52e863bde30e8b9999d889eee013f5fffcdb,5,0,Unknown,,false
8916,0x01dd34b221e86a2e116e52a5c24d0e7ceb567973,5,0,Unknown,,false
8917,0x01db292181ef4ca833aec01bd55c4af28ae5b741,5,0,Unknown,,false
8918,0x01c292eff1e02766227afd9682ec439a23ab4f3e,5,0,Unknown,,false
8919,0x01bb779cc47788276e068bf398ca7950c3f02a4c,5,0,Unknown,,false
8920,0x019b2e718d524eb6048936d52801844abdf22134,5,0,Unknown,,false
8921,0x01905ef2e8fed4639986f6e950b2064c7d6b1580,5,0,Unknown,,false
8922,0x018e30c5da8446dd38d95e3504ef7c7edd515009,5,0,Unknown,,false
8923,0x018dcc05036fc01479dfed4c0f9861f78af952d5,5,0,Unknown,,false
8924,0x018106497bfe66628d91e67764212b8b8580713e,5,0,Unknown,,false
8925,0x017e3d9a2d19e3da598394fc99d4228216b5eebb,5,0,Unknown,,false
8926,0x0168c0acdbe4f7d69940d53db1736ad471940b88,5,0,Unknown,,false
8927,0x0168022ef8d8682dce07b34d901f48bcba7c446a,5,0,Unknown,,false
8928,0x015f8d379eeb6b1f5c93bd3d46e380e01c1e372f,5,0,Unknown,,false
8929,0x014bad32acc3508fe231cd47b768732abc4072ad,5,0,Unknown,,false
8930,0x0146ed8dfb9bcfc1a171ae20a371ae95df33a1d5,5,0,Unknown,,false
8931,0x0146554bbf669255d1d928bc4cf9bab0d669501d,5,0,Unknown,,false
8932,0x013c84c83b3fe7c3d00a8c4d2b0324ee7e16f210,5,0,Unknown,,false
8933,0x01387710b0c1a7de59d86ae0432b1b3fc7eda3f7,5,0,Unknown,,false
8934,0x012a35866427fea0dd5adf078adc411df8fba5b0,5,0,Unknown,,false
8935,0x012257e22083b092e0fc1ae74d2dcdaa6ea19905,5,0,Unknown,,false
8936,0x011bba382703f685f3d2573b262ea45608691d49,5,0,Unknown,,false
8937,0x01144a2c4ce087a6bd6677ce43eb1ff96b9b4578,5,0,Unknown,,false
8938,0x0110cf335673e8f444720663b7470f10f1a85abc,5,0,Unknown,,false
8939,0x010fdd80840428f189dc820f3dfb2a51ad037ed1,5,0,Unknown,,false
8940,0x010fdb084e6193051de1096b2f9bf265cbac9dc6,5,0,Unknown,,false
8941,0x010eec59804ff532158d1bc90bf7c4aee144ec1d,5,0,Unknown,,false
8942,0x010a9f2edfb3dd9c654060c3a7441dc18e46d2b9,5,0,Unknown,,false
8943,0x0103206626fcd31f3418c9ec2ff1fb3d8a7c8cdc,5,0,Unknown,,false
8944,0x00fb7ffe6fa768e5bdadea85060ce5522eb64b48,5,0,Unknown,,false
8945,0x00f44ba3c0a8e40a3788053a962e2c9eabe045fe,5,0,Unknown,,false
8946,0x00f3e44047671415b1c3ee22ec903af1dc2acdaa,5,0,Unknown,,false
8947,0x00f13fb6a8e753327bbdb6d4e0dd569862d20fa8,5,0,Unknown,,false
8948,0x00e95249d06a63c82b513b91ad8d444960c75ff6,5,0,Unknown,,false
8949,0x00e730d5815e82f6d72431fddc37e7634d815508,5,0,Unknown,,false
8950,0x00e416ff8dca810630f606a8c36e75603c96aab8,5,0,Unknown,,false
8951,0x00d9499c8b166ef8482c037df48b01d35ca2a0d7,5,0,Unknown,,false
8952,0x00ccdc33e67fca9b735afff0bce2b3bfdd4e9097,5,0,Unknown,,false
8953,0x00aa503d0965664f83270159be10b846aeeb154a,5,0,Unknown,,false
8954,0x009e207ee0dcb150200a5ab129f2887f732003fd,5,0,Unknown,,false
8955,0x009770763d231cecba2d604f8074f4eca74bc082,5,0,Unknown,,false
8956,0x0097384a02507bff09c6aadbb9d6dd6842b15da1,5,0,Unknown,,false
8957,0x00908a0cdb8dd41ad2d681126f7ae953df7ea27c,5,0,Unknown,,false
8958,0x008bcec6179a08986db79fbe278f3340d6aca333,5,0,Unknown,,false
8959,0x00875b918af4c6910f712401d0fa02619ea35674,5,0,Unknown,,false
8960,0x008434bdebed918aaa5c6d14e1f7e3c9e7a2de2f,5,0,Unknown,,false
8961,0x008309f885d7a2dac8da41ce3b360da29db5f9aa,5,0,Unknown,,false
8962,0x0072e8cf292adde7bb3b4677df510b02392729b3,5,0,Unknown,,false
8963,0x00726fc5d6c5a32c38f3c84f14886623ce798dfe,5,0,Unknown,,false
8964,0x0071f09beb06d268f59de11ef0cd727dbd157215,5,0,Unknown,,false
8965,0x0070cfec5a6d49bf558aaad7a9f2875d1701f066,5,0,Unknown,,false
8966,0x00642c2db4b980dbf30016b50721484a7ca66fed,5,0,Unknown,,false
8967,0x006291d2bc0712770fac7015f874cdee79122a7c,5,0,Unknown,,false
8968,0x004840d444dd190ddb760d8c469505767a914344,5,0,Unknown,,false
8969,0x004300bdae43804ea93a61aa91c6f5501e382a1a,5,0,Unknown,,false
8970,0x0041610f8080cabe053588759b816d6235454495,5,0,Unknown,,false
8971,0x0022d665aeea2d183425e3d551e66e7e7e525d93,5,0,Unknown,,false
8972,0x001b3d09f9af5d837ea4714ced76ca918945e3bd,5,0,Unknown,,false
8973,0x0013b15ebf5717fea190b189b177c164ffa97805,5,0,Unknown,,false
8974,0x7fee0883f7530309be7d576a8d2c387a6995522d,5,0,Unknown,,false
8975,0x84b615bbf9c0784bc41118ae7066322b2556853c,5,0,Unknown,,false
8976,0xe6e5939a9a92472bb486224eb8244899150c1d31,5,0,Unknown,,false
8977,0xa2c01602e54f4e27937a0fa535c9d6613184a978,5,0,Unknown,,false
8978,0xbe341b1ba1ba66b69690ab5fc2c90c2766e328aa,5,0,Unknown,,false
8979,0x8d263827c3fe74bb967867be60d603296bc34d8d,5,0,Unknown,,false
8980,0xd0f4fbcc287d041c9abc35a384812f35782c5a02,5,0,Unknown,,false
8981,0xa7d2bb52e83ab5786db97a08cabdfe0328b09be3,5,0,Unknown,,false
8982,0x1f673f0cbba7904efe37ef470a8f98e82834163d,5,0,Unknown,,false
8983,0x3cbd28ff65958936343833293ac57f8506a421bb,5,0,Unknown,,false
8984,0x043441794ed81d73ace112345023ce4ef7ef9b4d,5,0,Unknown,,false
8985,0xdf8ad8639aadaedf65c9d91d452333264b2b3e50,4,0,Unknown,,false
8986,0x146cbdcbfeead2d1e3a209f762a4ac606ef8bdf1,4,0,Unknown,,false
8987,0x79c1a1c586698993205a4487668ed50c158bbd3d,4,0,Unknown,,false
8988,0x4e4d1bda30c380906e4eb45f5dcc3028f35d836c,4,0,Unknown,,false
8989,0x427bab76174c2c571f965315d18cf6c7b794e600,4,0,Unknown,,false
8990,0x3e4144fc80d18ac54b5a6e080005964896730f8b,4,0,Unknown,,true
8991,0xd768e8a0c34b8c19e957b9922b305e4ccb7f8d87,4,0,Unknown,,false
8992,0xca3586dcf7954cc359febaac8fd060b53a590745,4,0,Unknown,,false
8993,0x95e433e6a72488a67fbce9c360a58c02d1e21ac7,4,0,Unknown,,false
8994,0x0955726a3ab484c88cb884ff2ac52bd64ce55ecd,4,0,Unknown,,false
8995,0x07d0ac7671d4242858d0cebcd34ec03907685947,4,0,Unknown,,true
8996,0xd4f2350088e73d824c283483f0f134e871af8a51,4,0,Unknown,,false
8997,0x8239fc42e9ef812280493be9436b331d9944cc2e,3,0,Unknown,,false
8998,0x15f15ae83782e03f3d58edf3ca0cc4b575557913,3,0,Unknown,,false
8999,0x94ccc1d691677a18cdf57b987b74a948f65a709a,3,0,Unknown,,false
9000,0x3e09ad54f29ec00b2a87f246d75963cb8524ce0c,3,0,Unknown,,false
9001,0x8856465ff530838da3d64da465f8a7440f9a97eb,3,0,Unknown,,false
9002,0x3a963d651e0d71e715de96ab83ec3f79aa12f88d,3,0,Unknown,,false
9003,0x7b1feea66a8e5067cb239a032db8f409806232ae,3,0,Unknown,,false
9004,0xab6bcd2123a565b4f945df5f1a4f9406c420a7ec,3,0,Unknown,,false
9005,0xb35e9406a6aea1e5ba8999d99fb66ff3f6922302,3,0,Unknown,,false
9006,0xbdcc15a3c79f87929675760bc0866c19a341ff68,3,0,Unknown,,false
9007,0x23081dcde6a8e4bf2f9c01764a04df4fcf290ed2,3,0,Unknown,,false
9008,0x3a9ecfe4601a1072349cdd3d2dc5a6125e38b834,3,0,Unknown,,false
9009,0xf950c98b9a0118e36e3a95ee969f40ba7a34bba3,3,0,Unknown,,false
9010,0xf10dc2aa4fe0606f21c24f23dbaa7447771ccf23,3,0,Unknown,,false
9011,0xeb94661e8c6ef5a9534fdbceae3e1aef1da723bc,3,0,Unknown,,false
9012,0xe8d32121ddd6cb7a0afebdfed21493615f71dc44,3,0,Unknown,,false
9013,0xe279c6f6f4e5f3912eea77d4b19f5e13ba7f38ff,3,0,Unknown,,false
9014,0xd362118302c22777533413bd2c045760f7b33d6e,3,0,Unknown,,false
9015,0xd299592625d3b06bf72af4b946a92321805c077c,3,0,Unknown,,false
9016,0xcfb8039dc61a8411aeed73e9e6f7c38ac0cf2ea8,3,0,Unknown,,false
9017,0xcf6d7bb062efa9caee1b88cf386868980eaac7db,3,0,Unknown,,false
9018,0xc22a76ef6b7279119a34f2bf14bef872d22fa52f,3,0,Unknown,,false
9019,0xc1338917ee749b680c70470a3a93946351d4acfc,3,0,Unknown,,false
9020,0xbd588ad904c2047f4b085c9d2ae5591ed9ca0f2b,3,0,Unknown,,false
9021,0xb7de273bfa767d0cfd7cde715a07455784ccb67b,3,0,Unknown,,false
9022,0xb09408ad905b2f402d875a98b4e7c624ddb2e396,3,0,Unknown,,false
9023,0xafc67a44f22d4ba61ecfdecf4c5caece7f857852,3,0,Unknown,,false
9024,0xa7617614466e816b0edb0098f6376b5d50ac7c50,3,0,Unknown,,false
9025,0xa226512571262c34111eaac69fb0b0304fbc8c4f,3,0,Unknown,,false
9026,0x947cd2f59c315d27010ba276fac4d933263b45cc,3,0,Unknown,,false
9027,0x8afe468b2726f17fcf5626fb75b4cfdcc346e404,3,0,Unknown,,false
9028,0x87809cf3fcfb555fc778e0e65a21c40154cc1fc7,3,0,Unknown,,false
9029,0x828eea80d431542547fd7f56ad3d582b2cb87754,3,0,Unknown,,false
9030,0x7f22c9d12b3b15a4cbe3c0d448d1ba21f30e232f,3,0,Unknown,,false
9031,0x78a93f2a0cc8fae0fa235e27df928479a9951d92,3,0,Unknown,,false
9032,0x6d15b1d6b874d0d04cd2bf8280bc28650fea7901,3,0,Unknown,,false
9033,0x6d108fd65650a9a6e483ecf3cb0732b12b53ef3f,3,0,Unknown,,false
9034,0x67dc7b28b11f342a8d9390ae088647b9f0009386,3,0,Unknown,,false
9035,0x678569f859643727879ef4689229e9f57dccafdd,3,0,Unknown,,false
9036,0x5fe43003f64999892b81177ee88e743fd74b32e3,3,0,Unknown,,false
9037,0x5d2c2f22f73cfa05e18de412386efca868dd6685,3,0,Unknown,,false
9038,0x4dddb596d41b53721ea25ca13680107673aa3c1c,3,0,Unknown,,false
9039,0x47609a5be39652e99d23c52f20411bff4dc8af37,3,0,Unknown,,false
9040,0x471037bced19568a7afb87edb2207e19c0e4520f,3,0,Unknown,,false
9041,0x4514d9ab252fcd0b2b48c88ed9049d5ea672f762,3,0,Unknown,,false
9042,0x42e379ea26f775ea6192d23b2786ffede4a05cb4,3,0,Unknown,,false
9043,0x4045e1a47539a53d3ef92635b1c644e636de686b,3,0,Unknown,,false
9044,0x3f9a81bc4701959c24d0fcb623a622d622acb707,3,0,Unknown,,false
9045,0x39a850517a763e1dff77cdf8b7cc6e272d2bfc2a,3,0,Unknown,,false
9046,0x2942b598041613e10d2e7e92cd1fb4550f33e0dd,3,0,Unknown,,false
9047,0x147ee22d5141cc40094ec22cec27f0ab4207d778,3,0,Unknown,,false
9048,0x064b7e8c602681cca6ff5f81ffc6da179127e382,3,0,Unknown,,false
9049,0x02e70254115f54088626fc9eaf5fa4f90d840c98,3,0,Unknown,,false
9050,0x008e68930110c59306c6cbe1f894c12c76acf352,3,0,Unknown,,false
9051,0x984b9159f70ba93882d9d291ca037f0de1fdef87,2,0,Unknown,,false
9052,0x48b8419b2bc0fb63ee96e3a370e30b200cc2e672,2,0,Unknown,,false
9053,0xad1fb51493f8cbc17f8683567c262aaf3727c933,2,0,Unknown,,false
9054,0xc13f9fddd5b7db03b681eb0521fb9aa4b41d09e2,2,0,Unknown,,false
9055,0x000066320a467de62b1548f46465abbb82662331,2,0,Unknown,,true
9056,0xf5705581c7b64ad46c42fd526a5945c5e995bfbf,2,0,Unknown,,false
9057,0xaadd3d9a131650de9540b4b2e8e86b9f2233cc6b,2,0,Unknown,,false
9058,0xa68cbe979be111b74034384adc44d6a9720b7f78,2,0,Unknown,,false
9059,0x7a759d564570d8824478abedf706540b6087af97,2,0,Unknown,,false
9060,0x7a224a0cc2a9193cdf72c82352d4bcd5aebadaf4,2,0,Unknown,,false
9061,0x44613c938273eb7ba079cd9dcf13eac7c80566f5,2,0,Unknown,,false
9062,0x875287a6f3145e7f2dc8c0a519402a9e97a4270b,2,0,Unknown,,false
9063,0x9e2e7ab285a781c52113725b51518ec04a145a2f,2,0,Unknown,,false
9064,0xca226bd9c754f1283123d32b2a7cf62a722f8ada,2,0,Unknown,,true
9065,0x1234567890123456789012345678901234567890,2,0,Unknown,,false
9066,0xabe583adaca99cefc7a0466684a11b67cbd652a0,2,0,Unknown,,false
9067,0xd6d5194c43db1f6c7026b2e13579ba9c7ab344f2,2,0,Unknown,,false
9068,0x7d27454608dde7d5b0928b66d892ac64e62576af,2,0,Unknown,,false
9069,0x39041f1b366fe33f9a5a79de5120f2aee2577ebc,2,0,Unknown,,false
9070,0x3a6f9c6315b9f9dc4b9c56997f4920d65b5a7c42,2,0,Unknown,,false
9071,0x7947dead29d01ce15b1ecd84658fd767da32c7ee,1,0,Unknown,,false
9072,0x77923b1c1fa7f090309a98f874f94ad22f9fb2df,1,0,Unknown,,false
9073,0xf865a8cfbe12af8430fbc1a331d957c36fa9fb04,1,0,Unknown,,false
9074,0xb8bb42f4bcf78ce21a7882a6a90bb851b612a961,1,0,Unknown,,false
9075,0xf5421b0ec35dc952142b8a3f95fd052b65bdd1b6,1,0,Unknown,,false
9076,0x185eca4ef552e48351449a9f07465901f1dce174,1,0,Unknown,,false
9077,0xce9cba2020ef997b673839770ea691b0f291dc32,1,0,Unknown,,false
9078,0x5e2442b37d5f85ed98fdfd1a803ddc4e466440a2,1,0,Unknown,,false
9079,0x0f02d10780bd1bc10796b39d2980d40d9042aacd,1,0,Unknown,,false
9080,0xf8c8a83a7eafb7e5b37f4f297a47174f89b340c7,1,0,Unknown,,false
9081,0xe5ed158e05717d1826a228238007447ce69d376f,1,0,Unknown,,false
9082,0xd47aeb2ce1690a25c7e94fb4bb2933fb34fab643,1,0,Unknown,,false
9083,0xd2385d9c47f881dfe71555d7953441c1f9041d32,1,0,Unknown,,false
9084,0xbf65519424e1442d878aa1bf6b603d4f82c7e006,1,0,Unknown,,false
9085,0xb27d6af7a187b106f9c119debff5c241bc106258,1,0,Unknown,,false
9086,0xa8fa2192149bf07109e62cdc94044eda8036d8d6,1,0,Unknown,,false
9087,0xa7b97f4eb3a0f8af630e08cbbeef97fd4ba2412a,1,0,Unknown,,false
9088,0xa5f4586766f731c7d684d6136cf99ecd803bdfd6,1,0,Unknown,,false
9089,0x8ad90193ab3570a023e230423ae91f22d75a1a90,1,0,Unknown,,false
9090,0x7ea34fab40619fd12ac34fbcb8d5b7d2160db399,1,0,Unknown,,false
9091,0x68887ddca1b2dc9d4108266e492b130fb31ad866,1,0,Unknown,,false
9092,0x5e24322fd927607de7fccca7d3a249642468320a,1,0,Unknown,,false
9093,0x58f1078ee0465c52f509e942aede1cbe73d51c8d,1,0,Unknown,,false
9094,0x5194d08bd3b4f92bcdd267b4bcf758588d88483f,1,0,Unknown,,false
9095,0x4b7bcdda48a51b5077b7f85812a2163579d5c6bf,1,0,Unknown,,false
9096,0x4510004d9aee18add01f88bf0c4ad90e499643a3,1,0,Unknown,,false
9097,0x2ed77e15f67e080287c0741ca731a15c66d2dc5b,1,0,Unknown,,false
9098,0x2e67472af84a5b59a8071c79cbef3daa6b66ee8e,1,0,Unknown,,false
9099,0x2deb2a07b86084b1e2cca440c04603aca33022a1,1,0,Unknown,,false
9100,0x2b75440cad9173baf1447db516ad94b355a79e97,1,0,Unknown,,false
9101,0x29f77c316fe33fe8aec1e5cd43bd7d626b3318cf,1,0,Unknown,,false
9102,0x204abf9fd49a75d8e52962912641458db804e906,1,0,Unknown,,false
9103,0x1f1adcb221a1a838a9d97cf8288955340bf7a571,1,0,Unknown,,false
9104,0x14256a7401eeb80a84769bb3e3f5756de45373a2,1,0,Unknown,,false
9105,0x0d86abe39af2c442380961ab6e8f14c802c16820,1,0,Unknown,,false
9106,0x0bffa186b9c17061560e7a3e54f6ae6ea83cb612,1,0,Unknown,,false
9107,0x07e799de818282768f18dc1769ac187b7eb424e8,1,0,Unknown,,false
9108,0xa198492341b90b439c323528d4f0e390bd43426c,1,0,Unknown,,false
9109,0x286d316aac77727cfc2998604bc0232974406c4f,1,0,Unknown,,false
9110,0xa0f1241a154e2c1d5c55b94ced81382e599e9085,1,0,Unknown,,false
9111,0xd28eb68b2ad007209d08e1214cb6ecb3d7b097ee,1,0,Unknown,,false
9112,0xd0dde242b35963cb762b25bdbbbece1211acc733,1,0,Unknown,,false
9113,0x72f07c7c048340c46a3486bf2288f9770c584f37,1,0,Unknown,,false
9114,0x4fe44ef35512b0dfc7149704dd7763261a4fdb68,1,0,Unknown,,false
9115,0x4741bbce0b1c06168c38d53fe247790a60c9d8c5,1,0,Unknown,,false
9116,0x3772b8a2e1b1c9d77c931e44723f743b6c68751a,1,0,Unknown,,false
9117,0x1590ae9a07024634fc4a373bab28b4d16a3652ae,1,0,Unknown,,false
9118,0x0aeed2fdf83d898168737563a62c574fe513cc1e,1,0,Unknown,,false
9119,0xbc28f5be407a2b4fd69bb1b8dc35bbde581f2cd5,1,0,Unknown,,false
9120,0xb2c61c7134f680e7d19de1a1f96d3f567b758758,1,0,Unknown,,false
9121,0x98c1b6c6010a05fb5fc55cc53b596ae7d31dd749,1,0,Unknown,,false
9122,0x5340efa459541d91279dbf18bd62c8b76550867d,1,0,Unknown,,false
9123,0x4fa16b0623344b9a6eeedab9777340680f09c271,1,0,Unknown,,false
9124,0x30b7406bcc63b5c88531b37df11db1d9a9dc2b0c,1,0,Unknown,,false
9125,0x2fd0867377f511b6fe1ccfd3ad224a472fe34f56,1,0,Unknown,,false
9126,0x12a278d52fd0bd9b70a80e57b885a8b8f2e303c1,1,0,Unknown,,false
9127,0x505149beed8481fd9d92e75a6b5ceed5f8b71060,1,0,Unknown,,false
9128,0xa9eb192a881c26a9c4147b90b87f1608456d6e22,1,0,Unknown,,false
9129,0x08de627d27acae98d8bdf26e4749c813397b1a1b,1,0,Unknown,,false
9130,0xcaab4cd2bd76bd6c96151da2de0a6ae97a1dcda1,1,0,Unknown,,false
9131,0xa58579143aec936396ad8ea3b56c90ac28eea6e5,1,0,Unknown,,false
9132,0xa84dd31bb6f47fdd9e75c5d659b0db6d62a64a3a,1,0,Unknown,,false
9133,0xba12853671e94070726bd3e65f761e15925949f8,1,0,Unknown,,false
9134,0x789a336cb3deb71522dde5e5369e94255219c71a,1,0,Unknown,,false
9135,0x4731633f6bb3dc9e449d56c0d2801b2ed73f8f7a,1,0,Unknown,,false
9136,0x44d3c6ee3a68a68ae2d89acc7be957d241d21cf1,1,0,Unknown,,false
9137,0x3e89a81b94b79a124db96b6e1f8ef23f69232225,1,0,Unknown,,false
9138,0x13c8f1dbc0d3d7988beeebf23bbec980c7269900,1,0,Unknown,,false
9139,0x00425bc4c4cbc963c264eacdd23fc778aef11255,1,0,Unknown,,false
9140,0x00700052c0608f670705380a4900e0a8080010cc,0,0,Unknown,,true
9141,0xdf4eebe1b5966dd7fbb604d74c7405b1eab046aa,0,0,Unknown,,false
9142,0x6ffc5848c46319e7c6d48f56ca2152b213d4535f,0,0,Unknown,,false
9143,0x6c64ae0c90809c6b0e4cfd9a11cbd76d5459400e,0,0,Unknown,,false
9144,0xa22d526def9fb93b42bc817ed2f6da455156a790,0,0,Unknown,,false
9145,0x5fc7a7b9e3b02991ae1a64286a917145ae6ccef5,0,0,Unknown,,true
9146,0x61c17fb3e335de2e7b2de5e5cf256c78c1e8a825,0,0,Unknown,,false
9147,0xad01c20d5886137e056775af56915de824c8fce5,0,0,Unknown,,false
9148,0xe07bcdd1013371eb333e72903fa367f74ba57683,0,0,Unknown,,false
9149,0xbd6c7b0d2f68c2b7805d88388319cfb6ecb50ea9,0,0,Unknown,,true
9150,0xaa429548400fcac3288e08f8fdea6b9460df6071,0,0,Unknown,,false
9151,0x83772900dc91e5cc8657016b15633f92803f628d,0,0,Unknown,,false
9152,0x81b7885539f8e6dac413facb736ee46132a6e312,0,0,Unknown,,false
9153,0x5b1c92ba900ca391db5193d1069cefdfb9732f31,0,0,Unknown,,false
9154,0xb837c86126afd947f9eb20253810bb4b9a906109,0,0,Unknown,,false
9155,0x5c2e112783a6854653b4bc7dc22248d3e592559c,0,0,Unknown,,true
9156,0x23115441fe3e1588ba5ca7b60d220856030aef25,0,0,Unknown,,false
9157,0xab8afc6446d15a1fde3c6eb3c35822701852c683,0,0,Unknown,,false
9158,0x0a6144fa659526949998e9e861984d9868a0f6ab,0,0,Unknown,,false
9159,0xfddbad93cdc97edfa9050a635887e250362010e7,0,0,Unknown,,false
9160,0xa600781e0c816385805af8699799e6736efcb4e2,0,0,Unknown,,false
9161,0x4ab30b747c5044124e4f5da2a2ff4cc96f4ec12c,0,0,Unknown,,false
9162,0x20da53f204d37f4ae1cd46b13220bc8982094a22,0,0,Unknown,,false
9163,0xa7e149283841c4ba66d81f9d9afcc1dd2debd724,0,0,Unknown,,false
9164,0x34ced1522f43df8907b7f4ec599df0627b7d04ed,0,0,Unknown,,false
9165,0xa5c6429bd46d2babae7846351ac41dc0aa71759d,0,0,Unknown,,false
9166,0x44a67e111fa2d17726673e31de73afb4e0e348aa,0,0,Unknown,,false
9167,0x17cd2b6218ebe546dbb60adba11474285d569d97,0,0,Unknown,,false
9168,0x599fb8bdc941322e3f1a889d98332a4d5edb72e0,0,0,Unknown,,false
9169,0xad3b67bca8935cb510c8d18bd45f0b94f54a968f,0,0,Unknown,,true
9170,0x00000000009726632680fb29d3f7a9734e3010e2,0,0,Unknown,,true
9171,0x5afd81dc01e371e4b45f9f115d496ea6794020f8,0,0,Unknown,,false
9172,0xfdcf92057667700a0ed82ec945408d8335c0044c,0,0,Unknown,,false
9173,0x204405d5fd22b925d3b84e4bd53f37aa3bd81b41,0,0,Unknown,,false
9174,0x316ee0f57c49b15efc65292b83a74593d6a6b76f,0,0,Unknown,,false
9175,0xc04f62fb3374663ba922cfb1270f52f95f6cbbeb,0,0,Unknown,,false
9176,0xba823f4643a0c611b78b73c5344ee6e353b90568,0,0,Unknown,,false
9177,0x46fd018b32a9315ef5b4c0866635457d36ab318d,0,0,Unknown,,true
9178,0x6dcb47eb61a71fadf7a1c3b420261ea412e0f55c,0,0,Unknown,,false
9179,0xaefbd5ec8ffae9e963b5b7aaa0044f7fc112f554,0,0,Unknown,,false
9180,0xf0d77f65bdb374f933bc9ac90fede88adef77e04,0,0,Unknown,,false
9181,0x7afa9d836d2fccf172b66622625e56404e465dbd,0,0,Unknown,,false
9182,0xc22543558edaaac6c2bf5ff506114f592b59d0af,0,0,Unknown,,false
9183,0xbf6e145dcfe4a71504daa2ab90bbe70be1c564c4,0,0,Unknown,,false
9184,0x91179a59b30753cf9d22100ba828190349fe537a,0,0,Unknown,,false
9185,0x700a047f8c80a90158949c1dab10cce8ded66ed4,0,0,Unknown,,false
9186,0x42a9766c406eff7ee19177e2748e49c01130dcf4,0,0,Unknown,,false
9187,0x000dd4502a522ea6ce055e8c181829c3b9cba8f3,0,0,Unknown,,false
9188,0xd6f3c046a4162b2f5ea57e81b6eac0e9829f8514,0,0,Unknown,,false
9189,0xbc94403d263c286ae6c0ad8e49ca6db0a82bd633,0,0,Unknown,,false
9190,0x0891617fe27647731d6f1e764092b2f9f06130a0,0,0,Unknown,,false
9191,0xd3f8366f84e3b6fd0024db2684a9c2e8f60bafcc,0,0,Unknown,,false
9192,0xaf3d5045c12528e6b272acd0455e421c0dd9fc55,0,0,Unknown,,false
9193,0xa8fb863fb61b458a23c9db55b0ff4bf3396c309f,0,0,Unknown,,false
9194,0x6355964d22a84dfc1425af236981159734d72f3e,0,0,Unknown,,false
9195,0x39f817c4dbebd28635e34869d8fa4fb46a988c7a,0,0,Unknown,,false
9196,0x1cdad196bc6e25d858d545fb19836f04f3429754,0,0,Unknown,,false
9197,0x2b85ae1111a20d1bfdca2af2aab1e5356f14a3a0,0,0,Unknown,,false
9198,0x5e6f71ba1372e43f127cc556fc0fcf6742a7af65,0,0,Unknown,,false
9199,0x35f8db3c23807f4dca2de7f7a7211ce5895318d7,0,0,Unknown,,false
9200,0xddb246361c11007a8ce95535fc2680158fd2aee0,0,0,Unknown,,false
9201,0x5cfb97158900667c55ad1633697aee0230b38b19,0,0,Unknown,,false
9202,0xe890eb6c470f4c0214d9c9a81cb90b5dbc8637d0,0,0,Unknown,,false
9203,0x0d12d6d10c3413be3f2c7d7daeb03fa3bfefecbb,0,0,Unknown,,false
9204,0xcd5de8804efefbb73567a1d2135b2310f1809444,0,0,Unknown,,false
9205,0x6e3f3d0e04ac3930c086a8198bb543fd405c2a8d,0,0,Unknown,,false
9206,0x0ecbd6ad8884abda2cda9df9cd011b6a3d87d06a,0,0,Unknown,,false
9207,0xdf9b1a8ac4ca03a651a5399c696ef5c2007c58b4,0,0,Unknown,,false
9208,0xda052d877a6d58c9c3b427aa2c2a10b64ad0e7ba,0,0,Unknown,,false
9209,0x406add3287cdf228869101798b9e5d661c55f4c2,0,0,Unknown,,false
9210,0xb80d90fcf2ed0e4febe02d2a209109bf1f62df95,0,0,Unknown,,false
9211,0x52866fd157577897ce627022b9c19bd2e622fd7a,0,0,Unknown,,false
9212,0x4660332e0d80a75c1659e6a2f9b5a9dc9a56dc3e,0,0,Unknown,,true
9213,0xb01f8f528702d411d24c9bb8cc0e2fff779ec013,0,0,Unknown,,true
9214,0x993f4df51704c77bef60ef8951bd0e163e00d36f,0,0,Unknown,,false
9215,0x5b6d46a6da340adacaf440ff833716dfdccc661e,0,0,Unknown,,true
9216,0xf5083b90ef54c0350110499cf96f7343c1903f3e,0,0,Unknown,,false
9217,0xf4f455e17739f9624c5b6a72c3a9cb25ccb0e993,0,0,Unknown,,false
9218,0xf44a29b89eb120fa67b8d75232e9b596a65647bb,0,0,Unknown,,false
9219,0xef439eee229ebf52e2ec83f54aa00395e3afd69c,0,0,Unknown,,false
9220,0xd402933a55845af461739870fdb39dcabc53c4ff,0,0,Unknown,,false
9221,0xd31639db18cfc6e6760802af1ee11a49b4012732,0,0,Unknown,,false
9222,0xc642f1a2c180f0ab9f9fdecf3205952cfdf75100,0,0,Unknown,,false
9223,0x9cf71aaae8708ea7675d4a2301e5eff497b1b49d,0,0,Unknown,,false
9224,0x8d56e35f836670e1416f1fe5c9c35e3e31d7e1b3,0,0,Unknown,,false
9225,0x8c83d8996fb6d128c490a1c51b3489164890655c,0,0,Unknown,,false
9226,0x613902e87d335fa49133392a8e9de9079b2a4e9b,0,0,Unknown,,false
9227,0x47bf4e5092f5673565addad2c096cbcd5ef50718,0,0,Unknown,,false
9228,0x40e791ff1046ee6c2f99ba359edc2c57f03b1fc0,0,0,Unknown,,false
9229,0x09d38c07565a90799ecebe13c9aa6bd186c8fbd2,0,0,Unknown,,false
9230,0x3407d4b6f0eb0a8a37f04d585404e537f4674712,0,0,Unknown,,false
9231,0x535d25dc8abf54c0302f03ac3eab937a8c6c0e6e,0,0,Unknown,,false
9232,0xb5123c95cadabfa26e4f748042c08d484029d8eb,0,0,Unknown,,true
9233,0xe8951f75fa1b21613c98737d45a8ba0f92f893fc,0,0,Unknown,,false
9234,0xa9d8d41a85eae0cd6bbbf5877cbe998e05db41c0,0,0,Unknown,,false
9235,0x64abc76d62d24cd36cbe3ceb948c83917716fb3e,0,0,Unknown,,false
9236,0x5a30fd33a22370840fac62d338072adfb05629b7,0,0,Unknown,,false
9237,0x0541f817ce188efc3d4aef56ddaf1740c9ca5520,0,0,Unknown,,false
9238,0xd47ce0107c23919fd8ab5376e209742d301b154c,0,0,Unknown,,false
9239,0x6d586a0c98750031038d22d573950e969f00659e,0,0,Unknown,,false
9240,0x1dffa4c87a4945071fd4fbb20b230420dd99b4d7,0,0,Unknown,,false
9241,0x12fd2b6a491b880ee02a7dc3d4d0b897427ecd40,0,0,Unknown,,false
9242,0x09a737f249115eec6ea505b8a41cc707ee558616,0,0,Unknown,,false
9243,0xb322720c23a918c11afe35e4e4a6b51cb3b87569,0,0,Unknown,,true
9244,0xdc6455556a21b65f7b30a3af16b6a391dd3014e0,0,0,Unknown,,false
9245,0xd34038d3c0f2af1f5f046e31705679fac2ce84e9,0,0,Unknown,,false
9246,0x3ae40b0bdb485fc7d0caadee233c35d58b9d033f,0,0,Unknown,,false
9247,0xd416824e556e6de2abd06709ac303c432c9e77af,0,0,Unknown,,false
9248,0xc871d4a2f234150c54646ffeb9df4a2e51c2918c,0,0,Unknown,,false
9249,0x6501e0efe1e4153393df862c7082cb9f6affb956,0,0,Unknown,,false
9250,0x4049fbc5558589206c667bb7affc06f8e5aca3c6,0,0,Unknown,,false
9251,0x1234567891234567891234567891234567891235,0,0,Unknown,,false
9252,0x00000000000ba9cd9f5175108141a82b6c24d727,0,0,Unknown,,true
9253,0x87ac2d18803b11c97a9fd38bb6d90a14105f237f,0,0,Unknown,,false
9254,0x9c552007619c3eff99ab4bf94e81df10a4f3f840,0,0,Unknown,,false
9255,0xed350d20f70f5bedd3a635f254713ccdf0f5cdf8,0,0,Unknown,,false
9256,0x96eefa2bc858c2a4ad2be6dc1d1939d42bff09fd,0,0,Unknown,,true
9257,0x7154abaa2e8503def6ed5cb56d259df0ad74a344,0,0,Unknown,,true
9258,0x765cf30040e2358ad37e348cd654b8765f77e9a4,0,0,Unknown,,false
9259,0xf24ae1d70dbbfd4b92595be0ab7125b5423c0735,0,0,Unknown,,false
9260,0xc852922b95b6b19850046d42db28ac09a1cfde70,0,0,Unknown,,false
9261,0xb1d98328d99897840a1af1591575058e554783b1,0,0,Unknown,,false
9262,0x2f84398c62417fd7e94fe13578ceed09b861c13f,0,0,Unknown,,false
9263,0xfb7c744da69aef11dfb54f31d9db12a3b086b025,0,0,Unknown,,true
9264,0x45314438f17e33a673323c8ac8855b8a914adae7,0,0,Unknown,,false
9265,0xc4da5cc4652fbe2395acca3780fc7d8df26d5610,0,0,Unknown,,false
9266,0x8629e18cd611d3ccbfbf128f1c91f8fb22199ba9,0,0,Unknown,,false
9267,0xd89ec64208ac404e8802fa843bd1e08f71ab8985,0,0,Unknown,,false
9268,0xf1826a42f81f805dab39345dcfc780a8c3856d29,0,0,Unknown,,false
9269,0x259910d1552cd19d3694d8e3ef5b80a0f82ff713,0,0,Unknown,,false
9270,0xe6cd44eb3cd2908025775112a69242ce67a8b8cf,0,0,Unknown,,false
9271,0x760ea9cae6328be4593bff411502673073194302,0,0,Unknown,,false
9272,0x9a389636bdb4e1af3b3999a1f9adfc54bcceb93c,0,0,Unknown,,false
9273,0x3812f01a37707788ebed168cc660a89d8a5dd6b0,0,0,Unknown,,false
9274,0x37eb7bfdbbaf426611ae162dd3dd0ba45b70099a,0,0,Unknown,,false
9275,0xd6988756cb09773a697be87b1312a9b8d37b7e5a,0,0,Unknown,,false
9276,0x109a5c31479838102bad28375f79ea1e4a5ecd0e,0,0,Unknown,,false
9277,0x1f5556cbcf828996e09f7b59da59e4ab8d57e20f,0,0,Unknown,,false
9278,0x8d22b3b4a4b0a83e66ea80c3db789c8c78ddc987,0,0,Unknown,,false
9279,0x164379f9395b7bd4bafdb2eed491c0b7726ddda5,0,0,Unknown,,false
9280,0xbef1abd99bb08be79951e478b86f23ab3083185b,0,0,Unknown,,false
9281,0x556ad16421de468108cb74e107061b211550c0e4,0,0,Unknown,,false
9282,0xe3a31f69240c47dac494163a23053eb7d99e9225,0,0,Unknown,,true
9283,0x2f246e50635010dfdc20473ab5e8420eb6f2dcbe,0,0,Unknown,,true
9284,0xe89aab725a2b2c0656248dcccc894a04661be55a,0,0,Unknown,,true
9285,0xd4a89a316c603f85d130b2b630b0fe57873fede1,0,0,Unknown,,true
9286,0xd2b37ade14708bf18904047b1e31f8166d39612b,0,0,Unknown,,true
9287,0xc10ee9031f2a0b84766a86b55a8d90f357910fb4,0,0,Unknown,,true
9288,0x8f10b468b06c6fd214b65f87778827f7d113f996,0,0,Unknown,,true
9289,0x85cd07ea01423b1e937929b44e4ad8c40bbb5e71,0,0,Unknown,,true
9290,0x7430b0c47e02f061787ba4abf9fdac28ea6cf50c,0,0,Unknown,,true
9291,0x6e4141d33021b52c91c28608403db4a0ffb50ec6,0,0,Unknown,,true
9292,0x6a000f20005980200259b80c5102003040001068,0,0,Unknown,,true
9293,0x63242a4ea82847b20e506b63b0e2e2eff0cc6cb0,0,0,Unknown,,true
9294,0x3ced11c610556e5292fbc2e75d68c3899098c14c,0,0,Unknown,,true
9295,0x3b0aa7d38bf3c103bf02d1de2e37568cbed3d6e8,0,0,Unknown,,true
9296,0x35893b40d55da910a84194e4a9b0b5ceeb494518,0,0,Unknown,,true
9297,0x2f3efba93d82b86c4ae9abc21745af2f44f76eeb,0,0,Unknown,,true
9298,0x2905d7e4d048d29954f81b02171dd313f457a4a4,0,0,Unknown,,true
9299,0x1111111254eeb25477b68fb85ed929f73a960582,0,0,Unknown,,true
9300,0x0f4a1d7fdf4890be35e71f3e0bbc4a0ec377eca3,0,0,Unknown,,true
